line,city,districts,plan_stores,plan_rows,act_visits,act_stores,cover,purity,wd_match,sameday,phase,qty,n_never,blocks,block_sizes,block_detail,blocks_worked,block_worked_rate,block_exec_median,block_exec_min,block_wd_rate,cold_blocks,east_km,north_km,nn_median_m,workdays,daily_median,daily_avg,wd_visits,day_radius_km,zones_per_day,freq_1,freq_2p,kind,story
000338545,天津市,"北辰区×232, 西青区×3",211,235,233,199,0.91,0.965,0.91,0.889,0.91,0.99,19,6,"[166, 14, 11, 10, 7]","[{'块': '块1', '中心': '39.219,117.140', '计划店': 166, '跑到的计划店': 147, '执行率': 0.886, '计划星期': '周一', '实际主力星期': '周一'}, {'块': '块2', '中心': '39.254,117.354', '计划店': 14, '跑到的计划店': 14, '执行率': 1.0, '计划星期': '周三', '实际主力星期': '周三'}, {'块': '块3', '中心': '39.237,117.037', '计划店': 11, '跑到的计划店': 11, '执行率': 1.0, '计划星期': '周四', '实际主力星期': '周四'}, {'块': '块4', '中心': '39.291,117.322', '计划店': 10, '跑到的计划店': 10, '执行率': 1.0, '计划星期': '周三', '实际主力星期': '周三'}, {'块': '块5', '中心': '39.316,117.216', '计划店': 7, '跑到的计划店': 7, '执行率': 1.0, '计划星期': '周三', '实际主力星期': '周三'}, {'块': '块6', '中心': '39.072,117.194', '计划店': 3, '跑到的计划店': 3, '执行率': 1.0, '计划星期': '周二', '实际主力星期': '周二'}]",6,1.0,1.0,0.886,1.0,,28.4,28.1,122.0,21,11,11.1,"[56, 45, 44, 44, 44, 0, 0]",4.11,1.0,168,31,区块全开·星期照做,"天津市（北辰区×232, 西青区×3）：计划 211 店 / 235 次，分成 6 个区块（最大区块 166 店）。 地盘东西 28.4 × 南北 28.1 km；区块内店距中位 122 m。 节奏：21 个工作日、平均每天 11.1 家店、一天 1.0 个区块、当天作业半径中位 4.11 km；出勤 周一56/周二45/周三44/周四44/周五44；周六、周日 没跑。 ① 区块开工：6 块里他开工了 6 块；② 区块内执行率中位 100%（最弱一块 89%）；③ 区块星期一致 100%。 参考：覆盖 91%、同日 89%、相位 91%、量比 0.99。 结论：**计划怎么划他就怎么做**——区块全开工、区块内做全、星期按计划。"
000339039,汕头市,"龙湖区×154, 金平区×99",230,253,272,238,0.961,0.929,0.957,0.96,0.957,1.08,9,2,"[229, 1]","[{'块': '块1', '中心': '23.370,116.719', '计划店': 229, '跑到的计划店': 220, '执行率': 0.961, '计划星期': '周一', '实际主力星期': '周一'}, {'块': '块2', '中心': '23.408,116.644', '计划店': 1, '跑到的计划店': 1, '执行率': 1.0, '计划星期': '周三', '实际主力星期': '周三'}]",2,1.0,0.98,0.961,1.0,,11.3,6.7,74.0,22,12,12.4,"[68, 49, 52, 53, 49, 1, 0]",1.51,1.0,209,29,区块全开·星期照做,"汕头市（龙湖区×154, 金平区×99）：计划 230 店 / 253 次，分成 2 个区块（最大区块 229 店）。 地盘东西 11.3 × 南北 6.7 km；区块内店距中位 74 m。 节奏：22 个工作日、平均每天 12.4 家店、一天 1.0 个区块、当天作业半径中位 1.51 km；出勤 周一68/周二49/周三52/周四53/周五49/周六1；周日 没跑。 ① 区块开工：2 块里他开工了 2 块；② 区块内执行率中位 98%（最弱一块 96%）；③ 区块星期一致 100%。 参考：覆盖 96%、同日 96%、相位 96%、量比 1.08。 结论：**计划怎么划他就怎么做**——区块全开工、区块内做全、星期按计划。"
000340007,广州市,黄埔区×261,234,261,257,228,0.949,0.974,0.949,0.943,0.949,0.98,12,6,"[148, 37, 34, 11, 3]","[{'块': '块1', '中心': '23.183,113.476', '计划店': 148, '跑到的计划店': 142, '执行率': 0.959, '计划星期': '周五', '实际主力星期': '周二'}, {'块': '块2', '中心': '23.345,113.532', '计划店': 37, '跑到的计划店': 35, '执行率': 0.946, '计划星期': '周三', '实际主力星期': '周三'}, {'块': '块3', '中心': '23.205,113.549', '计划店': 34, '跑到的计划店': 33, '执行率': 0.971, '计划星期': '周一', '实际主力星期': '周一'}, {'块': '块4', '中心': '23.248,113.590', '计划店': 11, '跑到的计划店': 11, '执行率': 1.0, '计划星期': '周一', '实际主力星期': '周一'}, {'块': '块5', '中心': '23.260,113.556', '计划店': 3, '跑到的计划店': 1, '执行率': 0.333, '计划星期': '周四', '实际主力星期': '周四'}, {'块': '块6', '中心': '23.343,113.499', '计划店': 1, '跑到的计划店': 0, '执行率': 0.0, '计划星期': '周三', '实际主力星期': '未开工'}]",5,0.833,0.953,0.0,1.0,区块×3店 仅执行 33%,18.0,28.6,67.0,21,12,12.2,"[60, 55, 44, 50, 48, 0, 0]",3.85,1.0,200,28,区块缺了没开,广州市（黄埔区×261）：计划 234 店 / 261 次，分成 6 个区块（最大区块 148 店）。 地盘东西 18.0 × 南北 28.6 km；区块内店距中位 67 m。 节奏：21 个工作日、平均每天 12.2 家店、一天 1.0 个区块、当天作业半径中位 3.85 km；出勤 周一60/周二55/周三44/周四50/周五48；周六、周日 没跑。 ① 区块开工：6 块里他开工了 5 块；② 区块内执行率中位 95%（最弱一块 0%）；③ 区块星期一致 100%。 参考：覆盖 95%、同日 94%、相位 95%、量比 0.98。 结论：**有 1 个区块整块没开工**，但他开的那几块做得很好（执行率与星期都守）——先问为什么不去那几块。 最冷的区块（计划内执行率最低）：区块×3店 仅执行 33%。
000340101,佛山市,顺德区×183,179,183,206,198,0.888,0.803,0.888,0.885,0.883,1.13,20,1,[179],"[{'块': '块1', '中心': '22.892,113.207', '计划店': 179, '跑到的计划店': 159, '执行率': 0.888, '计划星期': '周三', '实际主力星期': '周五'}]",1,1.0,0.888,0.888,1.0,,15.2,17.2,181.0,19,9,10.8,"[41, 33, 45, 41, 46, 0, 0]",1.74,1.0,190,8,区块全开·星期照做,佛山市（顺德区×183）：计划 179 店 / 183 次，分成 1 个区块（最大区块 179 店）。 地盘东西 15.2 × 南北 17.2 km；区块内店距中位 181 m。 节奏：19 个工作日、平均每天 10.8 家店、一天 1.0 个区块、当天作业半径中位 1.74 km；出勤 周一41/周二33/周三45/周四41/周五46；周六、周日 没跑。 ① 区块开工：1 块里他开工了 1 块；② 区块内执行率中位 89%（最弱一块 89%）；③ 区块星期一致 100%。 参考：覆盖 89%、同日 88%、相位 88%、量比 1.13。 结论：**计划怎么划他就怎么做**——区块全开工、区块内做全、星期按计划。
000340501,郑州市,"金水区×207, 惠济区×105",258,312,259,216,0.733,0.875,0.717,0.692,0.733,0.83,69,1,[258],"[{'块': '块1', '中心': '34.827,113.650', '计划店': 258, '跑到的计划店': 189, '执行率': 0.733, '计划星期': '周一', '实际主力星期': '周五'}]",1,1.0,0.733,0.733,1.0,,14.9,14.3,119.0,18,12,14.4,"[58, 39, 39, 59, 64, 0, 0]",3.32,1.0,177,39,区块全开·区块内欠访,"郑州市（金水区×207, 惠济区×105）：计划 258 店 / 312 次，分成 1 个区块（最大区块 258 店）。 地盘东西 14.9 × 南北 14.3 km；区块内店距中位 119 m。 节奏：18 个工作日、平均每天 14.4 家店、一天 1.0 个区块、当天作业半径中位 3.32 km；出勤 周一58/周二39/周三39/周四59/周五64；周六、周日 没跑。 ① 区块开工：1 块里他开工了 1 块；② 区块内执行率中位 73%（最弱一块 73%）；③ 区块星期一致 100%。 参考：覆盖 73%、同日 69%、相位 73%、量比 0.83。 结论：区块都开了、星期也守，但**区块内没做全**（存在欠访）。"
000340591,深圳市,"罗湖区×126, 盐田区×50",153,176,264,221,1.0,0.692,1.0,1.0,1.0,1.5,0,3,"[108, 25, 20]","[{'块': '块1', '中心': '22.568,114.143', '计划店': 108, '跑到的计划店': 108, '执行率': 1.0, '计划星期': '周一', '实际主力星期': '周一'}, {'块': '块2', '中心': '22.551,114.233', '计划店': 25, '跑到的计划店': 25, '执行率': 1.0, '计划星期': '周四', '实际主力星期': '周四'}, {'块': '块3', '中心': '22.590,114.289', '计划店': 20, '跑到的计划店': 20, '执行率': 1.0, '计划星期': '周四', '实际主力星期': '周四'}]",3,1.0,1.0,1.0,1.0,,19.5,7.0,55.0,18,12,14.7,"[56, 42, 41, 41, 42, 28, 14]",2.29,1.0,182,39,区块全开·星期照做,"深圳市（罗湖区×126, 盐田区×50）：计划 153 店 / 176 次，分成 3 个区块（最大区块 108 店）。 地盘东西 19.5 × 南北 7.0 km；区块内店距中位 55 m。 节奏：18 个工作日、平均每天 14.7 家店、一天 1.0 个区块、当天作业半径中位 2.29 km；出勤 周一56/周二42/周三41/周四41/周五42/周六28/周日14。 ① 区块开工：3 块里他开工了 3 块；② 区块内执行率中位 100%（最弱一块 100%）；③ 区块星期一致 100%。 参考：覆盖 100%、同日 100%、相位 100%、量比 1.5。 结论：**计划怎么划他就怎么做**——区块全开工、区块内做全、星期按计划。"
000341803,惠州市,惠城区×121,107,121,229,215,0.85,0.423,0.8,0.81,0.85,1.89,16,1,[107],"[{'块': '块1', '中心': '23.120,114.437', '计划店': 107, '跑到的计划店': 91, '执行率': 0.85, '计划星期': '周四', '实际主力星期': '周四'}]",1,1.0,0.85,0.85,1.0,,7.4,14.8,112.0,15,9,15.3,"[69, 42, 46, 38, 34, 0, 0]",1.18,1.0,201,14,区块全开·星期照做,惠州市（惠城区×121）：计划 107 店 / 121 次，分成 1 个区块（最大区块 107 店）。 地盘东西 7.4 × 南北 14.8 km；区块内店距中位 112 m。 节奏：15 个工作日、平均每天 15.3 家店、一天 1.0 个区块、当天作业半径中位 1.18 km；出勤 周一69/周二42/周三46/周四38/周五34；周六、周日 没跑。 ① 区块开工：1 块里他开工了 1 块；② 区块内执行率中位 85%（最弱一块 85%）；③ 区块星期一致 100%。 参考：覆盖 85%、同日 81%、相位 85%、量比 1.89。 结论：**计划怎么划他就怎么做**——区块全开工、区块内做全、星期按计划。
000341860,郑州市,"中原区×131, 二七区×128",212,260,222,184,0.854,0.984,0.774,0.727,0.797,0.85,31,2,"[211, 1]","[{'块': '块1', '中心': '34.737,113.621', '计划店': 211, '跑到的计划店': 180, '执行率': 0.853, '计划星期': '周一', '实际主力星期': '周一'}, {'块': '块2', '中心': '34.809,113.581', '计划店': 1, '跑到的计划店': 1, '执行率': 1.0, '计划星期': '周一', '实际主力星期': '周一'}]",2,1.0,0.927,0.853,1.0,,14.9,11.4,104.0,19,12,11.7,"[74, 36, 36, 28, 30, 0, 18]",1.62,1.0,147,37,区块全开·星期照做,"郑州市（中原区×131, 二七区×128）：计划 212 店 / 260 次，分成 2 个区块（最大区块 211 店）。 地盘东西 14.9 × 南北 11.4 km；区块内店距中位 104 m。 节奏：19 个工作日、平均每天 11.7 家店、一天 1.0 个区块、当天作业半径中位 1.62 km；出勤 周一74/周二36/周三36/周四28/周五30/周日18；周六 没跑。 ① 区块开工：2 块里他开工了 2 块；② 区块内执行率中位 93%（最弱一块 85%）；③ 区块星期一致 100%。 参考：覆盖 85%、同日 73%、相位 80%、量比 0.85。 结论：**计划怎么划他就怎么做**——区块全开工、区块内做全、星期按计划。"
000343720,重庆市,"大足区×31, 荣昌区×13",44,44,219,205,1.0,0.215,1.0,1.0,1.0,4.98,0,3,"[19, 13, 12]","[{'块': '块1', '中心': '29.695,105.731', '计划店': 19, '跑到的计划店': 19, '执行率': 1.0, '计划星期': '周三', '实际主力星期': '周三'}, {'块': '块2', '中心': '29.406,105.596', '计划店': 13, '跑到的计划店': 13, '执行率': 1.0, '计划星期': '周二', '实际主力星期': '周二'}, {'块': '块3', '中心': '29.488,105.773', '计划店': 12, '跑到的计划店': 12, '执行率': 1.0, '计划星期': '周五', '实际主力星期': '周五'}]",3,1.0,1.0,1.0,1.0,,18.4,34.0,115.0,8,5,27.4,"[38, 44, 46, 50, 41, 0, 0]",0.7,1.0,191,14,区块全开·星期照做,"重庆市（大足区×31, 荣昌区×13）：计划 44 店 / 44 次，分成 3 个区块（最大区块 19 店）。 地盘东西 18.4 × 南北 34.0 km；区块内店距中位 115 m。 节奏：8 个工作日、平均每天 27.4 家店、一天 1.0 个区块、当天作业半径中位 0.7 km；出勤 周一38/周二44/周三46/周四50/周五41；周六、周日 没跑。 ① 区块开工：3 块里他开工了 3 块；② 区块内执行率中位 100%（最弱一块 100%）；③ 区块星期一致 100%。 参考：覆盖 100%、同日 100%、相位 100%、量比 4.98。 结论：**计划怎么划他就怎么做**——区块全开工、区块内做全、星期按计划。"
000343775,扬州市,"邗江区×150, 仪征市×21",168,171,192,184,0.833,0.761,0.829,0.825,0.827,1.12,28,5,"[134, 20, 11, 2, 1]","[{'块': '块1', '中心': '32.396,119.403', '计划店': 134, '跑到的计划店': 115, '执行率': 0.858, '计划星期': '周一', '实际主力星期': '周一'}, {'块': '块2', '中心': '32.278,119.176', '计划店': 20, '跑到的计划店': 12, '执行率': 0.6, '计划星期': '周三', '实际主力星期': '周三'}, {'块': '块3', '中心': '32.339,119.384', '计划店': 11, '跑到的计划店': 11, '执行率': 1.0, '计划星期': '周四', '实际主力星期': '周四'}, {'块': '块4', '中心': '32.414,119.335', '计划店': 2, '跑到的计划店': 2, '执行率': 1.0, '计划星期': '周二', '实际主力星期': '周二'}, {'块': '块5', '中心': '32.325,119.299', '计划店': 1, '跑到的计划店': 0, '执行率': 0.0, '计划星期': '周四', '实际主力星期': '未开工'}]",4,0.8,0.858,0.0,1.0,,30.6,19.0,156.0,16,12,12.0,"[39, 41, 36, 38, 38, 0, 0]",1.21,1.0,176,8,区块缺了没开,"扬州市（邗江区×150, 仪征市×21）：计划 168 店 / 171 次，分成 5 个区块（最大区块 134 店）。 地盘东西 30.6 × 南北 19.0 km；区块内店距中位 156 m。 节奏：16 个工作日、平均每天 12.0 家店、一天 1.0 个区块、当天作业半径中位 1.21 km；出勤 周一39/周二41/周三36/周四38/周五38；周六、周日 没跑。 ① 区块开工：5 块里他开工了 4 块；② 区块内执行率中位 86%（最弱一块 0%）；③ 区块星期一致 100%。 参考：覆盖 83%、同日 82%、相位 83%、量比 1.12。 结论：**有 1 个区块整块没开工**，但他开的那几块做得很好（执行率与星期都守）——先问为什么不去那几块。"
000412000,北京市,"门头沟区×83, 丰台区×79",205,244,171,166,0.576,0.711,0.488,0.393,0.512,0.7,87,5,"[81, 61, 54, 6, 3]","[{'块': '块1', '中心': '39.931,116.109', '计划店': 81, '跑到的计划店': 42, '执行率': 0.519, '计划星期': '周三', '实际主力星期': '周三'}, {'块': '块2', '中心': '39.822,116.177', '计划店': 61, '跑到的计划店': 31, '执行率': 0.508, '计划星期': '周一', '实际主力星期': '周一'}, {'块': '块3', '中心': '39.926,116.190', '计划店': 54, '跑到的计划店': 37, '执行率': 0.685, '计划星期': '周二', '实际主力星期': '周二'}, {'块': '块4', '中心': '39.981,116.230', '计划店': 6, '跑到的计划店': 5, '执行率': 0.833, '计划星期': '周二', '实际主力星期': '周二'}, {'块': '块5', '中心': '40.042,116.256', '计划店': 3, '跑到的计划店': 3, '执行率': 1.0, '计划星期': '周二', '实际主力星期': '周二'}]",5,1.0,0.685,0.508,1.0,区块×61店 仅执行 51%; 区块×81店 仅执行 52%,15.0,29.7,87.0,18,7,9.5,"[46, 40, 34, 21, 30, 0, 0]",3.14,1.5,161,5,区块全开·区块内欠访,"北京市（门头沟区×83, 丰台区×79）：计划 205 店 / 244 次，分成 5 个区块（最大区块 81 店）。 地盘东西 15.0 × 南北 29.7 km；区块内店距中位 87 m。 节奏：18 个工作日、平均每天 9.5 家店、一天 1.5 个区块、当天作业半径中位 3.14 km；出勤 周一46/周二40/周三34/周四21/周五30；周六、周日 没跑。 ① 区块开工：5 块里他开工了 5 块；② 区块内执行率中位 68%（最弱一块 51%）；③ 区块星期一致 100%。 参考：覆盖 58%、同日 39%、相位 51%、量比 0.7。 结论：区块都开了、星期也守，但**区块内没做全**（存在欠访）。 最冷的区块（计划内执行率最低）：区块×61店 仅执行 51%; 区块×81店 仅执行 52%。"
000423268,大连市,"甘井子区×95, 金州区×6",109,112,265,218,0.972,0.486,0.927,0.92,0.954,2.37,3,2,"[108, 1]","[{'块': '块1', '中心': '38.990,121.593', '计划店': 108, '跑到的计划店': 105, '执行率': 0.972, '计划星期': '周一', '实际主力星期': '周一'}, {'块': '块2', '中心': '39.700,122.977', '计划店': 1, '跑到的计划店': 1, '执行率': 1.0, '计划星期': '周一', '实际主力星期': '周一'}]",2,1.0,0.986,0.972,1.0,,125.2,86.4,107.0,18,9,14.7,"[65, 54, 52, 43, 51, 0, 0]",3.89,1.0,179,39,区块全开·星期照做,"大连市（甘井子区×95, 金州区×6）：计划 109 店 / 112 次，分成 2 个区块（最大区块 108 店）。 地盘东西 125.2 × 南北 86.4 km；区块内店距中位 107 m。 节奏：18 个工作日、平均每天 14.7 家店、一天 1.0 个区块、当天作业半径中位 3.89 km；出勤 周一65/周二54/周三52/周四43/周五51；周六、周日 没跑。 ① 区块开工：2 块里他开工了 2 块；② 区块内执行率中位 99%（最弱一块 97%）；③ 区块星期一致 100%。 参考：覆盖 97%、同日 92%、相位 95%、量比 2.37。 结论：**计划怎么划他就怎么做**——区块全开工、区块内做全、星期按计划。"
000425319,深圳市,"龙岗区×173, 罗湖区×1",152,174,244,207,0.954,0.7,0.954,0.96,0.954,1.4,7,1,[152],"[{'块': '块1', '中心': '22.627,114.170', '计划店': 152, '跑到的计划店': 145, '执行率': 0.954, '计划星期': '周一', '实际主力星期': '周一'}]",1,1.0,0.954,0.954,1.0,,15.2,7.5,96.0,15,12,16.3,"[62, 47, 42, 48, 45, 0, 0]",1.86,1.0,170,37,区块全开·星期照做,"深圳市（龙岗区×173, 罗湖区×1）：计划 152 店 / 174 次，分成 1 个区块（最大区块 152 店）。 地盘东西 15.2 × 南北 7.5 km；区块内店距中位 96 m。 节奏：15 个工作日、平均每天 16.3 家店、一天 1.0 个区块、当天作业半径中位 1.86 km；出勤 周一62/周二47/周三42/周四48/周五45；周六、周日 没跑。 ① 区块开工：1 块里他开工了 1 块；② 区块内执行率中位 95%（最弱一块 95%）；③ 区块星期一致 100%。 参考：覆盖 95%、同日 96%、相位 95%、量比 1.4。 结论：**计划怎么划他就怎么做**——区块全开工、区块内做全、星期按计划。"
000444100,北京市,"顺义区×220, 平谷区×11",210,231,169,158,0.581,0.772,0.429,0.377,0.51,0.73,88,18,"[132, 12, 11, 9, 9]","[{'块': '块1', '中心': '40.130,116.664', '计划店': 132, '跑到的计划店': 74, '执行率': 0.561, '计划星期': '周一', '实际主力星期': '周一'}, {'块': '块2', '中心': '40.217,116.650', '计划店': 12, '跑到的计划店': 12, '执行率': 1.0, '计划星期': '周三', '实际主力星期': '周三'}, {'块': '块3', '中心': '40.152,117.126', '计划店': 11, '跑到的计划店': 1, '执行率': 0.091, '计划星期': '周二', '实际主力星期': '周四'}, {'块': '块4', '中心': '40.049,116.726', '计划店': 9, '跑到的计划店': 4, '执行率': 0.444, '计划星期': '周二', '实际主力星期': '周二'}, {'块': '块5', '中心': '40.158,116.830', '计划店': 9, '跑到的计划店': 6, '执行率': 0.667, '计划星期': '周二', '实际主力星期': '周二'}, {'块': '块6', '中心': '40.168,116.502', '计划店': 9, '跑到的计划店': 6, '执行率': 0.667, '计划星期': '周四', '实际主力星期': '周二'}, {'块': '块7', '中心': '40.063,116.823', '计划店': 5, '跑到的计划店': 4, '执行率': 0.8, '计划星期': '周二', '实际主力星期': '周二'}, {'块': '块8', '中心': '40.210,116.564', '计划店': 5, '跑到的计划店': 2, '执行率': 0.4, '计划星期': '周三', '实际主力星期': '周三'}, {'块': '块9', '中心': '40.244,116.800', '计划店': 4, '跑到的计划店': 4, '执行率': 1.0, '计划星期': '周五', '实际主力星期': '周五'}, {'块': '块10', '中心': '40.210,116.520', '计划店': 4, '跑到的计划店': 3, '执行率': 0.75, '计划星期': '周四', '实际主力星期': '周五'}, {'块': '块11', '中心': '40.088,116.922', '计划店': 3, '跑到的计划店': 3, '执行率': 1.0, '计划星期': '周二', '实际主力星期': '周二'}, {'块': '块12', '中心': '40.101,116.760', '计划店': 1, '跑到的计划店': 0, '执行率': 0.0, '计划星期': '周二', '实际主力星期': '未开工'}, {'块': '块13', '中心': '40.170,116.699', '计划店': 1, '跑到的计划店': 1, '执行率': 1.0, '计划星期': '周五', '实际主力星期': '周五'}, {'块': '块14', '中心': '40.153,116.882', '计划店': 1, '跑到的计划店': 1, '执行率': 1.0, '计划星期': '周二', '实际主力星期': '周二'}, {'块': '块15', '中心': '40.129,116.823', '计划店': 1, '跑到的计划店': 0, '执行率': 0.0, '计划星期': '周二', '实际主力星期': '未开工'}, {'块': '块16', '中心': '40.197,116.726', '计划店': 1, '跑到的计划店': 1, '执行率': 1.0, '计划星期': '周五', '实际主力星期': '周五'}, {'块': '块17', '中心': '40.147,116.560', '计划店': 1, '跑到的计划店': 0, '执行率': 0.0, '计划星期': '周四', '实际主力星期': '未开工'}, {'块': '块18', '中心': '40.151,116.943', '计划店': 1, '跑到的计划店': 0, '执行率': 0.0, '计划星期': '周二', '实际主力星期': '未开工'}]",14,0.778,0.667,0.0,0.929,区块×11店 仅执行 9%; 区块×5店 仅执行 40%; 区块×9店 仅执行 44%,53.8,22.8,77.0,18,6,9.4,"[31, 54, 23, 28, 33, 0, 0]",7.35,2.0,147,11,区块缺了没开,"北京市（顺义区×220, 平谷区×11）：计划 210 店 / 231 次，分成 18 个区块（最大区块 132 店）。 地盘东西 53.8 × 南北 22.8 km；区块内店距中位 77 m。 节奏：18 个工作日、平均每天 9.4 家店、一天 2.0 个区块、当天作业半径中位 7.35 km；出勤 周一31/周二54/周三23/周四28/周五33；周六、周日 没跑。 ① 区块开工：18 块里他开工了 14 块；② 区块内执行率中位 67%（最弱一块 0%）；③ 区块星期一致 93%。 参考：覆盖 58%、同日 38%、相位 51%、量比 0.73。 结论：**有 4 个区块整块没开工**，但他开的那几块做得很好（执行率与星期都守）——先问为什么不去那几块。 最冷的区块（计划内执行率最低）：区块×11店 仅执行 9%; 区块×5店 仅执行 40%; 区块×9店 仅执行 44%。"
000448996,合肥市,"包河区×60, 蜀山区×14",63,74,199,178,1.0,0.354,1.0,0.959,1.0,2.69,0,2,"[55, 8]","[{'块': '块1', '中心': '31.814,117.264', '计划店': 55, '跑到的计划店': 55, '执行率': 1.0, '计划星期': '周一', '实际主力星期': '周五'}, {'块': '块2', '中心': '31.712,117.246', '计划店': 8, '跑到的计划店': 8, '执行率': 1.0, '计划星期': '周四', '实际主力星期': '周四'}]",2,1.0,1.0,1.0,1.0,,3.5,13.2,89.0,19,4,10.5,"[32, 32, 42, 34, 59, 0, 0]",0.51,1.0,158,20,区块全开·星期照做,"合肥市（包河区×60, 蜀山区×14）：计划 63 店 / 74 次，分成 2 个区块（最大区块 55 店）。 地盘东西 3.5 × 南北 13.2 km；区块内店距中位 89 m。 节奏：19 个工作日、平均每天 10.5 家店、一天 1.0 个区块、当天作业半径中位 0.51 km；出勤 周一32/周二32/周三42/周四34/周五59；周六、周日 没跑。 ① 区块开工：2 块里他开工了 2 块；② 区块内执行率中位 100%（最弱一块 100%）；③ 区块星期一致 100%。 参考：覆盖 100%、同日 96%、相位 100%、量比 2.69。 结论：**计划怎么划他就怎么做**——区块全开工、区块内做全、星期按计划。"
000474825,广州市,番禺区×248,220,248,281,248,0.895,0.794,0.895,0.903,0.891,1.13,23,1,[220],"[{'块': '块1', '中心': '23.028,113.359', '计划店': 220, '跑到的计划店': 197, '执行率': 0.895, '计划星期': '周一', '实际主力星期': '周一'}]",1,1.0,0.895,0.895,1.0,,21.1,8.0,71.0,22,11,12.8,"[68, 49, 48, 50, 50, 16, 0]",2.43,1.0,216,32,区块全开·星期照做,广州市（番禺区×248）：计划 220 店 / 248 次，分成 1 个区块（最大区块 220 店）。 地盘东西 21.1 × 南北 8.0 km；区块内店距中位 71 m。 节奏：22 个工作日、平均每天 12.8 家店、一天 1.0 个区块、当天作业半径中位 2.43 km；出勤 周一68/周二49/周三48/周四50/周五50/周六16；周日 没跑。 ① 区块开工：1 块里他开工了 1 块；② 区块内执行率中位 90%（最弱一块 90%）；③ 区块星期一致 100%。 参考：覆盖 90%、同日 90%、相位 89%、量比 1.13。 结论：**计划怎么划他就怎么做**——区块全开工、区块内做全、星期按计划。
000478015,哈尔滨市,"南岗区×118, 阿城区×77",219,228,192,189,0.461,0.534,0.247,0.14,0.292,0.84,118,4,"[147, 70, 1, 1]","[{'块': '块1', '中心': '45.710,126.592', '计划店': 147, '跑到的计划店': 69, '执行率': 0.469, '计划星期': '周一', '实际主力星期': '周三'}, {'块': '块2', '中心': '45.539,126.973', '计划店': 70, '跑到的计划店': 30, '执行率': 0.429, '计划星期': '周四', '实际主力星期': '周四'}, {'块': '块3', '中心': '45.401,127.450', '计划店': 1, '跑到的计划店': 1, '执行率': 1.0, '计划星期': '周四', '实际主力星期': '周四'}, {'块': '块4', '中心': '45.775,126.662', '计划店': 1, '跑到的计划店': 1, '执行率': 1.0, '计划星期': '周一', '实际主力星期': '周二'}]",4,1.0,0.735,0.429,0.75,区块×70店 仅执行 43%; 区块×147店 仅执行 47%,70.5,41.5,62.0,18,5,10.7,"[43, 39, 39, 51, 20, 0, 0]",1.81,1.0,186,3,区块全开·店和星期都有欠,"哈尔滨市（南岗区×118, 阿城区×77）：计划 219 店 / 228 次，分成 4 个区块（最大区块 147 店）。 地盘东西 70.5 × 南北 41.5 km；区块内店距中位 62 m。 节奏：18 个工作日、平均每天 10.7 家店、一天 1.0 个区块、当天作业半径中位 1.81 km；出勤 周一43/周二39/周三39/周四51/周五20；周六、周日 没跑。 ① 区块开工：4 块里他开工了 4 块；② 区块内执行率中位 74%（最弱一块 43%）；③ 区块星期一致 75%。 参考：覆盖 46%、同日 14%、相位 29%、量比 0.84。 结论：区块开了，但店没做全、星期也没守——属于执行力不足，要具体看到底缺在哪块。 最冷的区块（计划内执行率最低）：区块×70店 仅执行 43%; 区块×147店 仅执行 47%。"
000479151,中山市,中山市×236,214,236,262,237,0.995,0.899,0.995,0.996,0.995,1.11,1,1,[214],"[{'块': '块1', '中心': '22.644,113.254', '计划店': 214, '跑到的计划店': 213, '执行率': 0.995, '计划星期': '周一', '实际主力星期': '周一'}]",1,1.0,0.995,0.995,1.0,,12.9,13.9,138.0,21,12,12.5,"[64, 50, 49, 48, 49, 2, 0]",1.93,1.0,212,25,区块全开·星期照做,中山市（中山市×236）：计划 214 店 / 236 次，分成 1 个区块（最大区块 214 店）。 地盘东西 12.9 × 南北 13.9 km；区块内店距中位 138 m。 节奏：21 个工作日、平均每天 12.5 家店、一天 1.0 个区块、当天作业半径中位 1.93 km；出勤 周一64/周二50/周三49/周四48/周五49/周六2；周日 没跑。 ① 区块开工：1 块里他开工了 1 块；② 区块内执行率中位 100%（最弱一块 100%）；③ 区块星期一致 100%。 参考：覆盖 100%、同日 100%、相位 100%、量比 1.11。 结论：**计划怎么划他就怎么做**——区块全开工、区块内做全、星期按计划。
000495972,石家庄市,"裕华区×161, 桥西区×35",229,245,171,171,0.629,0.842,0.489,0.433,0.546,0.7,85,2,"[228, 1]","[{'块': '块1', '中心': '38.033,114.561', '计划店': 228, '跑到的计划店': 143, '执行率': 0.627, '计划星期': '周一', '实际主力星期': '周一'}, {'块': '块2', '中心': '37.967,114.535', '计划店': 1, '跑到的计划店': 1, '执行率': 1.0, '计划星期': '周三', '实际主力星期': '周三'}]",2,1.0,0.814,0.627,1.0,,21.5,16.6,173.0,17,10,10.1,"[53, 32, 41, 28, 17, 0, 0]",3.08,1.0,171,0,区块全开·区块内欠访,"石家庄市（裕华区×161, 桥西区×35）：计划 229 店 / 245 次，分成 2 个区块（最大区块 228 店）。 地盘东西 21.5 × 南北 16.6 km；区块内店距中位 173 m。 节奏：17 个工作日、平均每天 10.1 家店、一天 1.0 个区块、当天作业半径中位 3.08 km；出勤 周一53/周二32/周三41/周四28/周五17；周六、周日 没跑。 ① 区块开工：2 块里他开工了 2 块；② 区块内执行率中位 81%（最弱一块 63%）；③ 区块星期一致 100%。 参考：覆盖 63%、同日 43%、相位 55%、量比 0.7。 结论：区块都开了、星期也守，但**区块内没做全**（存在欠访）。"
000504766,济南市,"历城区×163, 历下区×51",255,285,208,187,0.478,0.652,0.271,0.218,0.373,0.73,133,15,"[168, 31, 13, 10, 10]","[{'块': '块1', '中心': '36.701,117.098', '计划店': 168, '跑到的计划店': 94, '执行率': 0.56, '计划星期': '周一', '实际主力星期': '周日'}, {'块': '块2', '中心': '36.974,117.183', '计划店': 31, '跑到的计划店': 8, '执行率': 0.258, '计划星期': '周四', '实际主力星期': '周二'}, {'块': '块3', '中心': '36.818,117.207', '计划店': 13, '跑到的计划店': 3, '执行率': 0.231, '计划星期': '周二', '实际主力星期': '周三'}, {'块': '块4', '中心': '36.687,117.302', '计划店': 10, '跑到的计划店': 8, '执行率': 0.8, '计划星期': '周二', '实际主力星期': '周二'}, {'块': '块5', '中心': '36.622,116.962', '计划店': 10, '跑到的计划店': 1, '执行率': 0.1, '计划星期': '周三', '实际主力星期': '周日'}, {'块': '块6', '中心': '36.838,117.104', '计划店': 9, '跑到的计划店': 1, '执行率': 0.111, '计划星期': '周四', '实际主力星期': '周二'}, {'块': '块7', '中心': '37.097,117.276', '计划店': 3, '跑到的计划店': 1, '执行率': 0.333, '计划星期': '周二', '实际主力星期': '周二'}, {'块': '块8', '中心': '36.727,117.239', '计划店': 3, '跑到的计划店': 2, '执行率': 0.667, '计划星期': '周二', '实际主力星期': '周五'}, {'块': '块9', '中心': '36.600,117.011', '计划店': 2, '跑到的计划店': 2, '执行率': 1.0, '计划星期': '周三', '实际主力星期': '周日'}, {'块': '块10', '中心': '36.621,117.115', '计划店': 1, '跑到的计划店': 1, '执行率': 1.0, '计划星期': '周五', '实际主力星期': '周日'}, {'块': '块11', '中心': '36.644,117.276', '计划店': 1, '跑到的计划店': 1, '执行率': 1.0, '计划星期': '周二', '实际主力星期': '周二'}, {'块': '块12', '中心': '36.927,117.125', '计划店': 1, '跑到的计划店': 0, '执行率': 0.0, '计划星期': '周四', '实际主力星期': '未开工'}, {'块': '块13', '中心': '36.912,117.210', '计划店': 1, '跑到的计划店': 0, '执行率': 0.0, '计划星期': '周二', '实际主力星期': '未开工'}, {'块': '块14', '中心': '36.938,117.163', '计划店': 1, '跑到的计划店': 0, '执行率': 0.0, '计划星期': '周四', '实际主力星期': '未开工'}, {'块': '块15', '中心': '37.016,117.166', '计划店': 1, '跑到的计划店': 0, '执行率': 0.0, '计划星期': '周四', '实际主力星期': '未开工'}]",11,0.733,0.258,0.0,0.636,区块×10店 仅执行 10%; 区块×9店 仅执行 11%; 区块×13店 仅执行 23%,31.7,56.1,210.0,10,12,20.8,"[33, 34, 24, 0, 30, 0, 87]",18.13,3.0,167,20,区块缺了没开,"济南市（历城区×163, 历下区×51）：计划 255 店 / 285 次，分成 15 个区块（最大区块 168 店）。 地盘东西 31.7 × 南北 56.1 km；区块内店距中位 210 m。 节奏：10 个工作日、平均每天 20.8 家店、一天 3.0 个区块、当天作业半径中位 18.13 km；出勤 周一33/周二34/周三24/周五30/周日87；周四、周六 没跑。 ① 区块开工：15 块里他开工了 11 块；② 区块内执行率中位 26%（最弱一块 0%）；③ 区块星期一致 64%。 参考：覆盖 48%、同日 22%、相位 37%、量比 0.73。 结论：**有 4 个区块整块没开工**，但他开的那几块做得很好（执行率与星期都守）——先问为什么不去那几块。 最冷的区块（计划内执行率最低）：区块×10店 仅执行 10%; 区块×9店 仅执行 11%; 区块×13店 仅执行 23%。"
000532987,泉州市,"鲤城区×104, 丰泽区×89",178,193,230,195,0.978,0.892,0.978,0.979,0.978,1.19,4,1,[178],"[{'块': '块1', '中心': '24.903,118.605', '计划店': 178, '跑到的计划店': 174, '执行率': 0.978, '计划星期': '周一', '实际主力星期': '周一'}]",1,1.0,0.978,0.978,1.0,,14.3,9.5,64.0,19,11,12.1,"[60, 48, 48, 36, 38, 0, 0]",5.19,1.0,161,34,区块全开·星期照做,"泉州市（鲤城区×104, 丰泽区×89）：计划 178 店 / 193 次，分成 1 个区块（最大区块 178 店）。 地盘东西 14.3 × 南北 9.5 km；区块内店距中位 64 m。 节奏：19 个工作日、平均每天 12.1 家店、一天 1.0 个区块、当天作业半径中位 5.19 km；出勤 周一60/周二48/周三48/周四36/周五38；周六、周日 没跑。 ① 区块开工：1 块里他开工了 1 块；② 区块内执行率中位 98%（最弱一块 98%）；③ 区块星期一致 100%。 参考：覆盖 98%、同日 98%、相位 98%、量比 1.19。 结论：**计划怎么划他就怎么做**——区块全开工、区块内做全、星期按计划。"
000544784,北京市,"海淀区×237, 朝阳区×9",221,256,248,231,0.561,0.537,0.416,0.301,0.462,0.97,97,6,"[216, 1, 1, 1, 1]","[{'块': '块1', '中心': '39.978,116.333', '计划店': 216, '跑到的计划店': 121, '执行率': 0.56, '计划星期': '周一', '实际主力星期': '周一'}, {'块': '块2', '中心': '39.905,116.343', '计划店': 1, '跑到的计划店': 0, '执行率': 0.0, '计划星期': '周二', '实际主力星期': '未开工'}, {'块': '块3', '中心': '39.911,116.409', '计划店': 1, '跑到的计划店': 1, '执行率': 1.0, '计划星期': '周三', '实际主力星期': '周三'}, {'块': '块4', '中心': '40.003,116.250', '计划店': 1, '跑到的计划店': 0, '执行率': 0.0, '计划星期': '周四', '实际主力星期': '未开工'}, {'块': '块5', '中心': '39.910,116.263', '计划店': 1, '跑到的计划店': 1, '执行率': 1.0, '计划星期': '周二', '实际主力星期': '周二'}, {'块': '块6', '中心': '40.125,116.205', '计划店': 1, '跑到的计划店': 1, '执行率': 1.0, '计划星期': '周四', '实际主力星期': '周四'}]",4,0.667,0.78,0.0,1.0,区块×216店 仅执行 56%,17.4,24.4,42.0,20,6,12.4,"[58, 55, 36, 52, 47, 0, 0]",2.51,1.0,214,17,区块缺了没开,"北京市（海淀区×237, 朝阳区×9）：计划 221 店 / 256 次，分成 6 个区块（最大区块 216 店）。 地盘东西 17.4 × 南北 24.4 km；区块内店距中位 42 m。 节奏：20 个工作日、平均每天 12.4 家店、一天 1.0 个区块、当天作业半径中位 2.51 km；出勤 周一58/周二55/周三36/周四52/周五47；周六、周日 没跑。 ① 区块开工：6 块里他开工了 4 块；② 区块内执行率中位 78%（最弱一块 0%）；③ 区块星期一致 100%。 参考：覆盖 56%、同日 30%、相位 46%、量比 0.97。 结论：**有 2 个区块整块没开工**，但他开的那几块做得很好（执行率与星期都守）——先问为什么不去那几块。 最冷的区块（计划内执行率最低）：区块×216店 仅执行 56%。"
000545650,太原市,"小店区×235, 迎泽区×12",242,265,194,187,0.483,0.626,0.124,0.038,0.219,0.73,125,2,"[241, 1]","[{'块': '块1', '中心': '37.810,112.566', '计划店': 241, '跑到的计划店': 117, '执行率': 0.485, '计划星期': '周一', '实际主力星期': '周一'}, {'块': '块2', '中心': '37.851,112.440', '计划店': 1, '跑到的计划店': 0, '执行率': 0.0, '计划星期': '周二', '实际主力星期': '未开工'}]",1,0.5,0.243,0.0,1.0,区块×241店 仅执行 49%,14.7,10.8,74.0,18,7,10.8,"[58, 44, 34, 35, 23, 0, 0]",3.41,1.0,180,7,区块大面积没开工,"太原市（小店区×235, 迎泽区×12）：计划 242 店 / 265 次，分成 2 个区块（最大区块 241 店）。 地盘东西 14.7 × 南北 10.8 km；区块内店距中位 74 m。 节奏：18 个工作日、平均每天 10.8 家店、一天 1.0 个区块、当天作业半径中位 3.41 km；出勤 周一58/周二44/周三34/周四35/周五23；周六、周日 没跑。 ① 区块开工：2 块里他开工了 1 块；② 区块内执行率中位 24%（最弱一块 0%）；③ 区块星期一致 100%。 参考：覆盖 48%、同日 4%、相位 22%、量比 0.73。 结论：**有区块整块没开工**（1 块），先问为什么不去，而不是谈执行率。 最冷的区块（计划内执行率最低）：区块×241店 仅执行 49%。"
000601353,东莞市,东莞市×242,223,242,271,238,0.951,0.891,0.951,0.955,0.951,1.12,11,2,"[126, 97]","[{'块': '块1', '中心': '23.041,113.778', '计划店': 126, '跑到的计划店': 117, '执行率': 0.929, '计划星期': '周一', '实际主力星期': '周一'}, {'块': '块2', '中心': '22.925,113.671', '计划店': 97, '跑到的计划店': 95, '执行率': 0.979, '计划星期': '周五', '实际主力星期': '周四'}]",2,1.0,0.954,0.929,1.0,,18.4,24.2,162.0,21,12,12.9,"[60, 50, 53, 53, 55, 0, 0]",2.29,1.0,205,33,区块全开·星期照做,东莞市（东莞市×242）：计划 223 店 / 242 次，分成 2 个区块（最大区块 126 店）。 地盘东西 18.4 × 南北 24.2 km；区块内店距中位 162 m。 节奏：21 个工作日、平均每天 12.9 家店、一天 1.0 个区块、当天作业半径中位 2.29 km；出勤 周一60/周二50/周三53/周四53/周五55；周六、周日 没跑。 ① 区块开工：2 块里他开工了 2 块；② 区块内执行率中位 95%（最弱一块 93%）；③ 区块星期一致 100%。 参考：覆盖 95%、同日 96%、相位 95%、量比 1.12。 结论：**计划怎么划他就怎么做**——区块全开工、区块内做全、星期按计划。
000601363,长春市,"绿园区×206, 朝阳区×1",197,207,136,136,0.665,0.963,0.107,0.01,0.32,0.66,66,2,"[196, 1]","[{'块': '块1', '中心': '43.861,125.233', '计划店': 196, '跑到的计划店': 131, '执行率': 0.668, '计划星期': '周二', '实际主力星期': '周二'}, {'块': '块2', '中心': '43.832,125.293', '计划店': 1, '跑到的计划店': 0, '执行率': 0.0, '计划星期': '周五', '实际主力星期': '未开工'}]",1,0.5,0.334,0.0,1.0,,11.5,7.6,78.0,7,20,19.4,"[32, 42, 1, 21, 20, 20, 0]",5.32,1.0,136,0,区块大面积没开工,"长春市（绿园区×206, 朝阳区×1）：计划 197 店 / 207 次，分成 2 个区块（最大区块 196 店）。 地盘东西 11.5 × 南北 7.6 km；区块内店距中位 78 m。 节奏：7 个工作日、平均每天 19.4 家店、一天 1.0 个区块、当天作业半径中位 5.32 km；出勤 周一32/周二42/周三1/周四21/周五20/周六20；周日 没跑。 ① 区块开工：2 块里他开工了 1 块；② 区块内执行率中位 33%（最弱一块 0%）；③ 区块星期一致 100%。 参考：覆盖 66%、同日 1%、相位 32%、量比 0.66。 结论：**有区块整块没开工**（1 块），先问为什么不去，而不是谈执行率。"
000604272,北京市,"通州区×127, 顺义区×27",149,164,199,190,0.389,0.305,0.255,0.232,0.329,1.21,91,17,"[76, 13, 8, 8, 6]","[{'块': '块1', '中心': '39.763,116.558', '计划店': 76, '跑到的计划店': 37, '执行率': 0.487, '计划星期': '周一', '实际主力星期': '周一'}, {'块': '块2', '中心': '39.836,116.712', '计划店': 13, '跑到的计划店': 4, '执行率': 0.308, '计划星期': '周三', '实际主力星期': '周三'}, {'块': '块3', '中心': '40.049,116.589', '计划店': 8, '跑到的计划店': 0, '执行率': 0.0, '计划星期': '周二', '实际主力星期': '未开工'}, {'块': '块4', '中心': '40.106,116.550', '计划店': 8, '跑到的计划店': 0, '执行率': 0.0, '计划星期': '周二', '实际主力星期': '未开工'}, {'块': '块5', '中心': '40.043,116.656', '计划店': 6, '跑到的计划店': 0, '执行率': 0.0, '计划星期': '周二', '实际主力星期': '未开工'}, {'块': '块6', '中心': '40.009,116.576', '计划店': 6, '跑到的计划店': 0, '执行率': 0.0, '计划星期': '周二', '实际主力星期': '未开工'}, {'块': '块7', '中心': '40.135,116.608', '计划店': 6, '跑到的计划店': 0, '执行率': 0.0, '计划星期': '周二', '实际主力星期': '未开工'}, {'块': '块8', '中心': '39.899,116.740', '计划店': 6, '跑到的计划店': 3, '执行率': 0.5, '计划星期': '周三', '实际主力星期': '周二'}, {'块': '块9', '中心': '39.826,116.655', '计划店': 5, '跑到的计划店': 3, '执行率': 0.6, '计划星期': '周五', '实际主力星期': '周三'}, {'块': '块10', '中心': '39.713,116.789', '计划店': 4, '跑到的计划店': 4, '执行率': 1.0, '计划星期': '周三', '实际主力星期': '周四'}, {'块': '块11', '中心': '39.774,116.788', '计划店': 4, '跑到的计划店': 2, '执行率': 0.5, '计划星期': '周三', '实际主力星期': '周二'}, {'块': '块12', '中心': '39.763,116.692', '计划店': 2, '跑到的计划店': 2, '执行率': 1.0, '计划星期': '周三', '实际主力星期': '周四'}, {'块': '块13', '中心': '40.006,116.667', '计划店': 1, '跑到的计划店': 0, '执行率': 0.0, '计划星期': '周二', '实际主力星期': '未开工'}, {'块': '块14', '中心': '39.988,116.691', '计划店': 1, '跑到的计划店': 0, '执行率': 0.0, '计划星期': '周二', '实际主力星期': '未开工'}, {'块': '块15', '中心': '39.681,116.729', '计划店': 1, '跑到的计划店': 1, '执行率': 1.0, '计划星期': '周三', '实际主力星期': '周四'}, {'块': '块16', '中心': '39.752,116.653', '计划店': 1, '跑到的计划店': 1, '执行率': 1.0, '计划星期': '周五', '实际主力星期': '周五'}, {'块': '块17', '中心': '39.638,116.747', '计划店': 1, '跑到的计划店': 1, '执行率': 1.0, '计划星期': '周三', '实际主力星期': '周四'}]",10,0.588,0.487,0.0,0.5,区块×13店 仅执行 31%; 区块×76店 仅执行 49%; 区块×6店 仅执行 50%,21.4,55.5,88.0,17,3,11.7,"[43, 28, 46, 43, 39, 0, 0]",1.58,1.0,182,8,区块大面积没开工,"北京市（通州区×127, 顺义区×27）：计划 149 店 / 164 次，分成 17 个区块（最大区块 76 店）。 地盘东西 21.4 × 南北 55.5 km；区块内店距中位 88 m。 节奏：17 个工作日、平均每天 11.7 家店、一天 1.0 个区块、当天作业半径中位 1.58 km；出勤 周一43/周二28/周三46/周四43/周五39；周六、周日 没跑。 ① 区块开工：17 块里他开工了 10 块；② 区块内执行率中位 49%（最弱一块 0%）；③ 区块星期一致 50%。 参考：覆盖 39%、同日 23%、相位 33%、量比 1.21。 结论：**有区块整块没开工**（7 块），先问为什么不去，而不是谈执行率。 最冷的区块（计划内执行率最低）：区块×13店 仅执行 31%; 区块×76店 仅执行 49%; 区块×6店 仅执行 50%。"
000608772,沈阳市,"铁西区×124, 和平区×33",143,167,215,187,0.692,0.529,0.635,0.641,0.685,1.29,44,6,"[100, 30, 8, 3, 1]","[{'块': '块1', '中心': '41.804,123.376', '计划店': 100, '跑到的计划店': 79, '执行率': 0.79, '计划星期': '周一', '实际主力星期': '周一'}, {'块': '块2', '中心': '41.739,123.397', '计划店': 30, '跑到的计划店': 19, '执行率': 0.633, '计划星期': '周四', '实际主力星期': '周二'}, {'块': '块3', '中心': '41.791,123.290', '计划店': 8, '跑到的计划店': 0, '执行率': 0.0, '计划星期': '周三', '实际主力星期': '未开工'}, {'块': '块4', '中心': '41.787,123.430', '计划店': 3, '跑到的计划店': 0, '执行率': 0.0, '计划星期': '周五', '实际主力星期': '未开工'}, {'块': '块5', '中心': '41.698,123.230', '计划店': 1, '跑到的计划店': 0, '执行率': 0.0, '计划星期': '周三', '实际主力星期': '未开工'}, {'块': '块6', '中心': '41.852,123.405', '计划店': 1, '跑到的计划店': 1, '执行率': 1.0, '计划星期': '周五', '实际主力星期': '周五'}]",3,0.5,0.317,0.0,1.0,,16.5,17.1,85.0,17,8,12.6,"[57, 58, 40, 36, 24, 0, 0]",1.2,1.0,160,27,区块大面积没开工,"沈阳市（铁西区×124, 和平区×33）：计划 143 店 / 167 次，分成 6 个区块（最大区块 100 店）。 地盘东西 16.5 × 南北 17.1 km；区块内店距中位 85 m。 节奏：17 个工作日、平均每天 12.6 家店、一天 1.0 个区块、当天作业半径中位 1.2 km；出勤 周一57/周二58/周三40/周四36/周五24；周六、周日 没跑。 ① 区块开工：6 块里他开工了 3 块；② 区块内执行率中位 32%（最弱一块 0%）；③ 区块星期一致 100%。 参考：覆盖 69%、同日 64%、相位 68%、量比 1.29。 结论：**有区块整块没开工**（3 块），先问为什么不去，而不是谈执行率。"
000611030,上海市,青浦区×67,67,67,271,231,0.851,0.247,0.851,0.851,0.851,4.04,10,6,"[30, 14, 11, 6, 5]","[{'块': '块1', '中心': '31.149,121.111', '计划店': 30, '跑到的计划店': 27, '执行率': 0.9, '计划星期': '周一', '实际主力星期': '周四'}, {'块': '块2', '中心': '31.110,121.055', '计划店': 14, '跑到的计划店': 12, '执行率': 0.857, '计划星期': '周二', '实际主力星期': '周二'}, {'块': '块3', '中心': '31.176,121.284', '计划店': 11, '跑到的计划店': 7, '执行率': 0.636, '计划星期': '周四', '实际主力星期': '周一'}, {'块': '块4', '中心': '31.168,121.246', '计划店': 6, '跑到的计划店': 6, '执行率': 1.0, '计划星期': '周四', '实际主力星期': '周四'}, {'块': '块5', '中心': '31.243,121.231', '计划店': 5, '跑到的计划店': 4, '执行率': 0.8, '计划星期': '周三', '实际主力星期': '周三'}, {'块': '块6', '中心': '31.151,121.226', '计划店': 1, '跑到的计划店': 1, '执行率': 1.0, '计划星期': '周一', '实际主力星期': '周一'}]",6,1.0,0.879,0.636,1.0,,24.8,15.3,90.0,19,3,14.3,"[69, 50, 51, 36, 40, 25, 0]",1.53,1.0,197,34,区块全开·星期照做,上海市（青浦区×67）：计划 67 店 / 67 次，分成 6 个区块（最大区块 30 店）。 地盘东西 24.8 × 南北 15.3 km；区块内店距中位 90 m。 节奏：19 个工作日、平均每天 14.3 家店、一天 1.0 个区块、当天作业半径中位 1.53 km；出勤 周一69/周二50/周三51/周四36/周五40/周六25；周日 没跑。 ① 区块开工：6 块里他开工了 6 块；② 区块内执行率中位 88%（最弱一块 64%）；③ 区块星期一致 100%。 参考：覆盖 85%、同日 85%、相位 85%、量比 4.04。 结论：**计划怎么划他就怎么做**——区块全开工、区块内做全、星期按计划。
000621190,青岛市,"黄岛区×158, 胶州市×108",218,266,231,227,0.445,0.427,0.194,0.147,0.275,0.87,121,9,"[117, 68, 13, 7, 7]","[{'块': '块1', '中心': '35.862,120.020', '计划店': 117, '跑到的计划店': 62, '执行率': 0.53, '计划星期': '周一', '实际主力星期': '周一'}, {'块': '块2', '中心': '36.269,120.021', '计划店': 68, '跑到的计划店': 23, '执行率': 0.338, '计划星期': '周四', '实际主力星期': '周五'}, {'块': '块3', '中心': '36.077,120.006', '计划店': 13, '跑到的计划店': 12, '执行率': 0.923, '计划星期': '周三', '实际主力星期': '周五'}, {'块': '块4', '中心': '35.700,119.774', '计划店': 7, '跑到的计划店': 0, '执行率': 0.0, '计划星期': '周二', '实际主力星期': '未开工'}, {'块': '块5', '中心': '36.358,120.155', '计划店': 7, '跑到的计划店': 0, '执行率': 0.0, '计划星期': '周四', '实际主力星期': '未开工'}, {'块': '块6', '中心': '35.771,120.025', '计划店': 2, '跑到的计划店': 0, '执行率': 0.0, '计划星期': '周三', '实际主力星期': '未开工'}, {'块': '块7', '中心': '36.314,120.102', '计划店': 2, '跑到的计划店': 0, '执行率': 0.0, '计划星期': '周四', '实际主力星期': '未开工'}, {'块': '块8', '中心': '36.170,120.098', '计划店': 1, '跑到的计划店': 0, '执行率': 0.0, '计划星期': '周一', '实际主力星期': '未开工'}, {'块': '块9', '中心': '36.312,119.968', '计划店': 1, '跑到的计划店': 0, '执行率': 0.0, '计划星期': '周二', '实际主力星期': '未开工'}]",3,0.333,0.0,0.0,0.667,区块×68店 仅执行 34%; 区块×117店 仅执行 53%,35.4,73.8,103.0,13,6,17.8,"[51, 28, 24, 53, 75, 0, 0]",3.06,1.0,223,4,区块大面积没开工,"青岛市（黄岛区×158, 胶州市×108）：计划 218 店 / 266 次，分成 9 个区块（最大区块 117 店）。 地盘东西 35.4 × 南北 73.8 km；区块内店距中位 103 m。 节奏：13 个工作日、平均每天 17.8 家店、一天 1.0 个区块、当天作业半径中位 3.06 km；出勤 周一51/周二28/周三24/周四53/周五75；周六、周日 没跑。 ① 区块开工：9 块里他开工了 3 块；② 区块内执行率中位 0%（最弱一块 0%）；③ 区块星期一致 67%。 参考：覆盖 44%、同日 15%、相位 28%、量比 0.87。 结论：**有区块整块没开工**（6 块），先问为什么不去，而不是谈执行率。 最冷的区块（计划内执行率最低）：区块×68店 仅执行 34%; 区块×117店 仅执行 53%。"
000643531,天津市,"河西区×224, 西青区×19",238,263,233,221,0.391,0.421,0.118,0.03,0.172,0.89,145,4,"[235, 1, 1, 1]","[{'块': '块1', '中心': '39.079,117.225', '计划店': 235, '跑到的计划店': 91, '执行率': 0.387, '计划星期': '周一', '实际主力星期': '周四'}, {'块': '块2', '中心': '39.150,117.409', '计划店': 1, '跑到的计划店': 1, '执行率': 1.0, '计划星期': '周一', '实际主力星期': '周一'}, {'块': '块3', '中心': '39.078,117.361', '计划店': 1, '跑到的计划店': 0, '执行率': 0.0, '计划星期': '周一', '实际主力星期': '未开工'}, {'块': '块4', '中心': '39.112,117.314', '计划店': 1, '跑到的计划店': 1, '执行率': 1.0, '计划星期': '周一', '实际主力星期': '周一'}]",3,0.75,0.694,0.0,1.0,区块×235店 仅执行 39%,19.7,13.1,66.0,21,5,11.1,"[52, 43, 41, 48, 49, 0, 0]",2.77,1.0,209,12,区块缺了没开,"天津市（河西区×224, 西青区×19）：计划 238 店 / 263 次，分成 4 个区块（最大区块 235 店）。 地盘东西 19.7 × 南北 13.1 km；区块内店距中位 66 m。 节奏：21 个工作日、平均每天 11.1 家店、一天 1.0 个区块、当天作业半径中位 2.77 km；出勤 周一52/周二43/周三41/周四48/周五49；周六、周日 没跑。 ① 区块开工：4 块里他开工了 3 块；② 区块内执行率中位 69%（最弱一块 0%）；③ 区块星期一致 100%。 参考：覆盖 39%、同日 3%、相位 17%、量比 0.89。 结论：**有 1 个区块整块没开工**，但他开的那几块做得很好（执行率与星期都守）——先问为什么不去那几块。 最冷的区块（计划内执行率最低）：区块×235店 仅执行 39%。"
000644322,海口市,"美兰区×184, 龙华区×47",217,238,281,259,0.876,0.734,0.866,0.857,0.871,1.18,27,4,"[207, 8, 1, 1]","[{'块': '块1', '中心': '20.038,110.350', '计划店': 207, '跑到的计划店': 180, '执行率': 0.87, '计划星期': '周一', '实际主力星期': '周一'}, {'块': '块2', '中心': '19.981,110.462', '计划店': 8, '跑到的计划店': 8, '执行率': 1.0, '计划星期': '周三', '实际主力星期': '周三'}, {'块': '块3', '中心': '20.000,110.280', '计划店': 1, '跑到的计划店': 1, '执行率': 1.0, '计划星期': '周四', '实际主力星期': '周四'}, {'块': '块4', '中心': '19.938,110.559', '计划店': 1, '跑到的计划店': 1, '执行率': 1.0, '计划星期': '周三', '实际主力星期': '周三'}]",4,1.0,1.0,0.87,1.0,,29.1,15.2,79.0,21,11,13.4,"[65, 51, 56, 51, 41, 17, 0]",1.35,1.0,238,21,区块全开·星期照做,"海口市（美兰区×184, 龙华区×47）：计划 217 店 / 238 次，分成 4 个区块（最大区块 207 店）。 地盘东西 29.1 × 南北 15.2 km；区块内店距中位 79 m。 节奏：21 个工作日、平均每天 13.4 家店、一天 1.0 个区块、当天作业半径中位 1.35 km；出勤 周一65/周二51/周三56/周四51/周五41/周六17；周日 没跑。 ① 区块开工：4 块里他开工了 4 块；② 区块内执行率中位 100%（最弱一块 87%）；③ 区块星期一致 100%。 参考：覆盖 88%、同日 86%、相位 87%、量比 1.18。 结论：**计划怎么划他就怎么做**——区块全开工、区块内做全、星期按计划。"
000644405,漳州市,"芗城区×84, 龙文区×82",204,228,178,175,0.819,0.954,0.701,0.636,0.716,0.78,37,10,"[148, 18, 15, 12, 3]","[{'块': '块1', '中心': '24.512,117.676', '计划店': 148, '跑到的计划店': 122, '执行率': 0.824, '计划星期': '周一', '实际主力星期': '周五'}, {'块': '块2', '中心': '24.512,117.369', '计划店': 18, '跑到的计划店': 18, '执行率': 1.0, '计划星期': '周三', '实际主力星期': '周三'}, {'块': '块3', '中心': '24.374,117.319', '计划店': 15, '跑到的计划店': 12, '执行率': 0.8, '计划星期': '周一', '实际主力星期': '周一'}, {'块': '块4', '中心': '24.623,117.765', '计划店': 12, '跑到的计划店': 12, '执行率': 1.0, '计划星期': '周三', '实际主力星期': '周三'}, {'块': '块5', '中心': '24.416,117.416', '计划店': 3, '跑到的计划店': 0, '执行率': 0.0, '计划星期': '周二', '实际主力星期': '未开工'}, {'块': '块6', '中心': '24.410,117.369', '计划店': 3, '跑到的计划店': 0, '执行率': 0.0, '计划星期': '周二', '实际主力星期': '未开工'}, {'块': '块7', '中心': '24.558,117.598', '计划店': 2, '跑到的计划店': 1, '执行率': 0.5, '计划星期': '周二', '实际主力星期': '周二'}, {'块': '块8', '中心': '24.578,117.504', '计划店': 1, '跑到的计划店': 1, '执行率': 1.0, '计划星期': '周二', '实际主力星期': '周二'}, {'块': '块9', '中心': '24.588,117.813', '计划店': 1, '跑到的计划店': 0, '执行率': 0.0, '计划星期': '周四', '实际主力星期': '未开工'}, {'块': '块10', '中心': '24.583,117.571', '计划店': 1, '跑到的计划店': 1, '执行率': 1.0, '计划星期': '周二', '实际主力星期': '周二'}]",7,0.7,0.812,0.0,1.0,区块×2店 仅执行 50%,51.0,30.4,191.0,15,12,11.9,"[32, 24, 36, 36, 50, 0, 0]",4.23,1.0,172,3,区块缺了没开,"漳州市（芗城区×84, 龙文区×82）：计划 204 店 / 228 次，分成 10 个区块（最大区块 148 店）。 地盘东西 51.0 × 南北 30.4 km；区块内店距中位 191 m。 节奏：15 个工作日、平均每天 11.9 家店、一天 1.0 个区块、当天作业半径中位 4.23 km；出勤 周一32/周二24/周三36/周四36/周五50；周六、周日 没跑。 ① 区块开工：10 块里他开工了 7 块；② 区块内执行率中位 81%（最弱一块 0%）；③ 区块星期一致 100%。 参考：覆盖 82%、同日 64%、相位 72%、量比 0.78。 结论：**有 3 个区块整块没开工**，但他开的那几块做得很好（执行率与星期都守）——先问为什么不去那几块。 最冷的区块（计划内执行率最低）：区块×2店 仅执行 50%。"
000645986,朔州市,"怀仁市×68, 平城区×53",229,229,200,192,0.262,0.312,0.157,0.148,0.205,0.87,169,9,"[91, 52, 41, 13, 9]","[{'块': '块1', '中心': '40.074,113.324', '计划店': 91, '跑到的计划店': 23, '执行率': 0.253, '计划星期': '周五', '实际主力星期': '周三'}, {'块': '块2', '中心': '39.817,113.117', '计划店': 52, '跑到的计划店': 32, '执行率': 0.615, '计划星期': '周二', '实际主力星期': '周四'}, {'块': '块3', '中心': '39.697,113.700', '计划店': 41, '跑到的计划店': 0, '执行率': 0.0, '计划星期': '周三', '实际主力星期': '未开工'}, {'块': '块4', '中心': '40.011,113.223', '计划店': 13, '跑到的计划店': 2, '执行率': 0.154, '计划星期': '周一', '实际主力星期': '周一'}, {'块': '块5', '中心': '40.035,113.176', '计划店': 9, '跑到的计划店': 3, '执行率': 0.333, '计划星期': '周四', '实际主力星期': '周二'}, {'块': '块6', '中心': '40.422,114.080', '计划店': 8, '跑到的计划店': 0, '执行率': 0.0, '计划星期': '周二', '实际主力星期': '未开工'}, {'块': '块7', '中心': '40.357,113.749', '计划店': 6, '跑到的计划店': 0, '执行率': 0.0, '计划星期': '周三', '实际主力星期': '未开工'}, {'块': '块8', '中心': '39.438,114.227', '计划店': 5, '跑到的计划店': 0, '执行率': 0.0, '计划星期': '周四', '实际主力星期': '未开工'}, {'块': '块9', '中心': '40.013,112.709', '计划店': 4, '跑到的计划店': 0, '执行率': 0.0, '计划星期': '周五', '实际主力星期': '未开工'}]",4,0.444,0.0,0.0,0.75,区块×13店 仅执行 15%; 区块×91店 仅执行 25%; 区块×9店 仅执行 33%,131.1,109.7,65.0,15,3,13.3,"[65, 40, 45, 29, 21, 0, 0]",2.18,1.0,185,7,计划与实际几乎不相交,"朔州市（怀仁市×68, 平城区×53）：计划 229 店 / 229 次，分成 9 个区块（最大区块 91 店）。 地盘东西 131.1 × 南北 109.7 km；区块内店距中位 65 m。 节奏：15 个工作日、平均每天 13.3 家店、一天 1.0 个区块、当天作业半径中位 2.18 km；出勤 周一65/周二40/周三45/周四29/周五21；周六、周日 没跑。 ① 区块开工：9 块里他开工了 4 块；② 区块内执行率中位 0%（最弱一块 0%）；③ 区块星期一致 75%。 参考：覆盖 26%、同日 15%、相位 20%、量比 0.87。 结论：计划与实际几乎不相交——先查这块地盘是不是搞错了（管辖/门店清单），再谈行为。 最冷的区块（计划内执行率最低）：区块×13店 仅执行 15%; 区块×91店 仅执行 25%; 区块×9店 仅执行 33%。"
000648339,保定市,"莲池区×245, 竞秀区×21",244,269,192,186,0.414,0.543,0.279,0.245,0.336,0.71,143,1,[244],"[{'块': '块1', '中心': '38.858,115.508', '计划店': 244, '跑到的计划店': 101, '执行率': 0.414, '计划星期': '周一', '实际主力星期': '周五'}]",1,1.0,0.414,0.414,1.0,区块×244店 仅执行 41%,9.0,9.1,68.0,16,5,12.0,"[39, 21, 37, 46, 42, 7, 0]",2.37,1.0,180,6,区块全开·区块内欠访,"保定市（莲池区×245, 竞秀区×21）：计划 244 店 / 269 次，分成 1 个区块（最大区块 244 店）。 地盘东西 9.0 × 南北 9.1 km；区块内店距中位 68 m。 节奏：16 个工作日、平均每天 12.0 家店、一天 1.0 个区块、当天作业半径中位 2.37 km；出勤 周一39/周二21/周三37/周四46/周五42/周六7；周日 没跑。 ① 区块开工：1 块里他开工了 1 块；② 区块内执行率中位 41%（最弱一块 41%）；③ 区块星期一致 100%。 参考：覆盖 41%、同日 24%、相位 34%、量比 0.71。 结论：区块都开了、星期也守，但**区块内没做全**（存在欠访）。 最冷的区块（计划内执行率最低）：区块×244店 仅执行 41%。"
000649981,东莞市,东莞市×152,148,152,232,208,0.885,0.63,0.879,0.882,0.885,1.53,17,2,"[147, 1]","[{'块': '块1', '中心': '22.881,114.094', '计划店': 147, '跑到的计划店': 130, '执行率': 0.884, '计划星期': '周一', '实际主力星期': '周一'}, {'块': '块2', '中心': '22.773,114.150', '计划店': 1, '跑到的计划店': 1, '执行率': 1.0, '计划星期': '周三', '实际主力星期': '周三'}]",2,1.0,0.942,0.884,1.0,,18.9,17.5,102.0,17,11,13.6,"[61, 49, 48, 49, 25, 0, 0]",3.13,1.0,187,21,区块全开·星期照做,东莞市（东莞市×152）：计划 148 店 / 152 次，分成 2 个区块（最大区块 147 店）。 地盘东西 18.9 × 南北 17.5 km；区块内店距中位 102 m。 节奏：17 个工作日、平均每天 13.6 家店、一天 1.0 个区块、当天作业半径中位 3.13 km；出勤 周一61/周二49/周三48/周四49/周五25；周六、周日 没跑。 ① 区块开工：2 块里他开工了 2 块；② 区块内执行率中位 94%（最弱一块 88%）；③ 区块星期一致 100%。 参考：覆盖 88%、同日 88%、相位 88%、量比 1.53。 结论：**计划怎么划他就怎么做**——区块全开工、区块内做全、星期按计划。
000650808,上海市,"浦东新区×51, 松江区×1",52,52,253,220,0.923,0.218,0.923,0.923,0.923,4.87,4,4,"[38, 11, 2, 1]","[{'块': '块1', '中心': '31.190,121.633', '计划店': 38, '跑到的计划店': 35, '执行率': 0.921, '计划星期': '周二', '实际主力星期': '周二'}, {'块': '块2', '中心': '31.151,121.572', '计划店': 11, '跑到的计划店': 10, '执行率': 0.909, '计划星期': '周一', '实际主力星期': '周一'}, {'块': '块3', '中心': '31.118,121.578', '计划店': 2, '跑到的计划店': 2, '执行率': 1.0, '计划星期': '周一', '实际主力星期': '周一'}, {'块': '块4', '中心': '31.184,121.556', '计划店': 1, '跑到的计划店': 1, '执行率': 1.0, '计划星期': '周一', '实际主力星期': '周一'}]",4,1.0,0.961,0.909,1.0,,12.4,10.8,98.0,7,12,36.1,"[66, 44, 42, 38, 39, 24, 0]",3.96,1.0,188,32,区块全开·星期照做,"上海市（浦东新区×51, 松江区×1）：计划 52 店 / 52 次，分成 4 个区块（最大区块 38 店）。 地盘东西 12.4 × 南北 10.8 km；区块内店距中位 98 m。 节奏：7 个工作日、平均每天 36.1 家店、一天 1.0 个区块、当天作业半径中位 3.96 km；出勤 周一66/周二44/周三42/周四38/周五39/周六24；周日 没跑。 ① 区块开工：4 块里他开工了 4 块；② 区块内执行率中位 96%（最弱一块 91%）；③ 区块星期一致 100%。 参考：覆盖 92%、同日 92%、相位 92%、量比 4.87。 结论：**计划怎么划他就怎么做**——区块全开工、区块内做全、星期按计划。"
000651389,石家庄市,"长安区×141, 裕华区×76",196,222,184,180,0.668,0.728,0.638,0.559,0.597,0.83,65,1,[196],"[{'块': '块1', '中心': '38.046,114.554', '计划店': 196, '跑到的计划店': 131, '执行率': 0.668, '计划星期': '周一', '实际主力星期': '周四'}]",1,1.0,0.668,0.668,1.0,,10.3,8.3,71.0,15,10,12.3,"[41, 31, 36, 46, 27, 3, 0]",1.46,1.0,176,4,区块全开·区块内欠访,"石家庄市（长安区×141, 裕华区×76）：计划 196 店 / 222 次，分成 1 个区块（最大区块 196 店）。 地盘东西 10.3 × 南北 8.3 km；区块内店距中位 71 m。 节奏：15 个工作日、平均每天 12.3 家店、一天 1.0 个区块、当天作业半径中位 1.46 km；出勤 周一41/周二31/周三36/周四46/周五27/周六3；周日 没跑。 ① 区块开工：1 块里他开工了 1 块；② 区块内执行率中位 67%（最弱一块 67%）；③ 区块星期一致 100%。 参考：覆盖 67%、同日 56%、相位 60%、量比 0.83。 结论：区块都开了、星期也守，但**区块内没做全**（存在欠访）。"
000652136,长沙市,"岳麓区×208, 望城区×5",196,213,238,217,0.923,0.834,0.923,0.925,0.923,1.12,15,2,"[192, 4]","[{'块': '块1', '中心': '28.163,112.920', '计划店': 192, '跑到的计划店': 178, '执行率': 0.927, '计划星期': '周一', '实际主力星期': '周一'}, {'块': '块2', '中心': '28.053,112.907', '计划店': 4, '跑到的计划店': 3, '执行率': 0.75, '计划星期': '周四', '实际主力星期': '周四'}]",2,1.0,0.839,0.75,1.0,,11.9,17.6,115.0,19,11,12.5,"[66, 37, 50, 37, 48, 0, 0]",3.18,1.0,196,21,区块全开·区块内欠访,"长沙市（岳麓区×208, 望城区×5）：计划 196 店 / 213 次，分成 2 个区块（最大区块 192 店）。 地盘东西 11.9 × 南北 17.6 km；区块内店距中位 115 m。 节奏：19 个工作日、平均每天 12.5 家店、一天 1.0 个区块、当天作业半径中位 3.18 km；出勤 周一66/周二37/周三50/周四37/周五48；周六、周日 没跑。 ① 区块开工：2 块里他开工了 2 块；② 区块内执行率中位 84%（最弱一块 75%）；③ 区块星期一致 100%。 参考：覆盖 92%、同日 92%、相位 92%、量比 1.12。 结论：区块都开了、星期也守，但**区块内没做全**（存在欠访）。"
000653294,大连市,金州区×24,24,24,270,227,1.0,0.106,1.0,1.0,1.0,11.25,0,5,"[10, 8, 3, 2, 1]","[{'块': '块1', '中心': '39.051,121.799', '计划店': 10, '跑到的计划店': 10, '执行率': 1.0, '计划星期': '周二', '实际主力星期': '周二'}, {'块': '块2', '中心': '39.103,121.705', '计划店': 8, '跑到的计划店': 8, '执行率': 1.0, '计划星期': '周五', '实际主力星期': '周五'}, {'块': '块3', '中心': '39.021,121.810', '计划店': 3, '跑到的计划店': 3, '执行率': 1.0, '计划星期': '周二', '实际主力星期': '周二'}, {'块': '块4', '中心': '39.084,121.733', '计划店': 2, '跑到的计划店': 2, '执行率': 1.0, '计划星期': '周三', '实际主力星期': '周三'}, {'块': '块5', '中心': '39.068,121.856', '计划店': 1, '跑到的计划店': 1, '执行率': 1.0, '计划星期': '周二', '实际主力星期': '周二'}]",5,1.0,1.0,1.0,1.0,,13.3,10.1,158.0,8,2,33.8,"[72, 52, 48, 48, 50, 0, 0]",2.13,1.0,192,35,区块全开·星期照做,大连市（金州区×24）：计划 24 店 / 24 次，分成 5 个区块（最大区块 10 店）。 地盘东西 13.3 × 南北 10.1 km；区块内店距中位 158 m。 节奏：8 个工作日、平均每天 33.8 家店、一天 1.0 个区块、当天作业半径中位 2.13 km；出勤 周一72/周二52/周三48/周四48/周五50；周六、周日 没跑。 ① 区块开工：5 块里他开工了 5 块；② 区块内执行率中位 100%（最弱一块 100%）；③ 区块星期一致 100%。 参考：覆盖 100%、同日 100%、相位 100%、量比 11.25。 结论：**计划怎么划他就怎么做**——区块全开工、区块内做全、星期按计划。
000656726,金华市,"永康市×70, 婺城区×56",239,239,141,140,0.322,0.55,0.155,0.138,0.247,0.59,162,12,"[62, 55, 47, 39, 16]","[{'块': '块1', '中心': '29.092,119.662', '计划店': 62, '跑到的计划店': 32, '执行率': 0.516, '计划星期': '周一', '实际主力星期': '周五'}, {'块': '块2', '中心': '28.893,120.044', '计划店': 55, '跑到的计划店': 19, '执行率': 0.345, '计划星期': '周一', '实际主力星期': '周五'}, {'块': '块3', '中心': '29.214,119.444', '计划店': 47, '跑到的计划店': 17, '执行率': 0.362, '计划星期': '周一', '实际主力星期': '周四'}, {'块': '块4', '中心': '28.883,119.812', '计划店': 39, '跑到的计划店': 0, '执行率': 0.0, '计划星期': '周三', '实际主力星期': '未开工'}, {'块': '块5', '中心': '29.103,119.545', '计划店': 16, '跑到的计划店': 4, '执行率': 0.25, '计划星期': '周二', '实际主力星期': '周二'}, {'块': '块6', '中心': '28.958,120.156', '计划店': 8, '跑到的计划店': 4, '执行率': 0.5, '计划星期': '周四', '实际主力星期': '周三'}, {'块': '块7', '中心': '28.868,119.947', '计划店': 5, '跑到的计划店': 0, '执行率': 0.0, '计划星期': '周五', '实际主力星期': '未开工'}, {'块': '块8', '中心': '28.909,119.963', '计划店': 3, '跑到的计划店': 1, '执行率': 0.333, '计划星期': '周一', '实际主力星期': '周三'}, {'块': '块9', '中心': '28.794,120.051', '计划店': 1, '跑到的计划店': 0, '执行率': 0.0, '计划星期': '周四', '实际主力星期': '未开工'}, {'块': '块10', '中心': '28.824,120.014', '计划店': 1, '跑到的计划店': 0, '执行率': 0.0, '计划星期': '周四', '实际主力星期': '未开工'}, {'块': '块11', '中心': '29.184,119.853', '计划店': 1, '跑到的计划店': 0, '执行率': 0.0, '计划星期': '周一', '实际主力星期': '未开工'}, {'块': '块12', '中心': '29.169,119.790', '计划店': 1, '跑到的计划店': 0, '执行率': 0.0, '计划星期': '周一', '实际主力星期': '未开工'}]",6,0.5,0.125,0.0,0.333,区块×16店 仅执行 25%; 区块×3店 仅执行 33%; 区块×55店 仅执行 35%,74.9,48.1,218.0,18,3,7.8,"[24, 25, 31, 25, 36, 0, 0]",3.71,1.0,139,1,区块大面积没开工,"金华市（永康市×70, 婺城区×56）：计划 239 店 / 239 次，分成 12 个区块（最大区块 62 店）。 地盘东西 74.9 × 南北 48.1 km；区块内店距中位 218 m。 节奏：18 个工作日、平均每天 7.8 家店、一天 1.0 个区块、当天作业半径中位 3.71 km；出勤 周一24/周二25/周三31/周四25/周五36；周六、周日 没跑。 ① 区块开工：12 块里他开工了 6 块；② 区块内执行率中位 12%（最弱一块 0%）；③ 区块星期一致 33%。 参考：覆盖 32%、同日 14%、相位 25%、量比 0.59。 结论：**有区块整块没开工**（6 块），先问为什么不去，而不是谈执行率。 最冷的区块（计划内执行率最低）：区块×16店 仅执行 25%; 区块×3店 仅执行 33%; 区块×55店 仅执行 35%。"
000657892,苏州市,"姑苏区×111, 吴中区×40",176,190,262,230,0.812,0.622,0.773,0.779,0.795,1.38,33,4,"[126, 22, 17, 11]","[{'块': '块1', '中心': '31.292,120.622', '计划店': 126, '跑到的计划店': 99, '执行率': 0.786, '计划星期': '周三', '实际主力星期': '周一'}, {'块': '块2', '中心': '31.438,120.759', '计划店': 22, '跑到的计划店': 20, '执行率': 0.909, '计划星期': '周五', '实际主力星期': '周五'}, {'块': '块3', '中心': '31.351,120.553', '计划店': 17, '跑到的计划店': 14, '执行率': 0.824, '计划星期': '周二', '实际主力星期': '周二'}, {'块': '块4', '中心': '31.483,120.817', '计划店': 11, '跑到的计划店': 10, '执行率': 0.909, '计划星期': '周五', '实际主力星期': '周五'}]",4,1.0,0.866,0.786,1.0,,26.1,24.3,65.0,21,10,12.5,"[79, 42, 42, 43, 44, 0, 12]",2.68,1.0,201,29,区块全开·星期照做,"苏州市（姑苏区×111, 吴中区×40）：计划 176 店 / 190 次，分成 4 个区块（最大区块 126 店）。 地盘东西 26.1 × 南北 24.3 km；区块内店距中位 65 m。 节奏：21 个工作日、平均每天 12.5 家店、一天 1.0 个区块、当天作业半径中位 2.68 km；出勤 周一79/周二42/周三42/周四43/周五44/周日12；周六 没跑。 ① 区块开工：4 块里他开工了 4 块；② 区块内执行率中位 87%（最弱一块 79%）；③ 区块星期一致 100%。 参考：覆盖 81%、同日 78%、相位 80%、量比 1.38。 结论：**计划怎么划他就怎么做**——区块全开工、区块内做全、星期按计划。"
000658193,上海市,"金山区×109, 嘉定区×1",104,110,282,244,0.99,0.422,0.99,0.991,0.99,2.56,1,9,"[55, 10, 10, 10, 10]","[{'块': '块1', '中心': '30.730,121.338', '计划店': 55, '跑到的计划店': 54, '执行率': 0.982, '计划星期': '周四', '实际主力星期': '周一'}, {'块': '块2', '中心': '30.889,121.014', '计划店': 10, '跑到的计划店': 10, '执行率': 1.0, '计划星期': '周五', '实际主力星期': '周五'}, {'块': '块3', '中心': '30.850,121.340', '计划店': 10, '跑到的计划店': 10, '执行率': 1.0, '计划星期': '周二', '实际主力星期': '周二'}, {'块': '块4', '中心': '30.886,121.316', '计划店': 10, '跑到的计划店': 10, '执行率': 1.0, '计划星期': '周二', '实际主力星期': '周二'}, {'块': '块5', '中心': '30.887,121.170', '计划店': 10, '跑到的计划店': 10, '执行率': 1.0, '计划星期': '周二', '实际主力星期': '周二'}, {'块': '块6', '中心': '30.829,121.236', '计划店': 6, '跑到的计划店': 6, '执行率': 1.0, '计划星期': '周二', '实际主力星期': '周二'}, {'块': '块7', '中心': '30.803,121.289', '计划店': 1, '跑到的计划店': 1, '执行率': 1.0, '计划星期': '周二', '实际主力星期': '周二'}, {'块': '块8', '中心': '30.853,121.232', '计划店': 1, '跑到的计划店': 1, '执行率': 1.0, '计划星期': '周二', '实际主力星期': '周二'}, {'块': '块9', '中心': '30.789,121.213', '计划店': 1, '跑到的计划店': 1, '执行率': 1.0, '计划星期': '周一', '实际主力星期': '周一'}]",9,1.0,1.0,0.982,1.0,,32.6,20.2,71.0,17,10,16.6,"[60, 51, 49, 49, 50, 23, 0]",0.75,1.0,210,34,区块全开·星期照做,"上海市（金山区×109, 嘉定区×1）：计划 104 店 / 110 次，分成 9 个区块（最大区块 55 店）。 地盘东西 32.6 × 南北 20.2 km；区块内店距中位 71 m。 节奏：17 个工作日、平均每天 16.6 家店、一天 1.0 个区块、当天作业半径中位 0.75 km；出勤 周一60/周二51/周三49/周四49/周五50/周六23；周日 没跑。 ① 区块开工：9 块里他开工了 9 块；② 区块内执行率中位 100%（最弱一块 98%）；③ 区块星期一致 100%。 参考：覆盖 99%、同日 99%、相位 99%、量比 2.56。 结论：**计划怎么划他就怎么做**——区块全开工、区块内做全、星期按计划。"
000658550,绵阳市,"涪城区×10, 安州区×6",16,16,197,180,1.0,0.089,1.0,1.0,1.0,12.31,0,2,"[10, 6]","[{'块': '块1', '中心': '31.483,104.719', '计划店': 10, '跑到的计划店': 10, '执行率': 1.0, '计划星期': '周一', '实际主力星期': '周一'}, {'块': '块2', '中心': '31.549,104.608', '计划店': 6, '跑到的计划店': 6, '执行率': 1.0, '计划星期': '周三', '实际主力星期': '周三'}]",2,1.0,1.0,1.0,1.0,,15.5,10.2,462.0,7,2,28.1,"[46, 34, 44, 38, 30, 5, 0]",0.37,1.0,163,17,区块全开·星期照做,"绵阳市（涪城区×10, 安州区×6）：计划 16 店 / 16 次，分成 2 个区块（最大区块 10 店）。 地盘东西 15.5 × 南北 10.2 km；区块内店距中位 462 m。 节奏：7 个工作日、平均每天 28.1 家店、一天 1.0 个区块、当天作业半径中位 0.37 km；出勤 周一46/周二34/周三44/周四38/周五30/周六5；周日 没跑。 ① 区块开工：2 块里他开工了 2 块；② 区块内执行率中位 100%（最弱一块 100%）；③ 区块星期一致 100%。 参考：覆盖 100%、同日 100%、相位 100%、量比 12.31。 结论：**计划怎么划他就怎么做**——区块全开工、区块内做全、星期按计划。"
000661437,大连市,"中山区×125, 普兰店区×34",171,178,402,312,0.965,0.529,0.953,0.949,0.953,2.26,6,7,"[129, 32, 5, 2, 1]","[{'块': '块1', '中心': '38.921,121.649', '计划店': 129, '跑到的计划店': 127, '执行率': 0.984, '计划星期': '周一', '实际主力星期': '周一'}, {'块': '块2', '中心': '39.402,121.965', '计划店': 32, '跑到的计划店': 31, '执行率': 0.969, '计划星期': '周二', '实际主力星期': '周二'}, {'块': '块3', '中心': '38.992,121.591', '计划店': 5, '跑到的计划店': 2, '执行率': 0.4, '计划星期': '周一', '实际主力星期': '周一'}, {'块': '块4', '中心': '38.876,121.686', '计划店': 2, '跑到的计划店': 2, '执行率': 1.0, '计划星期': '周四', '实际主力星期': '周二'}, {'块': '块5', '中心': '39.425,122.032', '计划店': 1, '跑到的计划店': 1, '执行率': 1.0, '计划星期': '周四', '实际主力星期': '周四'}, {'块': '块6', '中心': '38.974,121.625', '计划店': 1, '跑到的计划店': 1, '执行率': 1.0, '计划星期': '周一', '实际主力星期': '周二'}, {'块': '块7', '中心': '38.925,121.540', '计划店': 1, '跑到的计划店': 1, '执行率': 1.0, '计划星期': '周一', '实际主力星期': '周一'}]",7,1.0,1.0,0.4,1.0,区块×5店 仅执行 40%,42.5,61.1,90.0,22,11,18.3,"[72, 90, 77, 81, 75, 0, 7]",4.98,2.0,227,85,区块全开·星期照做,"大连市（中山区×125, 普兰店区×34）：计划 171 店 / 178 次，分成 7 个区块（最大区块 129 店）。 地盘东西 42.5 × 南北 61.1 km；区块内店距中位 90 m。 节奏：22 个工作日、平均每天 18.3 家店、一天 2.0 个区块、当天作业半径中位 4.98 km；出勤 周一72/周二90/周三77/周四81/周五75/周日7；周六 没跑。 ① 区块开工：7 块里他开工了 7 块；② 区块内执行率中位 100%（最弱一块 40%）；③ 区块星期一致 100%。 参考：覆盖 96%、同日 95%、相位 95%、量比 2.26。 结论：**计划怎么划他就怎么做**——区块全开工、区块内做全、星期按计划。 最冷的区块（计划内执行率最低）：区块×5店 仅执行 40%。"
000663253,南京市,鼓楼区×87,85,87,248,242,0.859,0.302,0.859,0.862,0.859,2.85,12,1,[85],"[{'块': '块1', '中心': '32.066,118.772', '计划店': 85, '跑到的计划店': 73, '执行率': 0.859, '计划星期': '周一', '实际主力星期': '周一'}]",1,1.0,0.859,0.859,1.0,,5.2,8.0,97.0,12,7,20.7,"[60, 39, 50, 56, 43, 0, 0]",0.54,1.0,236,6,区块全开·星期照做,南京市（鼓楼区×87）：计划 85 店 / 87 次，分成 1 个区块（最大区块 85 店）。 地盘东西 5.2 × 南北 8.0 km；区块内店距中位 97 m。 节奏：12 个工作日、平均每天 20.7 家店、一天 1.0 个区块、当天作业半径中位 0.54 km；出勤 周一60/周二39/周三50/周四56/周五43；周六、周日 没跑。 ① 区块开工：1 块里他开工了 1 块；② 区块内执行率中位 86%（最弱一块 86%）；③ 区块星期一致 100%。 参考：覆盖 86%、同日 86%、相位 86%、量比 2.85。 结论：**计划怎么划他就怎么做**——区块全开工、区块内做全、星期按计划。
000664988,青岛市,"黄岛区×144, 莱西市×95",229,263,31,30,0.083,0.633,0.024,0.019,0.022,0.12,210,9,"[109, 91, 15, 6, 4]","[{'块': '块1', '中心': '35.958,120.195', '计划店': 109, '跑到的计划店': 17, '执行率': 0.156, '计划星期': '周二', '实际主力星期': '周二'}, {'块': '块2', '中心': '36.871,120.526', '计划店': 91, '跑到的计划店': 0, '执行率': 0.0, '计划星期': '周四', '实际主力星期': '未开工'}, {'块': '块3', '中心': '36.111,120.415', '计划店': 15, '跑到的计划店': 0, '执行率': 0.0, '计划星期': '周一', '实际主力星期': '未开工'}, {'块': '块4', '中心': '36.174,120.422', '计划店': 6, '跑到的计划店': 0, '执行率': 0.0, '计划星期': '周一', '实际主力星期': '未开工'}, {'块': '块5', '中心': '35.982,120.288', '计划店': 4, '跑到的计划店': 2, '执行率': 0.5, '计划星期': '周二', '实际主力星期': '周三'}, {'块': '块6', '中心': '36.890,120.580', '计划店': 1, '跑到的计划店': 0, '执行率': 0.0, '计划星期': '周五', '实际主力星期': '未开工'}, {'块': '块7', '中心': '35.931,120.143', '计划店': 1, '跑到的计划店': 0, '执行率': 0.0, '计划星期': '周一', '实际主力星期': '未开工'}, {'块': '块8', '中心': '36.210,120.417', '计划店': 1, '跑到的计划店': 0, '执行率': 0.0, '计划星期': '周一', '实际主力星期': '未开工'}, {'块': '块9', '中心': '36.144,120.375', '计划店': 1, '跑到的计划店': 0, '执行率': 0.0, '计划星期': '周一', '实际主力星期': '未开工'}]",2,0.222,0.0,0.0,1.0,区块×109店 仅执行 16%; 区块×4店 仅执行 50%,39.0,107.0,121.0,3,6,10.3,"[0, 14, 17, 0, 0, 0, 0]",4.95,1.0,29,1,计划与实际几乎不相交,"青岛市（黄岛区×144, 莱西市×95）：计划 229 店 / 263 次，分成 9 个区块（最大区块 109 店）。 地盘东西 39.0 × 南北 107.0 km；区块内店距中位 121 m。 节奏：3 个工作日、平均每天 10.3 家店、一天 1.0 个区块、当天作业半径中位 4.95 km；出勤 周二14/周三17；周一、周四、周五、周六、周日 没跑。 ① 区块开工：9 块里他开工了 2 块；② 区块内执行率中位 0%（最弱一块 0%）；③ 区块星期一致 100%。 参考：覆盖 8%、同日 2%、相位 2%、量比 0.12。 结论：计划与实际几乎不相交——先查这块地盘是不是搞错了（管辖/门店清单），再谈行为。 最冷的区块（计划内执行率最低）：区块×109店 仅执行 16%; 区块×4店 仅执行 50%。"
000665947,宝鸡市,"陇县×17, 扶风县×13",37,37,8,8,0.216,1.0,0.081,0.054,0.135,0.22,29,5,"[17, 13, 3, 3, 1]","[{'块': '块1', '中心': '34.891,106.861', '计划店': 17, '跑到的计划店': 8, '执行率': 0.471, '计划星期': '周一', '实际主力星期': '周二'}, {'块': '块2', '中心': '34.377,107.897', '计划店': 13, '跑到的计划店': 0, '执行率': 0.0, '计划星期': '周五', '实际主力星期': '未开工'}, {'块': '块3', '中心': '34.141,107.906', '计划店': 3, '跑到的计划店': 0, '执行率': 0.0, '计划星期': '周三', '实际主力星期': '未开工'}, {'块': '块4', '中心': '34.225,107.831', '计划店': 3, '跑到的计划店': 0, '执行率': 0.0, '计划星期': '周四', '实际主力星期': '未开工'}, {'块': '块5', '中心': '34.277,107.732', '计划店': 1, '跑到的计划店': 0, '执行率': 0.0, '计划星期': '周二', '实际主力星期': '未开工'}]",1,0.2,0.0,0.0,0.0,区块×17店 仅执行 47%,97.1,84.7,189.0,1,8,8.0,"[0, 8, 0, 0, 0, 0, 0]",0.71,1.0,8,0,计划与实际几乎不相交,"宝鸡市（陇县×17, 扶风县×13）：计划 37 店 / 37 次，分成 5 个区块（最大区块 17 店）。 地盘东西 97.1 × 南北 84.7 km；区块内店距中位 189 m。 节奏：1 个工作日、平均每天 8.0 家店、一天 1.0 个区块、当天作业半径中位 0.71 km；出勤 周二8；周一、周三、周四、周五、周六、周日 没跑。 ① 区块开工：5 块里他开工了 1 块；② 区块内执行率中位 0%（最弱一块 0%）；③ 区块星期一致 0%。 参考：覆盖 22%、同日 5%、相位 14%、量比 0.22。 结论：计划与实际几乎不相交——先查这块地盘是不是搞错了（管辖/门店清单），再谈行为。 最冷的区块（计划内执行率最低）：区块×17店 仅执行 47%。"
000666131,深圳市,"南山区×254, 福田区×3",240,257,267,242,0.971,0.963,0.971,0.973,0.971,1.04,7,1,[240],"[{'块': '块1', '中心': '22.563,113.966', '计划店': 240, '跑到的计划店': 233, '执行率': 0.971, '计划星期': '周一', '实际主力星期': '周一'}]",1,1.0,0.971,0.971,1.0,,8.7,11.0,75.0,21,12,12.7,"[62, 54, 47, 52, 52, 0, 0]",1.72,1.0,217,25,区块全开·星期照做,"深圳市（南山区×254, 福田区×3）：计划 240 店 / 257 次，分成 1 个区块（最大区块 240 店）。 地盘东西 8.7 × 南北 11.0 km；区块内店距中位 75 m。 节奏：21 个工作日、平均每天 12.7 家店、一天 1.0 个区块、当天作业半径中位 1.72 km；出勤 周一62/周二54/周三47/周四52/周五52；周六、周日 没跑。 ① 区块开工：1 块里他开工了 1 块；② 区块内执行率中位 97%（最弱一块 97%）；③ 区块星期一致 100%。 参考：覆盖 97%、同日 97%、相位 97%、量比 1.04。 结论：**计划怎么划他就怎么做**——区块全开工、区块内做全、星期按计划。"
000667049,长春市,"二道区×144, 南关区×62",221,239,170,146,0.52,0.788,0.217,0.142,0.285,0.71,106,9,"[191, 15, 6, 2, 2]","[{'块': '块1', '中心': '43.863,125.377', '计划店': 191, '跑到的计划店': 110, '执行率': 0.576, '计划星期': '周一', '实际主力星期': '周一'}, {'块': '块2', '中心': '44.062,125.186', '计划店': 15, '跑到的计划店': 2, '执行率': 0.133, '计划星期': '周五', '实际主力星期': '周五'}, {'块': '块3', '中心': '43.934,125.280', '计划店': 6, '跑到的计划店': 0, '执行率': 0.0, '计划星期': '周五', '实际主力星期': '未开工'}, {'块': '块4', '中心': '44.094,125.163', '计划店': 2, '跑到的计划店': 0, '执行率': 0.0, '计划星期': '周五', '实际主力星期': '未开工'}, {'块': '块5', '中心': '43.858,125.237', '计划店': 2, '跑到的计划店': 1, '执行率': 0.5, '计划星期': '周一', '实际主力星期': '周三'}, {'块': '块6', '中心': '44.023,125.226', '计划店': 2, '跑到的计划店': 2, '执行率': 1.0, '计划星期': '周五', '实际主力星期': '周五'}, {'块': '块7', '中心': '43.834,125.321', '计划店': 1, '跑到的计划店': 0, '执行率': 0.0, '计划星期': '周一', '实际主力星期': '未开工'}, {'块': '块8', '中心': '43.837,125.258', '计划店': 1, '跑到的计划店': 0, '执行率': 0.0, '计划星期': '周一', '实际主力星期': '未开工'}, {'块': '块9', '中心': '43.815,125.342', '计划店': 1, '跑到的计划店': 0, '执行率': 0.0, '计划星期': '周一', '实际主力星期': '未开工'}]",4,0.444,0.0,0.0,0.75,区块×15店 仅执行 13%; 区块×2店 仅执行 50%; 区块×191店 仅执行 58%,22.3,31.1,83.0,18,8,9.4,"[71, 21, 22, 25, 26, 4, 1]",1.77,1.0,123,23,区块大面积没开工,"长春市（二道区×144, 南关区×62）：计划 221 店 / 239 次，分成 9 个区块（最大区块 191 店）。 地盘东西 22.3 × 南北 31.1 km；区块内店距中位 83 m。 节奏：18 个工作日、平均每天 9.4 家店、一天 1.0 个区块、当天作业半径中位 1.77 km；出勤 周一71/周二21/周三22/周四25/周五26/周六4/周日1。 ① 区块开工：9 块里他开工了 4 块；② 区块内执行率中位 0%（最弱一块 0%）；③ 区块星期一致 75%。 参考：覆盖 52%、同日 14%、相位 28%、量比 0.71。 结论：**有区块整块没开工**（5 块），先问为什么不去，而不是谈执行率。 最冷的区块（计划内执行率最低）：区块×15店 仅执行 13%; 区块×2店 仅执行 50%; 区块×191店 仅执行 58%。"
000667325,乌鲁木齐市,"米东区×102, 头屯河区×60",239,256,151,138,0.343,0.594,0.176,0.105,0.255,0.59,157,7,"[167, 23, 23, 14, 7]","[{'块': '块1', '中心': '43.898,87.621', '计划店': 167, '跑到的计划店': 61, '执行率': 0.365, '计划星期': '周一', '实际主力星期': '周一'}, {'块': '块2', '中心': '43.993,87.329', '计划店': 23, '跑到的计划店': 14, '执行率': 0.609, '计划星期': '周三', '实际主力星期': '周五'}, {'块': '块3', '中心': '43.878,87.428', '计划店': 23, '跑到的计划店': 2, '执行率': 0.087, '计划星期': '周三', '实际主力星期': '周二'}, {'块': '块4', '中心': '43.864,87.299', '计划店': 14, '跑到的计划店': 4, '执行率': 0.286, '计划星期': '周三', '实际主力星期': '周三'}, {'块': '块5', '中心': '43.789,87.466', '计划店': 7, '跑到的计划店': 0, '执行率': 0.0, '计划星期': '周二', '实际主力星期': '未开工'}, {'块': '块6', '中心': '43.831,87.427', '计划店': 4, '跑到的计划店': 0, '执行率': 0.0, '计划星期': '周四', '实际主力星期': '未开工'}, {'块': '块7', '中心': '43.934,87.334', '计划店': 1, '跑到的计划店': 1, '执行率': 1.0, '计划星期': '周三', '实际主力星期': '周三'}]",5,0.714,0.286,0.0,1.0,区块×23店 仅执行 9%; 区块×14店 仅执行 29%; 区块×167店 仅执行 37%,36.0,28.3,160.0,14,6,10.8,"[47, 23, 28, 31, 22, 0, 0]",3.59,1.0,126,12,区块缺了没开,"乌鲁木齐市（米东区×102, 头屯河区×60）：计划 239 店 / 256 次，分成 7 个区块（最大区块 167 店）。 地盘东西 36.0 × 南北 28.3 km；区块内店距中位 160 m。 节奏：14 个工作日、平均每天 10.8 家店、一天 1.0 个区块、当天作业半径中位 3.59 km；出勤 周一47/周二23/周三28/周四31/周五22；周六、周日 没跑。 ① 区块开工：7 块里他开工了 5 块；② 区块内执行率中位 29%（最弱一块 0%）；③ 区块星期一致 100%。 参考：覆盖 34%、同日 10%、相位 26%、量比 0.59。 结论：**有 2 个区块整块没开工**，但他开的那几块做得很好（执行率与星期都守）——先问为什么不去那几块。 最冷的区块（计划内执行率最低）：区块×23店 仅执行 9%; 区块×14店 仅执行 29%; 区块×167店 仅执行 37%。"
000669395,重庆市,"两江新区×40, 北碚区×3",42,44,313,214,0.881,0.173,0.881,0.886,0.881,7.11,5,4,"[29, 8, 3, 2]","[{'块': '块1', '中心': '29.635,106.498', '计划店': 29, '跑到的计划店': 24, '执行率': 0.828, '计划星期': '周一', '实际主力星期': '周一'}, {'块': '块2', '中心': '29.639,106.585', '计划店': 8, '跑到的计划店': 8, '执行率': 1.0, '计划星期': '周一', '实际主力星期': '周一'}, {'块': '块3', '中心': '29.726,106.492', '计划店': 3, '跑到的计划店': 3, '执行率': 1.0, '计划星期': '周二', '实际主力星期': '周二'}, {'块': '块4', '中心': '29.722,106.574', '计划店': 2, '跑到的计划店': 2, '执行率': 1.0, '计划星期': '周五', '实际主力星期': '周二'}]",4,1.0,1.0,0.828,1.0,,11.3,12.9,69.0,15,3,20.9,"[69, 68, 54, 56, 66, 0, 0]",1.06,1.0,137,77,区块全开·星期照做,"重庆市（两江新区×40, 北碚区×3）：计划 42 店 / 44 次，分成 4 个区块（最大区块 29 店）。 地盘东西 11.3 × 南北 12.9 km；区块内店距中位 69 m。 节奏：15 个工作日、平均每天 20.9 家店、一天 1.0 个区块、当天作业半径中位 1.06 km；出勤 周一69/周二68/周三54/周四56/周五66；周六、周日 没跑。 ① 区块开工：4 块里他开工了 4 块；② 区块内执行率中位 100%（最弱一块 83%）；③ 区块星期一致 100%。 参考：覆盖 88%、同日 89%、相位 88%、量比 7.11。 结论：**计划怎么划他就怎么做**——区块全开工、区块内做全、星期按计划。"
000669401,兰州市,"安宁区×31, 城关区×2",33,33,279,223,0.909,0.135,0.909,0.909,0.909,8.45,3,2,"[31, 2]","[{'块': '块1', '中心': '36.102,103.716', '计划店': 31, '跑到的计划店': 28, '执行率': 0.903, '计划星期': '周三', '实际主力星期': '周三'}, {'块': '块2', '中心': '36.055,103.849', '计划店': 2, '跑到的计划店': 2, '执行率': 1.0, '计划星期': '周三', '实际主力星期': '周三'}]",2,1.0,0.952,0.903,1.0,,14.2,6.5,27.0,7,4,39.9,"[88, 42, 63, 51, 35, 0, 0]",1.49,1.0,178,45,区块全开·星期照做,"兰州市（安宁区×31, 城关区×2）：计划 33 店 / 33 次，分成 2 个区块（最大区块 31 店）。 地盘东西 14.2 × 南北 6.5 km；区块内店距中位 27 m。 节奏：7 个工作日、平均每天 39.9 家店、一天 1.0 个区块、当天作业半径中位 1.49 km；出勤 周一88/周二42/周三63/周四51/周五35；周六、周日 没跑。 ① 区块开工：2 块里他开工了 2 块；② 区块内执行率中位 95%（最弱一块 90%）；③ 区块星期一致 100%。 参考：覆盖 91%、同日 91%、相位 91%、量比 8.45。 结论：**计划怎么划他就怎么做**——区块全开工、区块内做全、星期按计划。"
000672773,沈阳市,"沈河区×124, 苏家屯区×63",186,211,232,215,0.667,0.577,0.606,0.597,0.645,1.1,62,4,"[121, 62, 2, 1]","[{'块': '块1', '中心': '41.787,123.466', '计划店': 121, '跑到的计划店': 89, '执行率': 0.736, '计划星期': '周二', '实际主力星期': '周一'}, {'块': '块2', '中心': '41.672,123.367', '计划店': 62, '跑到的计划店': 33, '执行率': 0.532, '计划星期': '周三', '实际主力星期': '周四'}, {'块': '块3', '中心': '41.703,123.354', '计划店': 2, '跑到的计划店': 1, '执行率': 0.5, '计划星期': '周一', '实际主力星期': '周一'}, {'块': '块4', '中心': '41.728,123.404', '计划店': 1, '跑到的计划店': 1, '执行率': 1.0, '计划星期': '周二', '实际主力星期': '周五'}]",4,1.0,0.634,0.5,0.75,区块×2店 仅执行 50%; 区块×62店 仅执行 53%,17.3,19.8,110.0,18,8,12.9,"[59, 32, 30, 44, 38, 12, 17]",1.38,1.0,198,17,区块全开·店和星期都有欠,"沈阳市（沈河区×124, 苏家屯区×63）：计划 186 店 / 211 次，分成 4 个区块（最大区块 121 店）。 地盘东西 17.3 × 南北 19.8 km；区块内店距中位 110 m。 节奏：18 个工作日、平均每天 12.9 家店、一天 1.0 个区块、当天作业半径中位 1.38 km；出勤 周一59/周二32/周三30/周四44/周五38/周六12/周日17。 ① 区块开工：4 块里他开工了 4 块；② 区块内执行率中位 63%（最弱一块 50%）；③ 区块星期一致 75%。 参考：覆盖 67%、同日 60%、相位 64%、量比 1.1。 结论：区块开了，但店没做全、星期也没守——属于执行力不足，要具体看到底缺在哪块。 最冷的区块（计划内执行率最低）：区块×2店 仅执行 50%; 区块×62店 仅执行 53%。"
000675049,大连市,"沙河口区×72, 西岗区×71",188,197,234,208,0.66,0.596,0.651,0.645,0.654,1.19,64,12,"[141, 10, 10, 9, 8]","[{'块': '块1', '中心': '38.903,121.598', '计划店': 141, '跑到的计划店': 82, '执行率': 0.582, '计划星期': '周三', '实际主力星期': '周三'}, {'块': '块2', '中心': '38.812,121.266', '计划店': 10, '跑到的计划店': 10, '执行率': 1.0, '计划星期': '周一', '实际主力星期': '周一'}, {'块': '块3', '中心': '38.816,121.156', '计划店': 10, '跑到的计划店': 10, '执行率': 1.0, '计划星期': '周一', '实际主力星期': '周一'}, {'块': '块4', '中心': '38.857,121.251', '计划店': 9, '跑到的计划店': 8, '执行率': 0.889, '计划星期': '周一', '实际主力星期': '周一'}, {'块': '块5', '中心': '38.814,121.320', '计划店': 8, '跑到的计划店': 8, '执行率': 1.0, '计划星期': '周一', '实际主力星期': '周一'}, {'块': '块6', '中心': '38.853,121.442', '计划店': 4, '跑到的计划店': 4, '执行率': 1.0, '计划星期': '周五', '实际主力星期': '周五'}, {'块': '块7', '中心': '39.496,122.149', '计划店': 1, '跑到的计划店': 0, '执行率': 0.0, '计划星期': '周四', '实际主力星期': '未开工'}, {'块': '块8', '中心': '38.961,121.596', '计划店': 1, '跑到的计划店': 0, '执行率': 0.0, '计划星期': '周二', '实际主力星期': '未开工'}, {'块': '块9', '中心': '38.842,121.397', '计划店': 1, '跑到的计划店': 1, '执行率': 1.0, '计划星期': '周五', '实际主力星期': '周五'}, {'块': '块10', '中心': '38.916,121.275', '计划店': 1, '跑到的计划店': 0, '执行率': 0.0, '计划星期': '周五', '实际主力星期': '未开工'}, {'块': '块11', '中心': '38.794,121.190', '计划店': 1, '跑到的计划店': 1, '执行率': 1.0, '计划星期': '周一', '实际主力星期': '周一'}, {'块': '块12', '中心': '38.782,121.151', '计划店': 1, '跑到的计划店': 0, '执行率': 0.0, '计划星期': '周一', '实际主力星期': '未开工'}]",8,0.667,0.944,0.0,1.0,区块×141店 仅执行 58%,86.2,79.2,43.0,14,11,16.7,"[66, 58, 36, 50, 24, 0, 0]",1.39,1.0,189,19,区块缺了没开,"大连市（沙河口区×72, 西岗区×71）：计划 188 店 / 197 次，分成 12 个区块（最大区块 141 店）。 地盘东西 86.2 × 南北 79.2 km；区块内店距中位 43 m。 节奏：14 个工作日、平均每天 16.7 家店、一天 1.0 个区块、当天作业半径中位 1.39 km；出勤 周一66/周二58/周三36/周四50/周五24；周六、周日 没跑。 ① 区块开工：12 块里他开工了 8 块；② 区块内执行率中位 94%（最弱一块 0%）；③ 区块星期一致 100%。 参考：覆盖 66%、同日 64%、相位 65%、量比 1.19。 结论：**有 4 个区块整块没开工**，但他开的那几块做得很好（执行率与星期都守）——先问为什么不去那几块。 最冷的区块（计划内执行率最低）：区块×141店 仅执行 58%。"
000676068,沈阳市,"沈河区×32, 浑南区×29",93,98,60,54,0.054,0.093,0.011,0.0,0.011,0.61,88,6,"[62, 13, 10, 6, 1]","[{'块': '块1', '中心': '41.796,123.451', '计划店': 62, '跑到的计划店': 1, '执行率': 0.016, '计划星期': '周三', '实际主力星期': '周五'}, {'块': '块2', '中心': '41.688,123.424', '计划店': 13, '跑到的计划店': 0, '执行率': 0.0, '计划星期': '周三', '实际主力星期': '未开工'}, {'块': '块3', '中心': '41.737,123.398', '计划店': 10, '跑到的计划店': 4, '执行率': 0.4, '计划星期': '周一', '实际主力星期': '周五'}, {'块': '块4', '中心': '41.746,123.462', '计划店': 6, '跑到的计划店': 0, '执行率': 0.0, '计划星期': '周一', '实际主力星期': '未开工'}, {'块': '块5', '中心': '41.767,123.382', '计划店': 1, '跑到的计划店': 0, '执行率': 0.0, '计划星期': '周五', '实际主力星期': '未开工'}, {'块': '块6', '中心': '41.685,123.460', '计划店': 1, '跑到的计划店': 0, '执行率': 0.0, '计划星期': '周三', '实际主力星期': '未开工'}]",2,0.333,0.0,0.0,0.0,区块×62店 仅执行 2%; 区块×10店 仅执行 40%,8.6,15.0,65.0,1,5,60.0,"[10, 10, 19, 0, 21, 0, 0]",5.6,2.0,48,6,计划与实际几乎不相交,"沈阳市（沈河区×32, 浑南区×29）：计划 93 店 / 98 次，分成 6 个区块（最大区块 62 店）。 地盘东西 8.6 × 南北 15.0 km；区块内店距中位 65 m。 节奏：1 个工作日、平均每天 60.0 家店、一天 2.0 个区块、当天作业半径中位 5.6 km；出勤 周一10/周二10/周三19/周五21；周四、周六、周日 没跑。 ① 区块开工：6 块里他开工了 2 块；② 区块内执行率中位 0%（最弱一块 0%）；③ 区块星期一致 0%。 参考：覆盖 5%、同日 0%、相位 1%、量比 0.61。 结论：计划与实际几乎不相交——先查这块地盘是不是搞错了（管辖/门店清单），再谈行为。 最冷的区块（计划内执行率最低）：区块×62店 仅执行 2%; 区块×10店 仅执行 40%。"
000676593,唐山市,"路北区×8, 乐亭县×2",11,11,259,238,1.0,0.046,0.727,0.545,0.727,23.55,0,4,"[7, 2, 1, 1]","[{'块': '块1', '中心': '39.651,118.181', '计划店': 7, '跑到的计划店': 7, '执行率': 1.0, '计划星期': '周一', '实际主力星期': '周一'}, {'块': '块2', '中心': '39.231,118.994', '计划店': 2, '跑到的计划店': 2, '执行率': 1.0, '计划星期': '周三', '实际主力星期': '周二'}, {'块': '块3', '中心': '39.688,118.169', '计划店': 1, '跑到的计划店': 1, '执行率': 1.0, '计划星期': '周五', '实际主力星期': '周五'}, {'块': '块4', '中心': '39.579,118.052', '计划店': 1, '跑到的计划店': 1, '执行率': 1.0, '计划星期': '周四', '实际主力星期': '周四'}]",4,1.0,1.0,1.0,1.0,,80.8,50.7,415.0,11,1,23.5,"[64, 44, 57, 45, 32, 17, 0]",0.17,1.0,219,19,区块全开·星期照做,"唐山市（路北区×8, 乐亭县×2）：计划 11 店 / 11 次，分成 4 个区块（最大区块 7 店）。 地盘东西 80.8 × 南北 50.7 km；区块内店距中位 415 m。 节奏：11 个工作日、平均每天 23.5 家店、一天 1.0 个区块、当天作业半径中位 0.17 km；出勤 周一64/周二44/周三57/周四45/周五32/周六17；周日 没跑。 ① 区块开工：4 块里他开工了 4 块；② 区块内执行率中位 100%（最弱一块 100%）；③ 区块星期一致 100%。 参考：覆盖 100%、同日 55%、相位 73%、量比 23.55。 结论：**计划怎么划他就怎么做**——区块全开工、区块内做全、星期按计划。"
000676638,淄博市,"周村区×59, 张店区×48",172,172,283,221,0.657,0.511,0.5,0.488,0.628,1.65,59,10,"[52, 50, 36, 26, 3]","[{'块': '块1', '中心': '36.808,117.863', '计划店': 52, '跑到的计划店': 49, '执行率': 0.942, '计划星期': '周五', '实际主力星期': '周二'}, {'块': '块2', '中心': '36.819,118.042', '计划店': 50, '跑到的计划店': 36, '执行率': 0.72, '计划星期': '周一', '实际主力星期': '周四'}, {'块': '块3', '中心': '36.877,117.744', '计划店': 36, '跑到的计划店': 11, '执行率': 0.306, '计划星期': '周二', '实际主力星期': '周二'}, {'块': '块4', '中心': '37.167,117.844', '计划店': 26, '跑到的计划店': 15, '执行率': 0.577, '计划星期': '周三', '实际主力星期': '周五'}, {'块': '块5', '中心': '36.832,117.931', '计划店': 3, '跑到的计划店': 0, '执行率': 0.0, '计划星期': '周四', '实际主力星期': '未开工'}, {'块': '块6', '中心': '36.835,117.753', '计划店': 1, '跑到的计划店': 0, '执行率': 0.0, '计划星期': '周二', '实际主力星期': '未开工'}, {'块': '块7', '中心': '36.817,117.739', '计划店': 1, '跑到的计划店': 1, '执行率': 1.0, '计划星期': '周五', '实际主力星期': '周五'}, {'块': '块8', '中心': '36.778,117.967', '计划店': 1, '跑到的计划店': 0, '执行率': 0.0, '计划星期': '周四', '实际主力星期': '未开工'}, {'块': '块9', '中心': '36.922,117.661', '计划店': 1, '跑到的计划店': 0, '执行率': 0.0, '计划星期': '周四', '实际主力星期': '未开工'}, {'块': '块10', '中心': '36.760,117.910', '计划店': 1, '跑到的计划店': 1, '执行率': 1.0, '计划星期': '周五', '实际主力星期': '周五'}]",6,0.6,0.441,0.0,1.0,区块×36店 仅执行 31%; 区块×26店 仅执行 58%,36.1,46.0,231.0,17,9,16.6,"[70, 45, 44, 50, 40, 34, 0]",2.3,1.0,167,54,区块缺了没开,"淄博市（周村区×59, 张店区×48）：计划 172 店 / 172 次，分成 10 个区块（最大区块 52 店）。 地盘东西 36.1 × 南北 46.0 km；区块内店距中位 231 m。 节奏：17 个工作日、平均每天 16.6 家店、一天 1.0 个区块、当天作业半径中位 2.3 km；出勤 周一70/周二45/周三44/周四50/周五40/周六34；周日 没跑。 ① 区块开工：10 块里他开工了 6 块；② 区块内执行率中位 44%（最弱一块 0%）；③ 区块星期一致 100%。 参考：覆盖 66%、同日 49%、相位 63%、量比 1.65。 结论：**有 4 个区块整块没开工**，但他开的那几块做得很好（执行率与星期都守）——先问为什么不去那几块。 最冷的区块（计划内执行率最低）：区块×36店 仅执行 31%; 区块×26店 仅执行 58%。"
000677137,长春市,"南关区×182, 朝阳区×2",179,188,145,139,0.52,0.669,0.436,0.394,0.464,0.77,86,1,[179],"[{'块': '块1', '中心': '43.843,125.348', '计划店': 179, '跑到的计划店': 93, '执行率': 0.52, '计划星期': '周一', '实际主力星期': '周五'}]",1,1.0,0.52,0.52,1.0,区块×179店 仅执行 52%,7.1,12.3,72.0,11,9,13.2,"[28, 11, 39, 22, 45, 0, 0]",2.51,1.0,133,6,区块全开·区块内欠访,"长春市（南关区×182, 朝阳区×2）：计划 179 店 / 188 次，分成 1 个区块（最大区块 179 店）。 地盘东西 7.1 × 南北 12.3 km；区块内店距中位 72 m。 节奏：11 个工作日、平均每天 13.2 家店、一天 1.0 个区块、当天作业半径中位 2.51 km；出勤 周一28/周二11/周三39/周四22/周五45；周六、周日 没跑。 ① 区块开工：1 块里他开工了 1 块；② 区块内执行率中位 52%（最弱一块 52%）；③ 区块星期一致 100%。 参考：覆盖 52%、同日 39%、相位 46%、量比 0.77。 结论：区块都开了、星期也守，但**区块内没做全**（存在欠访）。 最冷的区块（计划内执行率最低）：区块×179店 仅执行 52%。"
000677953,潍坊市,"奎文区×203, 潍城区×30",234,276,226,205,0.62,0.707,0.466,0.384,0.517,0.82,89,5,"[212, 18, 2, 1, 1]","[{'块': '块1', '中心': '36.710,119.160', '计划店': 212, '跑到的计划店': 124, '执行率': 0.585, '计划星期': '周二', '实际主力星期': '周五'}, {'块': '块2', '中心': '37.041,119.161', '计划店': 18, '跑到的计划店': 17, '执行率': 0.944, '计划星期': '周一', '实际主力星期': '周一'}, {'块': '块3', '中心': '36.761,119.215', '计划店': 2, '跑到的计划店': 2, '执行率': 1.0, '计划星期': '周二', '实际主力星期': '周六'}, {'块': '块4', '中心': '36.523,119.426', '计划店': 1, '跑到的计划店': 1, '执行率': 1.0, '计划星期': '周三', '实际主力星期': '周三'}, {'块': '块5', '中心': '36.658,119.045', '计划店': 1, '跑到的计划店': 1, '执行率': 1.0, '计划星期': '周四', '实际主力星期': '周四'}]",5,1.0,1.0,0.585,1.0,区块×212店 仅执行 58%,36.8,58.8,122.0,21,8,10.8,"[33, 25, 23, 27, 42, 51, 25]",5.82,1.0,186,19,区块全开·星期照做,"潍坊市（奎文区×203, 潍城区×30）：计划 234 店 / 276 次，分成 5 个区块（最大区块 212 店）。 地盘东西 36.8 × 南北 58.8 km；区块内店距中位 122 m。 节奏：21 个工作日、平均每天 10.8 家店、一天 1.0 个区块、当天作业半径中位 5.82 km；出勤 周一33/周二25/周三23/周四27/周五42/周六51/周日25。 ① 区块开工：5 块里他开工了 5 块；② 区块内执行率中位 100%（最弱一块 58%）；③ 区块星期一致 100%。 参考：覆盖 62%、同日 38%、相位 52%、量比 0.82。 结论：**计划怎么划他就怎么做**——区块全开工、区块内做全、星期按计划。 最冷的区块（计划内执行率最低）：区块×212店 仅执行 58%。"
000683993,包头市,"昆都仑区×227, 青山区×23",232,258,218,201,0.552,0.637,0.233,0.186,0.371,0.84,104,1,[232],"[{'块': '块1', '中心': '40.651,109.822', '计划店': 232, '跑到的计划店': 128, '执行率': 0.552, '计划星期': '周一', '实际主力星期': '周一'}]",1,1.0,0.552,0.552,1.0,区块×232店 仅执行 55%,9.4,11.7,44.0,19,8,11.5,"[49, 28, 52, 48, 41, 0, 0]",2.64,1.0,184,17,区块全开·区块内欠访,"包头市（昆都仑区×227, 青山区×23）：计划 232 店 / 258 次，分成 1 个区块（最大区块 232 店）。 地盘东西 9.4 × 南北 11.7 km；区块内店距中位 44 m。 节奏：19 个工作日、平均每天 11.5 家店、一天 1.0 个区块、当天作业半径中位 2.64 km；出勤 周一49/周二28/周三52/周四48/周五41；周六、周日 没跑。 ① 区块开工：1 块里他开工了 1 块；② 区块内执行率中位 55%（最弱一块 55%）；③ 区块星期一致 100%。 参考：覆盖 55%、同日 19%、相位 37%、量比 0.84。 结论：区块都开了、星期也守，但**区块内没做全**（存在欠访）。 最冷的区块（计划内执行率最低）：区块×232店 仅执行 55%。"
000685128,佛山市,"三水区×164, 南海区×3",151,167,230,195,0.887,0.687,0.888,0.898,0.887,1.38,17,8,"[124, 12, 6, 4, 2]","[{'块': '块1', '中心': '23.173,112.889', '计划店': 124, '跑到的计划店': 114, '执行率': 0.919, '计划星期': '周二', '实际主力星期': '周二'}, {'块': '块2', '中心': '23.247,113.006', '计划店': 12, '跑到的计划店': 12, '执行率': 1.0, '计划星期': '周一', '实际主力星期': '周一'}, {'块': '块3', '中心': '23.261,112.925', '计划店': 6, '跑到的计划店': 2, '执行率': 0.333, '计划星期': '周一', '实际主力星期': '周一'}, {'块': '块4', '中心': '23.279,112.872', '计划店': 4, '跑到的计划店': 2, '执行率': 0.5, '计划星期': '周一', '实际主力星期': '周一'}, {'块': '块5', '中心': '23.078,112.826', '计划店': 2, '跑到的计划店': 1, '执行率': 0.5, '计划星期': '周三', '实际主力星期': '周三'}, {'块': '块6', '中心': '23.199,112.837', '计划店': 1, '跑到的计划店': 1, '执行率': 1.0, '计划星期': '周五', '实际主力星期': '周五'}, {'块': '块7', '中心': '23.139,112.988', '计划店': 1, '跑到的计划店': 1, '执行率': 1.0, '计划星期': '周五', '实际主力星期': '周五'}, {'块': '块8', '中心': '23.039,112.882', '计划店': 1, '跑到的计划店': 1, '执行率': 1.0, '计划星期': '周三', '实际主力星期': '周一'}]",8,1.0,0.96,0.333,1.0,区块×6店 仅执行 33%; 区块×4店 仅执行 50%; 区块×2店 仅执行 50%,19.7,27.7,126.0,19,10,12.1,"[54, 44, 32, 44, 56, 0, 0]",4.3,1.0,161,34,区块全开·星期照做,"佛山市（三水区×164, 南海区×3）：计划 151 店 / 167 次，分成 8 个区块（最大区块 124 店）。 地盘东西 19.7 × 南北 27.7 km；区块内店距中位 126 m。 节奏：19 个工作日、平均每天 12.1 家店、一天 1.0 个区块、当天作业半径中位 4.3 km；出勤 周一54/周二44/周三32/周四44/周五56；周六、周日 没跑。 ① 区块开工：8 块里他开工了 8 块；② 区块内执行率中位 96%（最弱一块 33%）；③ 区块星期一致 100%。 参考：覆盖 89%、同日 90%、相位 89%、量比 1.38。 结论：**计划怎么划他就怎么做**——区块全开工、区块内做全、星期按计划。 最冷的区块（计划内执行率最低）：区块×6店 仅执行 33%; 区块×4店 仅执行 50%; 区块×2店 仅执行 50%。"
000685195,金华市,"义乌市×227, 浦江县×20",247,247,227,221,0.757,0.846,0.486,0.47,0.587,0.92,60,8,"[198, 15, 12, 11, 8]","[{'块': '块1', '中心': '29.303,120.076', '计划店': 198, '跑到的计划店': 148, '执行率': 0.747, '计划星期': '周四', '实际主力星期': '周三'}, {'块': '块2', '中心': '29.452,119.900', '计划店': 15, '跑到的计划店': 10, '执行率': 0.667, '计划星期': '周一', '实际主力星期': '周五'}, {'块': '块3', '中心': '29.331,120.170', '计划店': 12, '跑到的计划店': 12, '执行率': 1.0, '计划星期': '周五', '实际主力星期': '周四'}, {'块': '块4', '中心': '29.201,120.022', '计划店': 11, '跑到的计划店': 7, '执行率': 0.636, '计划星期': '周五', '实际主力星期': '周五'}, {'块': '块5', '中心': '29.403,120.138', '计划店': 8, '跑到的计划店': 8, '执行率': 1.0, '计划星期': '周一', '实际主力星期': '周一'}, {'块': '块6', '中心': '29.455,120.135', '计划店': 1, '跑到的计划店': 1, '执行率': 1.0, '计划星期': '周一', '实际主力星期': '周一'}, {'块': '块7', '中心': '29.289,119.987', '计划店': 1, '跑到的计划店': 0, '执行率': 0.0, '计划星期': '周二', '实际主力星期': '未开工'}, {'块': '块8', '中心': '29.275,119.930', '计划店': 1, '跑到的计划店': 1, '执行率': 1.0, '计划星期': '周五', '实际主力星期': '周五'}]",7,0.875,0.874,0.0,1.0,,29.0,31.6,79.0,21,10,10.8,"[54, 37, 36, 35, 39, 24, 2]",3.21,1.0,215,6,区块缺了没开,"金华市（义乌市×227, 浦江县×20）：计划 247 店 / 247 次，分成 8 个区块（最大区块 198 店）。 地盘东西 29.0 × 南北 31.6 km；区块内店距中位 79 m。 节奏：21 个工作日、平均每天 10.8 家店、一天 1.0 个区块、当天作业半径中位 3.21 km；出勤 周一54/周二37/周三36/周四35/周五39/周六24/周日2。 ① 区块开工：8 块里他开工了 7 块；② 区块内执行率中位 87%（最弱一块 0%）；③ 区块星期一致 100%。 参考：覆盖 76%、同日 47%、相位 59%、量比 0.92。 结论：**有 1 个区块整块没开工**，但他开的那几块做得很好（执行率与星期都守）——先问为什么不去那几块。"
000685565,厦门市,"思明区×223, 湖里区×18",227,242,252,232,0.943,0.922,0.939,0.942,0.943,1.04,13,4,"[224, 1, 1, 1]","[{'块': '块1', '中心': '24.471,118.125', '计划店': 224, '跑到的计划店': 211, '执行率': 0.942, '计划星期': '周一', '实际主力星期': '周一'}, {'块': '块2', '中心': '24.538,118.111', '计划店': 1, '跑到的计划店': 1, '执行率': 1.0, '计划星期': '周二', '实际主力星期': '周二'}, {'块': '块3', '中心': '24.562,118.229', '计划店': 1, '跑到的计划店': 1, '执行率': 1.0, '计划星期': '周四', '实际主力星期': '周四'}, {'块': '块4', '中心': '24.611,118.140', '计划店': 1, '跑到的计划店': 1, '执行率': 1.0, '计划星期': '周四', '实际主力星期': '周四'}]",4,1.0,1.0,0.942,1.0,,15.5,20.8,75.0,19,12,13.3,"[70, 36, 49, 47, 50, 0, 0]",3.2,1.0,212,20,区块全开·星期照做,"厦门市（思明区×223, 湖里区×18）：计划 227 店 / 242 次，分成 4 个区块（最大区块 224 店）。 地盘东西 15.5 × 南北 20.8 km；区块内店距中位 75 m。 节奏：19 个工作日、平均每天 13.3 家店、一天 1.0 个区块、当天作业半径中位 3.2 km；出勤 周一70/周二36/周三49/周四47/周五50；周六、周日 没跑。 ① 区块开工：4 块里他开工了 4 块；② 区块内执行率中位 100%（最弱一块 94%）；③ 区块星期一致 100%。 参考：覆盖 94%、同日 94%、相位 94%、量比 1.04。 结论：**计划怎么划他就怎么做**——区块全开工、区块内做全、星期按计划。"
000685659,深圳市,福田区×207,190,207,252,216,0.842,0.741,0.838,0.85,0.837,1.22,30,1,[190],"[{'块': '块1', '中心': '22.539,114.078', '计划店': 190, '跑到的计划店': 160, '执行率': 0.842, '计划星期': '周一', '实际主力星期': '周一'}]",1,1.0,0.842,0.842,1.0,,5.5,6.2,54.0,21,11,12.0,"[48, 40, 44, 40, 44, 23, 13]",1.79,1.0,182,34,区块全开·区块内欠访,深圳市（福田区×207）：计划 190 店 / 207 次，分成 1 个区块（最大区块 190 店）。 地盘东西 5.5 × 南北 6.2 km；区块内店距中位 54 m。 节奏：21 个工作日、平均每天 12.0 家店、一天 1.0 个区块、当天作业半径中位 1.79 km；出勤 周一48/周二40/周三44/周四40/周五44/周六23/周日13。 ① 区块开工：1 块里他开工了 1 块；② 区块内执行率中位 84%（最弱一块 84%）；③ 区块星期一致 100%。 参考：覆盖 84%、同日 85%、相位 84%、量比 1.22。 结论：区块都开了、星期也守，但**区块内没做全**（存在欠访）。
000685664,佛山市,"顺德区×233, 南沙区×1",224,234,214,200,0.844,0.945,0.844,0.846,0.844,0.91,35,4,"[214, 7, 2, 1]","[{'块': '块1', '中心': '22.825,113.269', '计划店': 214, '跑到的计划店': 180, '执行率': 0.841, '计划星期': '周一', '实际主力星期': '周一'}, {'块': '块2', '中心': '22.789,113.169', '计划店': 7, '跑到的计划店': 7, '执行率': 1.0, '计划星期': '周三', '实际主力星期': '周三'}, {'块': '块3', '中心': '22.801,113.377', '计划店': 2, '跑到的计划店': 1, '执行率': 0.5, '计划星期': '周一', '实际主力星期': '周一'}, {'块': '块4', '中心': '22.858,113.037', '计划店': 1, '跑到的计划店': 1, '执行率': 1.0, '计划星期': '周三', '实际主力星期': '周三'}]",4,1.0,0.921,0.5,1.0,区块×2店 仅执行 50%,35.4,9.2,75.0,21,10,10.2,"[53, 34, 39, 39, 43, 6, 0]",1.35,1.0,187,13,区块全开·星期照做,"佛山市（顺德区×233, 南沙区×1）：计划 224 店 / 234 次，分成 4 个区块（最大区块 214 店）。 地盘东西 35.4 × 南北 9.2 km；区块内店距中位 75 m。 节奏：21 个工作日、平均每天 10.2 家店、一天 1.0 个区块、当天作业半径中位 1.35 km；出勤 周一53/周二34/周三39/周四39/周五43/周六6；周日 没跑。 ① 区块开工：4 块里他开工了 4 块；② 区块内执行率中位 92%（最弱一块 50%）；③ 区块星期一致 100%。 参考：覆盖 84%、同日 85%、相位 84%、量比 0.91。 结论：**计划怎么划他就怎么做**——区块全开工、区块内做全、星期按计划。 最冷的区块（计划内执行率最低）：区块×2店 仅执行 50%。"
000685767,广州市,"增城区×223, 黄埔区×11",211,234,232,208,0.882,0.894,0.858,0.829,0.872,0.99,25,3,"[107, 102, 2]","[{'块': '块1', '中心': '23.291,113.826', '计划店': 107, '跑到的计划店': 99, '执行率': 0.925, '计划星期': '周四', '实际主力星期': '周四'}, {'块': '块2', '中心': '23.295,113.638', '计划店': 102, '跑到的计划店': 85, '执行率': 0.833, '计划星期': '周一', '实际主力星期': '周一'}, {'块': '块3', '中心': '23.282,113.744', '计划店': 2, '跑到的计划店': 2, '执行率': 1.0, '计划星期': '周三', '实际主力星期': '周三'}]",3,1.0,0.925,0.833,1.0,,28.5,15.6,89.0,18,12,12.9,"[50, 40, 45, 47, 50, 0, 0]",3.43,1.0,184,24,区块全开·星期照做,"广州市（增城区×223, 黄埔区×11）：计划 211 店 / 234 次，分成 3 个区块（最大区块 107 店）。 地盘东西 28.5 × 南北 15.6 km；区块内店距中位 89 m。 节奏：18 个工作日、平均每天 12.9 家店、一天 1.0 个区块、当天作业半径中位 3.43 km；出勤 周一50/周二40/周三45/周四47/周五50；周六、周日 没跑。 ① 区块开工：3 块里他开工了 3 块；② 区块内执行率中位 92%（最弱一块 83%）；③ 区块星期一致 100%。 参考：覆盖 88%、同日 83%、相位 87%、量比 0.99。 结论：**计划怎么划他就怎么做**——区块全开工、区块内做全、星期按计划。"
000695113,中山市,中山市×244,223,244,250,222,0.933,0.937,0.919,0.877,0.897,1.02,15,2,"[222, 1]","[{'块': '块1', '中心': '22.510,113.399', '计划店': 222, '跑到的计划店': 208, '执行率': 0.937, '计划星期': '周一', '实际主力星期': '周一'}, {'块': '块2', '中心': '22.390,113.455', '计划店': 1, '跑到的计划店': 0, '执行率': 0.0, '计划星期': '周一', '实际主力星期': '未开工'}]",1,0.5,0.468,0.0,1.0,,9.6,17.2,99.0,20,12,12.5,"[63, 40, 40, 53, 54, 0, 0]",1.98,1.0,198,24,区块大面积没开工,中山市（中山市×244）：计划 223 店 / 244 次，分成 2 个区块（最大区块 222 店）。 地盘东西 9.6 × 南北 17.2 km；区块内店距中位 99 m。 节奏：20 个工作日、平均每天 12.5 家店、一天 1.0 个区块、当天作业半径中位 1.98 km；出勤 周一63/周二40/周三40/周四53/周五54；周六、周日 没跑。 ① 区块开工：2 块里他开工了 1 块；② 区块内执行率中位 47%（最弱一块 0%）；③ 区块星期一致 100%。 参考：覆盖 93%、同日 88%、相位 90%、量比 1.02。 结论：**有区块整块没开工**（1 块），先问为什么不去，而不是谈执行率。
000695117,成都市,"锦江区×6, 龙泉驿区×3",7,9,245,232,0.714,0.022,0.714,0.556,0.714,27.22,2,3,"[3, 2, 2]","[{'块': '块1', '中心': '30.378,104.557', '计划店': 3, '跑到的计划店': 3, '执行率': 1.0, '计划星期': '周一', '实际主力星期': '周一'}, {'块': '块2', '中心': '30.414,104.534', '计划店': 2, '跑到的计划店': 1, '执行率': 0.5, '计划星期': '周三', '实际主力星期': '周三'}, {'块': '块3', '中心': '30.555,104.317', '计划店': 2, '跑到的计划店': 1, '执行率': 0.5, '计划星期': '周二', '实际主力星期': '周二'}]",3,1.0,0.5,0.5,1.0,区块×2店 仅执行 50%; 区块×2店 仅执行 50%,24.0,20.4,621.0,5,1,49.0,"[74, 40, 31, 51, 47, 2, 0]",0.01,1.0,219,13,区块全开·区块内欠访,"成都市（锦江区×6, 龙泉驿区×3）：计划 7 店 / 9 次，分成 3 个区块（最大区块 3 店）。 地盘东西 24.0 × 南北 20.4 km；区块内店距中位 621 m。 节奏：5 个工作日、平均每天 49.0 家店、一天 1.0 个区块、当天作业半径中位 0.01 km；出勤 周一74/周二40/周三31/周四51/周五47/周六2；周日 没跑。 ① 区块开工：3 块里他开工了 3 块；② 区块内执行率中位 50%（最弱一块 50%）；③ 区块星期一致 100%。 参考：覆盖 71%、同日 56%、相位 71%、量比 27.22。 结论：区块都开了、星期也守，但**区块内没做全**（存在欠访）。 最冷的区块（计划内执行率最低）：区块×2店 仅执行 50%; 区块×2店 仅执行 50%。"
000698771,深圳市,龙岗区×262,241,262,259,227,0.867,0.921,0.867,0.878,0.867,0.99,32,2,"[222, 19]","[{'块': '块1', '中心': '22.712,114.252', '计划店': 222, '跑到的计划店': 195, '执行率': 0.878, '计划星期': '周一', '实际主力星期': '周一'}, {'块': '块2', '中心': '22.768,114.309', '计划店': 19, '跑到的计划店': 14, '执行率': 0.737, '计划星期': '周五', '实际主力星期': '周五'}]",2,1.0,0.808,0.737,1.0,,11.6,12.6,88.0,22,11,11.8,"[55, 59, 44, 44, 44, 0, 13]",2.13,1.0,195,32,区块全开·区块内欠访,深圳市（龙岗区×262）：计划 241 店 / 262 次，分成 2 个区块（最大区块 222 店）。 地盘东西 11.6 × 南北 12.6 km；区块内店距中位 88 m。 节奏：22 个工作日、平均每天 11.8 家店、一天 1.0 个区块、当天作业半径中位 2.13 km；出勤 周一55/周二59/周三44/周四44/周五44/周日13；周六 没跑。 ① 区块开工：2 块里他开工了 2 块；② 区块内执行率中位 81%（最弱一块 74%）；③ 区块星期一致 100%。 参考：覆盖 87%、同日 88%、相位 87%、量比 0.99。 结论：区块都开了、星期也守，但**区块内没做全**（存在欠访）。
000699200,湛江市,"赤坎区×241, 霞山区×11",236,252,253,233,0.949,0.961,0.949,0.952,0.949,1.0,12,1,[236],"[{'块': '块1', '中心': '21.263,110.384', '计划店': 236, '跑到的计划店': 224, '执行率': 0.949, '计划星期': '周一', '实际主力星期': '周一'}]",1,1.0,0.949,0.949,1.0,,8.3,10.2,74.0,21,12,12.0,"[61, 48, 36, 48, 48, 12, 0]",1.24,1.0,213,20,区块全开·星期照做,"湛江市（赤坎区×241, 霞山区×11）：计划 236 店 / 252 次，分成 1 个区块（最大区块 236 店）。 地盘东西 8.3 × 南北 10.2 km；区块内店距中位 74 m。 节奏：21 个工作日、平均每天 12.0 家店、一天 1.0 个区块、当天作业半径中位 1.24 km；出勤 周一61/周二48/周三36/周四48/周五48/周六12；周日 没跑。 ① 区块开工：1 块里他开工了 1 块；② 区块内执行率中位 95%（最弱一块 95%）；③ 区块星期一致 100%。 参考：覆盖 95%、同日 95%、相位 95%、量比 1.0。 结论：**计划怎么划他就怎么做**——区块全开工、区块内做全、星期按计划。"
000699805,汕头市,"澄海区×114, 龙湖区×107",208,231,298,244,0.995,0.848,0.995,0.987,0.986,1.29,1,5,"[178, 12, 9, 5, 4]","[{'块': '块1', '中心': '23.421,116.759', '计划店': 178, '跑到的计划店': 177, '执行率': 0.994, '计划星期': '周四', '实际主力星期': '周一'}, {'块': '块2', '中心': '23.556,116.735', '计划店': 12, '跑到的计划店': 12, '执行率': 1.0, '计划星期': '周二', '实际主力星期': '周二'}, {'块': '块3', '中心': '23.559,116.819', '计划店': 9, '跑到的计划店': 9, '执行率': 1.0, '计划星期': '周三', '实际主力星期': '周三'}, {'块': '块4', '中心': '23.256,116.599', '计划店': 5, '跑到的计划店': 5, '执行率': 1.0, '计划星期': '周一', '实际主力星期': '周一'}, {'块': '块5', '中心': '23.220,116.360', '计划店': 4, '跑到的计划店': 4, '执行率': 1.0, '计划星期': '周一', '实际主力星期': '周一'}]",5,1.0,1.0,0.994,1.0,,52.0,41.2,128.0,22,11,13.5,"[68, 61, 55, 53, 48, 13, 0]",8.66,1.0,200,44,区块全开·星期照做,"汕头市（澄海区×114, 龙湖区×107）：计划 208 店 / 231 次，分成 5 个区块（最大区块 178 店）。 地盘东西 52.0 × 南北 41.2 km；区块内店距中位 128 m。 节奏：22 个工作日、平均每天 13.5 家店、一天 1.0 个区块、当天作业半径中位 8.66 km；出勤 周一68/周二61/周三55/周四53/周五48/周六13；周日 没跑。 ① 区块开工：5 块里他开工了 5 块；② 区块内执行率中位 100%（最弱一块 99%）；③ 区块星期一致 100%。 参考：覆盖 100%、同日 99%、相位 99%、量比 1.29。 结论：**计划怎么划他就怎么做**——区块全开工、区块内做全、星期按计划。"
000699979,广州市,海珠区×252,235,252,256,238,1.0,0.987,1.0,1.0,1.0,1.02,0,1,[235],"[{'块': '块1', '中心': '23.091,113.314', '计划店': 235, '跑到的计划店': 235, '执行率': 1.0, '计划星期': '周一', '实际主力星期': '周一'}]",1,1.0,1.0,1.0,1.0,,6.5,5.1,75.0,21,12,12.2,"[61, 48, 48, 48, 51, 0, 0]",0.84,1.0,220,18,区块全开·星期照做,广州市（海珠区×252）：计划 235 店 / 252 次，分成 1 个区块（最大区块 235 店）。 地盘东西 6.5 × 南北 5.1 km；区块内店距中位 75 m。 节奏：21 个工作日、平均每天 12.2 家店、一天 1.0 个区块、当天作业半径中位 0.84 km；出勤 周一61/周二48/周三48/周四48/周五51；周六、周日 没跑。 ① 区块开工：1 块里他开工了 1 块；② 区块内执行率中位 100%（最弱一块 100%）；③ 区块星期一致 100%。 参考：覆盖 100%、同日 100%、相位 100%、量比 1.02。 结论：**计划怎么划他就怎么做**——区块全开工、区块内做全、星期按计划。
000700020,广州市,"天河区×252, 黄埔区×1",228,253,263,238,0.996,0.954,0.996,0.996,0.996,1.04,1,1,[228],"[{'块': '块1', '中心': '23.123,113.385', '计划店': 228, '跑到的计划店': 227, '执行率': 0.996, '计划星期': '周一', '实际主力星期': '周一'}]",1,1.0,0.996,0.996,1.0,,10.4,4.7,42.0,21,12,12.5,"[62, 50, 48, 52, 51, 0, 0]",1.06,1.0,213,25,区块全开·星期照做,"广州市（天河区×252, 黄埔区×1）：计划 228 店 / 253 次，分成 1 个区块（最大区块 228 店）。 地盘东西 10.4 × 南北 4.7 km；区块内店距中位 42 m。 节奏：21 个工作日、平均每天 12.5 家店、一天 1.0 个区块、当天作业半径中位 1.06 km；出勤 周一62/周二50/周三48/周四52/周五51；周六、周日 没跑。 ① 区块开工：1 块里他开工了 1 块；② 区块内执行率中位 100%（最弱一块 100%）；③ 区块星期一致 100%。 参考：覆盖 100%、同日 100%、相位 100%、量比 1.04。 结论：**计划怎么划他就怎么做**——区块全开工、区块内做全、星期按计划。"
000701809,北京市,"大兴区×275, 通州区×2",244,277,230,219,0.525,0.584,0.373,0.31,0.426,0.83,116,20,"[92, 53, 14, 12, 12]","[{'块': '块1', '中心': '39.741,116.334', '计划店': 92, '跑到的计划店': 53, '执行率': 0.576, '计划星期': '周四', '实际主力星期': '周四'}, {'块': '块2', '中心': '39.785,116.501', '计划店': 53, '跑到的计划店': 16, '执行率': 0.302, '计划星期': '周一', '实际主力星期': '周一'}, {'块': '块3', '中心': '39.761,116.447', '计划店': 14, '跑到的计划店': 10, '执行率': 0.714, '计划星期': '周一', '实际主力星期': '周一'}, {'块': '块4', '中心': '39.522,116.319', '计划店': 12, '跑到的计划店': 8, '执行率': 0.667, '计划星期': '周五', '实际主力星期': '周五'}, {'块': '块5', '中心': '39.783,116.288', '计划店': 12, '跑到的计划店': 9, '执行率': 0.75, '计划星期': '周三', '实际主力星期': '周五'}, {'块': '块6', '中心': '39.713,116.450', '计划店': 10, '跑到的计划店': 6, '执行率': 0.6, '计划星期': '周二', '实际主力星期': '周二'}, {'块': '块7', '中心': '39.618,116.493', '计划店': 9, '跑到的计划店': 9, '执行率': 1.0, '计划星期': '周二', '实际主力星期': '周一'}, {'块': '块8', '中心': '39.685,116.592', '计划店': 9, '跑到的计划店': 2, '执行率': 0.222, '计划星期': '周二', '实际主力星期': '周二'}, {'块': '块9', '中心': '39.630,116.313', '计划店': 8, '跑到的计划店': 3, '执行率': 0.375, '计划星期': '周五', '实际主力星期': '周五'}, {'块': '块10', '中心': '39.653,116.638', '计划店': 8, '跑到的计划店': 2, '执行率': 0.25, '计划星期': '周二', '实际主力星期': '周二'}, {'块': '块11', '中心': '39.631,116.401', '计划店': 3, '跑到的计划店': 0, '执行率': 0.0, '计划星期': '周五', '实际主力星期': '未开工'}, {'块': '块12', '中心': '39.522,116.397', '计划店': 2, '跑到的计划店': 2, '执行率': 1.0, '计划星期': '周五', '实际主力星期': '周五'}, {'块': '块13', '中心': '39.666,116.352', '计划店': 2, '跑到的计划店': 0, '执行率': 0.0, '计划星期': '周五', '实际主力星期': '未开工'}, {'块': '块14', '中心': '39.581,116.468', '计划店': 2, '跑到的计划店': 2, '执行率': 1.0, '计划星期': '周二', '实际主力星期': '周五'}, {'块': '块15', '中心': '39.674,116.529', '计划店': 2, '跑到的计划店': 1, '执行率': 0.5, '计划星期': '周二', '实际主力星期': '周二'}, {'块': '块16', '中心': '39.665,116.419', '计划店': 2, '跑到的计划店': 2, '执行率': 1.0, '计划星期': '周五', '实际主力星期': '周五'}, {'块': '块17', '中心': '39.604,116.278', '计划店': 1, '跑到的计划店': 1, '执行率': 1.0, '计划星期': '周五', '实际主力星期': '周三'}, {'块': '块18', '中心': '39.653,116.244', '计划店': 1, '跑到的计划店': 1, '执行率': 1.0, '计划星期': '周五', '实际主力星期': '周五'}, {'块': '块19', '中心': '39.650,116.499', '计划店': 1, '跑到的计划店': 0, '执行率': 0.0, '计划星期': '周二', '实际主力星期': '未开工'}, {'块': '块20', '中心': '39.729,116.513', '计划店': 1, '跑到的计划店': 1, '执行率': 1.0, '计划星期': '周二', '实际主力星期': '周二'}]",17,0.85,0.633,0.0,0.824,区块×9店 仅执行 22%; 区块×8店 仅执行 25%; 区块×53店 仅执行 30%,34.6,32.5,68.0,17,8,13.5,"[64, 40, 40, 45, 41, 0, 0]",12.64,3.0,208,11,区块缺了没开,"北京市（大兴区×275, 通州区×2）：计划 244 店 / 277 次，分成 20 个区块（最大区块 92 店）。 地盘东西 34.6 × 南北 32.5 km；区块内店距中位 68 m。 节奏：17 个工作日、平均每天 13.5 家店、一天 3.0 个区块、当天作业半径中位 12.64 km；出勤 周一64/周二40/周三40/周四45/周五41；周六、周日 没跑。 ① 区块开工：20 块里他开工了 17 块；② 区块内执行率中位 63%（最弱一块 0%）；③ 区块星期一致 82%。 参考：覆盖 52%、同日 31%、相位 43%、量比 0.83。 结论：**有 3 个区块整块没开工**，但他开的那几块做得很好（执行率与星期都守）——先问为什么不去那几块。 最冷的区块（计划内执行率最低）：区块×9店 仅执行 22%; 区块×8店 仅执行 25%; 区块×53店 仅执行 30%。"
000702280,贵阳市,"白云区×36, 观山湖区×14",50,51,257,223,1.0,0.224,1.0,1.0,1.0,5.04,0,2,"[49, 1]","[{'块': '块1', '中心': '26.669,106.649', '计划店': 49, '跑到的计划店': 49, '执行率': 1.0, '计划星期': '周三', '实际主力星期': '周三'}, {'块': '块2', '中心': '26.582,106.551', '计划店': 1, '跑到的计划店': 1, '执行率': 1.0, '计划星期': '周二', '实际主力星期': '周二'}]",2,1.0,1.0,1.0,1.0,,11.1,14.0,87.0,13,5,19.8,"[63, 46, 47, 49, 50, 2, 0]",1.07,1.0,190,33,区块全开·星期照做,"贵阳市（白云区×36, 观山湖区×14）：计划 50 店 / 51 次，分成 2 个区块（最大区块 49 店）。 地盘东西 11.1 × 南北 14.0 km；区块内店距中位 87 m。 节奏：13 个工作日、平均每天 19.8 家店、一天 1.0 个区块、当天作业半径中位 1.07 km；出勤 周一63/周二46/周三47/周四49/周五50/周六2；周日 没跑。 ① 区块开工：2 块里他开工了 2 块；② 区块内执行率中位 100%（最弱一块 100%）；③ 区块星期一致 100%。 参考：覆盖 100%、同日 100%、相位 100%、量比 5.04。 结论：**计划怎么划他就怎么做**——区块全开工、区块内做全、星期按计划。"
000702358,上海市,浦东新区×236,225,236,217,205,0.902,0.99,0.902,0.907,0.902,0.92,22,2,"[224, 1]","[{'块': '块1', '中心': '31.229,121.533', '计划店': 224, '跑到的计划店': 202, '执行率': 0.902, '计划星期': '周一', '实际主力星期': '周一'}, {'块': '块2', '中心': '31.327,121.588', '计划店': 1, '跑到的计划店': 1, '执行率': 1.0, '计划星期': '周四', '实际主力星期': '周四'}]",2,1.0,0.951,0.902,1.0,,9.0,14.2,53.0,21,11,10.3,"[45, 41, 43, 45, 43, 0, 0]",0.77,1.0,193,12,区块全开·星期照做,上海市（浦东新区×236）：计划 225 店 / 236 次，分成 2 个区块（最大区块 224 店）。 地盘东西 9.0 × 南北 14.2 km；区块内店距中位 53 m。 节奏：21 个工作日、平均每天 10.3 家店、一天 1.0 个区块、当天作业半径中位 0.77 km；出勤 周一45/周二41/周三43/周四45/周五43；周六、周日 没跑。 ① 区块开工：2 块里他开工了 2 块；② 区块内执行率中位 95%（最弱一块 90%）；③ 区块星期一致 100%。 参考：覆盖 90%、同日 91%、相位 90%、量比 0.92。 结论：**计划怎么划他就怎么做**——区块全开工、区块内做全、星期按计划。
000703627,常州市,"钟楼区×44, 新北区×36",107,108,288,273,0.907,0.355,0.898,0.889,0.907,2.67,10,2,"[97, 10]","[{'块': '块1', '中心': '31.797,119.957', '计划店': 97, '跑到的计划店': 88, '执行率': 0.907, '计划星期': '周三', '实际主力星期': '周三'}, {'块': '块2', '中心': '31.926,119.964', '计划店': 10, '跑到的计划店': 9, '执行率': 0.9, '计划星期': '周一', '实际主力星期': '周一'}]",2,1.0,0.904,0.9,1.0,,6.1,17.9,104.0,13,9,22.2,"[69, 63, 51, 47, 58, 0, 0]",0.74,1.0,259,14,区块全开·星期照做,"常州市（钟楼区×44, 新北区×36）：计划 107 店 / 108 次，分成 2 个区块（最大区块 97 店）。 地盘东西 6.1 × 南北 17.9 km；区块内店距中位 104 m。 节奏：13 个工作日、平均每天 22.2 家店、一天 1.0 个区块、当天作业半径中位 0.74 km；出勤 周一69/周二63/周三51/周四47/周五58；周六、周日 没跑。 ① 区块开工：2 块里他开工了 2 块；② 区块内执行率中位 90%（最弱一块 90%）；③ 区块星期一致 100%。 参考：覆盖 91%、同日 89%、相位 91%、量比 2.67。 结论：**计划怎么划他就怎么做**——区块全开工、区块内做全、星期按计划。"
000705502,,"云阳县×68, 忠县×3",59,71,188,144,1.0,0.41,1.0,1.0,1.0,2.65,0,8,"[42, 3, 3, 3, 3]","[{'块': '块1', '中心': '30.931,108.714', '计划店': 42, '跑到的计划店': 42, '执行率': 1.0, '计划星期': '周一', '实际主力星期': '周一'}, {'块': '块2', '中心': '30.299,108.037', '计划店': 3, '跑到的计划店': 3, '执行率': 1.0, '计划星期': '周一', '实际主力星期': '周一'}, {'块': '块3', '中心': '30.820,108.401', '计划店': 3, '跑到的计划店': 3, '执行率': 1.0, '计划星期': '周一', '实际主力星期': '周一'}, {'块': '块4', '中心': '30.777,108.174', '计划店': 3, '跑到的计划店': 3, '执行率': 1.0, '计划星期': '周一', '实际主力星期': '周一'}, {'块': '块5', '中心': '31.218,108.800', '计划店': 3, '跑到的计划店': 3, '执行率': 1.0, '计划星期': '周五', '实际主力星期': '周五'}, {'块': '块6', '中心': '31.001,108.726', '计划店': 3, '跑到的计划店': 3, '执行率': 1.0, '计划星期': '周五', '实际主力星期': '周五'}, {'块': '块7', '中心': '30.204,108.013', '计划店': 1, '跑到的计划店': 1, '执行率': 1.0, '计划星期': '周一', '实际主力星期': '周一'}, {'块': '块8', '中心': '31.031,108.517', '计划店': 1, '跑到的计划店': 1, '执行率': 1.0, '计划星期': '周一', '实际主力星期': '周三'}]",8,1.0,1.0,1.0,1.0,,75.1,112.7,122.0,15,6,12.5,"[55, 35, 34, 31, 33, 0, 0]",13.72,2.0,106,38,区块全开·星期照做,"nan（云阳县×68, 忠县×3）：计划 59 店 / 71 次，分成 8 个区块（最大区块 42 店）。 地盘东西 75.1 × 南北 112.7 km；区块内店距中位 122 m。 节奏：15 个工作日、平均每天 12.5 家店、一天 2.0 个区块、当天作业半径中位 13.72 km；出勤 周一55/周二35/周三34/周四31/周五33；周六、周日 没跑。 ① 区块开工：8 块里他开工了 8 块；② 区块内执行率中位 100%（最弱一块 100%）；③ 区块星期一致 100%。 参考：覆盖 100%、同日 100%、相位 100%、量比 2.65。 结论：**计划怎么划他就怎么做**——区块全开工、区块内做全、星期按计划。"
000706671,徐州市,"泉山区×176, 云龙区×30",208,232,267,237,0.76,0.667,0.712,0.651,0.745,1.15,50,3,"[205, 2, 1]","[{'块': '块1', '中心': '34.251,117.168', '计划店': 205, '跑到的计划店': 155, '执行率': 0.756, '计划星期': '周一', '实际主力星期': '周一'}, {'块': '块2', '中心': '34.187,117.129', '计划店': 2, '跑到的计划店': 2, '执行率': 1.0, '计划星期': '周三', '实际主力星期': '周三'}, {'块': '块3', '中心': '34.256,117.267', '计划店': 1, '跑到的计划店': 1, '执行率': 1.0, '计划星期': '周三', '实际主力星期': '周三'}]",3,1.0,1.0,0.756,1.0,,14.7,9.7,71.0,22,8,12.1,"[76, 29, 39, 33, 44, 25, 21]",2.28,1.0,212,25,区块全开·星期照做,"徐州市（泉山区×176, 云龙区×30）：计划 208 店 / 232 次，分成 3 个区块（最大区块 205 店）。 地盘东西 14.7 × 南北 9.7 km；区块内店距中位 71 m。 节奏：22 个工作日、平均每天 12.1 家店、一天 1.0 个区块、当天作业半径中位 2.28 km；出勤 周一76/周二29/周三39/周四33/周五44/周六25/周日21。 ① 区块开工：3 块里他开工了 3 块；② 区块内执行率中位 100%（最弱一块 76%）；③ 区块星期一致 100%。 参考：覆盖 76%、同日 65%、相位 74%、量比 1.15。 结论：**计划怎么划他就怎么做**——区块全开工、区块内做全、星期按计划。"
000707336,阜阳市,"颍州区×37, 颍上县×19",101,101,279,248,0.832,0.339,0.446,0.396,0.713,2.76,17,8,"[46, 19, 10, 9, 8]","[{'块': '块1', '中心': '32.888,115.825', '计划店': 46, '跑到的计划店': 41, '执行率': 0.891, '计划星期': '周一', '实际主力星期': '周一'}, {'块': '块2', '中心': '32.647,116.250', '计划店': 19, '跑到的计划店': 13, '执行率': 0.684, '计划星期': '周三', '实际主力星期': '周五'}, {'块': '块3', '中心': '32.820,115.893', '计划店': 10, '跑到的计划店': 9, '执行率': 0.9, '计划星期': '周三', '实际主力星期': '周三'}, {'块': '块4', '中心': '33.039,115.275', '计划店': 9, '跑到的计划店': 8, '执行率': 0.889, '计划星期': '周四', '实际主力星期': '周一'}, {'块': '块5', '中心': '33.167,115.623', '计划店': 8, '跑到的计划店': 5, '执行率': 0.625, '计划星期': '周二', '实际主力星期': '周二'}, {'块': '块6', '中心': '33.269,115.362', '计划店': 7, '跑到的计划店': 7, '执行率': 1.0, '计划星期': '周一', '实际主力星期': '周二'}, {'块': '块7', '中心': '33.250,115.400', '计划店': 1, '跑到的计划店': 0, '执行率': 0.0, '计划星期': '周一', '实际主力星期': '未开工'}, {'块': '块8', '中心': '33.001,115.393', '计划店': 1, '跑到的计划店': 1, '执行率': 1.0, '计划星期': '周四', '实际主力星期': '周一'}]",7,0.875,0.89,0.0,0.429,,94.3,73.3,472.0,17,7,16.4,"[52, 49, 66, 49, 60, 1, 2]",3.49,1.0,220,28,区块缺了没开,"阜阳市（颍州区×37, 颍上县×19）：计划 101 店 / 101 次，分成 8 个区块（最大区块 46 店）。 地盘东西 94.3 × 南北 73.3 km；区块内店距中位 472 m。 节奏：17 个工作日、平均每天 16.4 家店、一天 1.0 个区块、当天作业半径中位 3.49 km；出勤 周一52/周二49/周三66/周四49/周五60/周六1/周日2。 ① 区块开工：8 块里他开工了 7 块；② 区块内执行率中位 89%（最弱一块 0%）；③ 区块星期一致 43%。 参考：覆盖 83%、同日 40%、相位 71%、量比 2.76。 结论：**有 1 个区块整块没开工**，但他开的那几块做得很好（执行率与星期都守）——先问为什么不去那几块。"
000707342,芜湖市,"无为市×43, 南陵县×34",172,172,84,77,0.331,0.74,0.291,0.273,0.308,0.49,115,15,"[49, 28, 24, 21, 7]","[{'块': '块1', '中心': '31.299,117.916', '计划店': 49, '跑到的计划店': 20, '执行率': 0.408, '计划星期': '周二', '实际主力星期': '周二'}, {'块': '块2', '中心': '31.088,118.202', '计划店': 28, '跑到的计划店': 11, '执行率': 0.393, '计划星期': '周四', '实际主力星期': '周四'}, {'块': '块3', '中心': '30.915,118.334', '计划店': 24, '跑到的计划店': 0, '执行率': 0.0, '计划星期': '周二', '实际主力星期': '未开工'}, {'块': '块4', '中心': '31.136,118.579', '计划店': 21, '跑到的计划店': 7, '执行率': 0.333, '计划星期': '周一', '实际主力星期': '周三'}, {'块': '块5', '中心': '31.061,118.406', '计划店': 7, '跑到的计划店': 1, '执行率': 0.143, '计划星期': '周五', '实际主力星期': '周五'}, {'块': '块6', '中心': '31.231,118.273', '计划店': 7, '跑到的计划店': 2, '执行率': 0.286, '计划星期': '周三', '实际主力星期': '周三'}, {'块': '块7', '中心': '31.225,118.230', '计划店': 6, '跑到的计划店': 1, '执行率': 0.167, '计划星期': '周三', '实际主力星期': '周三'}, {'块': '块8', '中心': '31.271,118.497', '计划店': 5, '跑到的计划店': 2, '执行率': 0.4, '计划星期': '周三', '实际主力星期': '周三'}, {'块': '块9', '中心': '31.308,118.399', '计划店': 5, '跑到的计划店': 3, '执行率': 0.6, '计划星期': '周二', '实际主力星期': '周二'}, {'块': '块10', '中心': '31.354,118.419', '计划店': 4, '跑到的计划店': 2, '执行率': 0.5, '计划星期': '周一', '实际主力星期': '周二'}, {'块': '块11', '中心': '31.372,118.443', '计划店': 4, '跑到的计划店': 1, '执行率': 0.25, '计划星期': '周五', '实际主力星期': '周三'}, {'块': '块12', '中心': '31.243,118.390', '计划店': 4, '跑到的计划店': 1, '执行率': 0.25, '计划星期': '周二', '实际主力星期': '周二'}, {'块': '块13', '中心': '31.151,118.412', '计划店': 3, '跑到的计划店': 1, '执行率': 0.333, '计划星期': '周五', '实际主力星期': '周五'}, {'块': '块14', '中心': '31.214,118.367', '计划店': 3, '跑到的计划店': 3, '执行率': 1.0, '计划星期': '周一', '实际主力星期': '周一'}, {'块': '块15', '中心': '31.254,118.308', '计划店': 2, '跑到的计划店': 2, '执行率': 1.0, '计划星期': '周二', '实际主力星期': '周二'}]",14,0.933,0.333,0.0,0.857,区块×7店 仅执行 14%; 区块×6店 仅执行 17%; 区块×4店 仅执行 25%,67.9,53.4,98.0,13,4,6.5,"[12, 24, 23, 17, 8, 0, 0]",8.35,2.0,70,7,区块全开·区块内欠访,"芜湖市（无为市×43, 南陵县×34）：计划 172 店 / 172 次，分成 15 个区块（最大区块 49 店）。 地盘东西 67.9 × 南北 53.4 km；区块内店距中位 98 m。 节奏：13 个工作日、平均每天 6.5 家店、一天 2.0 个区块、当天作业半径中位 8.35 km；出勤 周一12/周二24/周三23/周四17/周五8；周六、周日 没跑。 ① 区块开工：15 块里他开工了 14 块；② 区块内执行率中位 33%（最弱一块 0%）；③ 区块星期一致 86%。 参考：覆盖 33%、同日 27%、相位 31%、量比 0.49。 结论：区块都开了、星期也守，但**区块内没做全**（存在欠访）。 最冷的区块（计划内执行率最低）：区块×7店 仅执行 14%; 区块×6店 仅执行 17%; 区块×4店 仅执行 25%。"
000709902,无锡市,"梁溪区×213, 新吴区×38",226,255,245,218,0.801,0.83,0.783,0.753,0.792,0.96,45,1,[226],"[{'块': '块1', '中心': '31.560,120.310', '计划店': 226, '跑到的计划店': 181, '执行率': 0.801, '计划星期': '周一', '实际主力星期': '周二'}]",1,1.0,0.801,0.801,1.0,,5.9,6.9,61.0,25,10,9.8,"[36, 46, 46, 37, 43, 26, 11]",0.99,1.0,193,25,区块全开·区块内欠访,"无锡市（梁溪区×213, 新吴区×38）：计划 226 店 / 255 次，分成 1 个区块（最大区块 226 店）。 地盘东西 5.9 × 南北 6.9 km；区块内店距中位 61 m。 节奏：25 个工作日、平均每天 9.8 家店、一天 1.0 个区块、当天作业半径中位 0.99 km；出勤 周一36/周二46/周三46/周四37/周五43/周六26/周日11。 ① 区块开工：1 块里他开工了 1 块；② 区块内执行率中位 80%（最弱一块 80%）；③ 区块星期一致 100%。 参考：覆盖 80%、同日 75%、相位 79%、量比 0.96。 结论：区块都开了、星期也守，但**区块内没做全**（存在欠访）。"
000710328,嘉兴市,"秀洲区×12, 南湖区×1",13,13,182,162,1.0,0.08,1.0,1.0,1.0,14.0,0,3,"[11, 1, 1]","[{'块': '块1', '中心': '30.798,120.618', '计划店': 11, '跑到的计划店': 11, '执行率': 1.0, '计划星期': '周五', '实际主力星期': '周五'}, {'块': '块2', '中心': '30.789,120.783', '计划店': 1, '跑到的计划店': 1, '执行率': 1.0, '计划星期': '周四', '实际主力星期': '周四'}, {'块': '块3', '中心': '30.770,120.752', '计划店': 1, '跑到的计划店': 1, '执行率': 1.0, '计划星期': '周四', '实际主力星期': '周四'}]",3,1.0,1.0,1.0,1.0,,16.4,4.0,93.0,5,1,36.4,"[58, 36, 33, 33, 22, 0, 0]",2.6,1.0,146,16,区块全开·星期照做,"嘉兴市（秀洲区×12, 南湖区×1）：计划 13 店 / 13 次，分成 3 个区块（最大区块 11 店）。 地盘东西 16.4 × 南北 4.0 km；区块内店距中位 93 m。 节奏：5 个工作日、平均每天 36.4 家店、一天 1.0 个区块、当天作业半径中位 2.6 km；出勤 周一58/周二36/周三33/周四33/周五22；周六、周日 没跑。 ① 区块开工：3 块里他开工了 3 块；② 区块内执行率中位 100%（最弱一块 100%）；③ 区块星期一致 100%。 参考：覆盖 100%、同日 100%、相位 100%、量比 14.0。 结论：**计划怎么划他就怎么做**——区块全开工、区块内做全、星期按计划。"
000711323,上海市,"杨浦区×139, 宝山区×6",136,145,256,228,1.0,0.596,1.0,1.0,1.0,1.77,0,1,[136],"[{'块': '块1', '中心': '31.287,121.522', '计划店': 136, '跑到的计划店': 136, '执行率': 1.0, '计划星期': '周一', '实际主力星期': '周一'}]",1,1.0,1.0,1.0,1.0,,5.0,9.2,70.0,17,11,15.1,"[56, 44, 47, 24, 61, 24, 0]",1.14,1.0,201,27,区块全开·星期照做,"上海市（杨浦区×139, 宝山区×6）：计划 136 店 / 145 次，分成 1 个区块（最大区块 136 店）。 地盘东西 5.0 × 南北 9.2 km；区块内店距中位 70 m。 节奏：17 个工作日、平均每天 15.1 家店、一天 1.0 个区块、当天作业半径中位 1.14 km；出勤 周一56/周二44/周三47/周四24/周五61/周六24；周日 没跑。 ① 区块开工：1 块里他开工了 1 块；② 区块内执行率中位 100%（最弱一块 100%）；③ 区块星期一致 100%。 参考：覆盖 100%、同日 100%、相位 100%、量比 1.77。 结论：**计划怎么划他就怎么做**——区块全开工、区块内做全、星期按计划。"
000711850,深圳市,"光明区×157, 宝安区×141",276,298,303,271,0.826,0.841,0.826,0.839,0.826,1.02,48,2,"[269, 7]","[{'块': '块1', '中心': '22.752,113.900', '计划店': 269, '跑到的计划店': 221, '执行率': 0.822, '计划星期': '周一', '实际主力星期': '周一'}, {'块': '块2', '中心': '22.536,114.032', '计划店': 7, '跑到的计划店': 7, '执行率': 1.0, '计划星期': '周三', '实际主力星期': '周三'}]",2,1.0,0.911,0.822,1.0,,21.8,29.6,83.0,22,12,13.8,"[64, 54, 53, 55, 59, 9, 9]",2.18,1.0,239,32,区块全开·星期照做,"深圳市（光明区×157, 宝安区×141）：计划 276 店 / 298 次，分成 2 个区块（最大区块 269 店）。 地盘东西 21.8 × 南北 29.6 km；区块内店距中位 83 m。 节奏：22 个工作日、平均每天 13.8 家店、一天 1.0 个区块、当天作业半径中位 2.18 km；出勤 周一64/周二54/周三53/周四55/周五59/周六9/周日9。 ① 区块开工：2 块里他开工了 2 块；② 区块内执行率中位 91%（最弱一块 82%）；③ 区块星期一致 100%。 参考：覆盖 83%、同日 84%、相位 83%、量比 1.02。 结论：**计划怎么划他就怎么做**——区块全开工、区块内做全、星期按计划。"
000712217,昆明市,"官渡区×49, 五华区×49",153,159,184,176,0.98,0.852,0.981,0.962,0.98,1.16,3,1,[153],"[{'块': '块1', '中心': '25.033,102.710', '计划店': 153, '跑到的计划店': 150, '执行率': 0.98, '计划星期': '周一', '实际主力星期': '周一'}]",1,1.0,0.98,0.98,1.0,,13.6,11.3,256.0,15,12,12.3,"[51, 24, 37, 34, 26, 12, 0]",2.29,1.0,168,8,区块全开·星期照做,"昆明市（官渡区×49, 五华区×49）：计划 153 店 / 159 次，分成 1 个区块（最大区块 153 店）。 地盘东西 13.6 × 南北 11.3 km；区块内店距中位 256 m。 节奏：15 个工作日、平均每天 12.3 家店、一天 1.0 个区块、当天作业半径中位 2.29 km；出勤 周一51/周二24/周三37/周四34/周五26/周六12；周日 没跑。 ① 区块开工：1 块里他开工了 1 块；② 区块内执行率中位 98%（最弱一块 98%）；③ 区块星期一致 100%。 参考：覆盖 98%、同日 96%、相位 98%、量比 1.16。 结论：**计划怎么划他就怎么做**——区块全开工、区块内做全、星期按计划。"
000712433,郑州市,管城回族区×112,110,112,153,144,0.473,0.361,0.4,0.384,0.418,1.37,58,1,[110],"[{'块': '块1', '中心': '34.713,113.763', '计划店': 110, '跑到的计划店': 52, '执行率': 0.473, '计划星期': '周一', '实际主力星期': '周三'}]",1,1.0,0.473,0.473,1.0,区块×110店 仅执行 47%,12.8,8.9,87.0,18,3,8.5,"[40, 21, 33, 26, 33, 0, 0]",0.82,1.0,135,9,区块全开·区块内欠访,郑州市（管城回族区×112）：计划 110 店 / 112 次，分成 1 个区块（最大区块 110 店）。 地盘东西 12.8 × 南北 8.9 km；区块内店距中位 87 m。 节奏：18 个工作日、平均每天 8.5 家店、一天 1.0 个区块、当天作业半径中位 0.82 km；出勤 周一40/周二21/周三33/周四26/周五33；周六、周日 没跑。 ① 区块开工：1 块里他开工了 1 块；② 区块内执行率中位 47%（最弱一块 47%）；③ 区块星期一致 100%。 参考：覆盖 47%、同日 38%、相位 42%、量比 1.37。 结论：区块都开了、星期也守，但**区块内没做全**（存在欠访）。 最冷的区块（计划内执行率最低）：区块×110店 仅执行 47%。
000712516,烟台市,"芝罘区×150, 莱山区×31",161,181,280,260,0.317,0.196,0.062,0.022,0.186,1.55,110,1,[161],"[{'块': '块1', '中心': '37.521,121.403', '计划店': 161, '跑到的计划店': 51, '执行率': 0.317, '计划星期': '周一', '实际主力星期': '周一'}]",1,1.0,0.317,0.317,1.0,区块×161店 仅执行 32%,12.6,12.5,114.0,13,3,21.5,"[67, 56, 51, 55, 50, 1, 0]",3.23,1.0,240,20,区块全开·区块内欠访,"烟台市（芝罘区×150, 莱山区×31）：计划 161 店 / 181 次，分成 1 个区块（最大区块 161 店）。 地盘东西 12.6 × 南北 12.5 km；区块内店距中位 114 m。 节奏：13 个工作日、平均每天 21.5 家店、一天 1.0 个区块、当天作业半径中位 3.23 km；出勤 周一67/周二56/周三51/周四55/周五50/周六1；周日 没跑。 ① 区块开工：1 块里他开工了 1 块；② 区块内执行率中位 32%（最弱一块 32%）；③ 区块星期一致 100%。 参考：覆盖 32%、同日 2%、相位 19%、量比 1.55。 结论：区块都开了、星期也守，但**区块内没做全**（存在欠访）。 最冷的区块（计划内执行率最低）：区块×161店 仅执行 32%。"
000712606,包头市,"昆都仑区×159, 青山区×50",199,233,218,185,0.804,0.865,0.789,0.742,0.779,0.94,39,2,"[198, 1]","[{'块': '块1', '中心': '40.654,109.845', '计划店': 198, '跑到的计划店': 160, '执行率': 0.808, '计划星期': '周一', '实际主力星期': '周一'}, {'块': '块2', '中心': '40.649,109.936', '计划店': 1, '跑到的计划店': 0, '执行率': 0.0, '计划星期': '周五', '实际主力星期': '未开工'}]",1,0.5,0.404,0.0,1.0,,11.4,10.4,62.0,21,10,10.4,"[51, 33, 42, 46, 36, 10, 0]",1.66,1.0,156,29,区块大面积没开工,"包头市（昆都仑区×159, 青山区×50）：计划 199 店 / 233 次，分成 2 个区块（最大区块 198 店）。 地盘东西 11.4 × 南北 10.4 km；区块内店距中位 62 m。 节奏：21 个工作日、平均每天 10.4 家店、一天 1.0 个区块、当天作业半径中位 1.66 km；出勤 周一51/周二33/周三42/周四46/周五36/周六10；周日 没跑。 ① 区块开工：2 块里他开工了 1 块；② 区块内执行率中位 40%（最弱一块 0%）；③ 区块星期一致 100%。 参考：覆盖 80%、同日 74%、相位 78%、量比 0.94。 结论：**有区块整块没开工**（1 块），先问为什么不去，而不是谈执行率。"
000712608,沈阳市,"大东区×144, 沈北新区×77",218,248,197,177,0.468,0.576,0.444,0.407,0.45,0.79,116,9,"[137, 64, 7, 3, 3]","[{'块': '块1', '中心': '41.818,123.479', '计划店': 137, '跑到的计划店': 88, '执行率': 0.642, '计划星期': '周一', '实际主力星期': '周二'}, {'块': '块2', '中心': '41.922,123.408', '计划店': 64, '跑到的计划店': 6, '执行率': 0.094, '计划星期': '周四', '实际主力星期': '周三'}, {'块': '块3', '中心': '41.922,123.589', '计划店': 7, '跑到的计划店': 4, '执行率': 0.571, '计划星期': '周一', '实际主力星期': '周一'}, {'块': '块4', '中心': '41.830,123.373', '计划店': 3, '跑到的计划店': 2, '执行率': 0.667, '计划星期': '周三', '实际主力星期': '周三'}, {'块': '块5', '中心': '42.050,123.523', '计划店': 3, '跑到的计划店': 0, '执行率': 0.0, '计划星期': '周四', '实际主力星期': '未开工'}, {'块': '块6', '中心': '41.846,123.615', '计划店': 1, '跑到的计划店': 1, '执行率': 1.0, '计划星期': '周一', '实际主力星期': '周一'}, {'块': '块7', '中心': '41.883,123.631', '计划店': 1, '跑到的计划店': 0, '执行率': 0.0, '计划星期': '周一', '实际主力星期': '未开工'}, {'块': '块8', '中心': '41.795,123.373', '计划店': 1, '跑到的计划店': 0, '执行率': 0.0, '计划星期': '周二', '实际主力星期': '未开工'}, {'块': '块9', '中心': '41.831,123.558', '计划店': 1, '跑到的计划店': 1, '执行率': 1.0, '计划星期': '周一', '实际主力星期': '周一'}]",6,0.667,0.571,0.0,0.833,区块×64店 仅执行 9%; 区块×7店 仅执行 57%,24.4,32.4,131.0,16,8,12.3,"[67, 53, 38, 17, 22, 0, 0]",2.41,1.0,159,18,区块缺了没开,"沈阳市（大东区×144, 沈北新区×77）：计划 218 店 / 248 次，分成 9 个区块（最大区块 137 店）。 地盘东西 24.4 × 南北 32.4 km；区块内店距中位 131 m。 节奏：16 个工作日、平均每天 12.3 家店、一天 1.0 个区块、当天作业半径中位 2.41 km；出勤 周一67/周二53/周三38/周四17/周五22；周六、周日 没跑。 ① 区块开工：9 块里他开工了 6 块；② 区块内执行率中位 57%（最弱一块 0%）；③ 区块星期一致 83%。 参考：覆盖 47%、同日 41%、相位 45%、量比 0.79。 结论：**有 3 个区块整块没开工**，但他开的那几块做得很好（执行率与星期都守）——先问为什么不去那几块。 最冷的区块（计划内执行率最低）：区块×64店 仅执行 9%; 区块×7店 仅执行 57%。"
000712667,广州市,海珠区×227,209,227,261,238,1.0,0.878,1.0,1.0,1.0,1.15,0,2,"[208, 1]","[{'块': '块1', '中心': '23.090,113.271', '计划店': 208, '跑到的计划店': 208, '执行率': 1.0, '计划星期': '周一', '实际主力星期': '周一'}, {'块': '块2', '中心': '23.260,113.166', '计划店': 1, '跑到的计划店': 1, '执行率': 1.0, '计划星期': '周四', '实际主力星期': '周四'}]",2,1.0,1.0,1.0,1.0,,13.1,21.9,55.0,20,12,13.1,"[63, 49, 49, 48, 52, 0, 0]",1.01,1.0,215,23,区块全开·星期照做,广州市（海珠区×227）：计划 209 店 / 227 次，分成 2 个区块（最大区块 208 店）。 地盘东西 13.1 × 南北 21.9 km；区块内店距中位 55 m。 节奏：20 个工作日、平均每天 13.1 家店、一天 1.0 个区块、当天作业半径中位 1.01 km；出勤 周一63/周二49/周三49/周四48/周五52；周六、周日 没跑。 ① 区块开工：2 块里他开工了 2 块；② 区块内执行率中位 100%（最弱一块 100%）；③ 区块星期一致 100%。 参考：覆盖 100%、同日 100%、相位 100%、量比 1.15。 结论：**计划怎么划他就怎么做**——区块全开工、区块内做全、星期按计划。
000714057,北京市,"丰台区×60, 西城区×24",167,168,179,168,0.749,0.744,0.653,0.637,0.653,1.07,42,20,"[78, 41, 18, 4, 3]","[{'块': '块1', '中心': '39.900,116.396', '计划店': 78, '跑到的计划店': 51, '执行率': 0.654, '计划星期': '周四', '实际主力星期': '周一'}, {'块': '块2', '中心': '39.763,116.195', '计划店': 41, '跑到的计划店': 32, '执行率': 0.78, '计划星期': '周三', '实际主力星期': '周一'}, {'块': '块3', '中心': '39.942,116.345', '计划店': 18, '跑到的计划店': 16, '执行率': 0.889, '计划星期': '周五', '实际主力星期': '周五'}, {'块': '块4', '中心': '39.810,116.197', '计划店': 4, '跑到的计划店': 4, '执行率': 1.0, '计划星期': '周三', '实际主力星期': '周三'}, {'块': '块5', '中心': '39.694,115.993', '计划店': 3, '跑到的计划店': 1, '执行率': 0.333, '计划星期': '周三', '实际主力星期': '周二'}, {'块': '块6', '中心': '39.905,116.512', '计划店': 3, '跑到的计划店': 2, '执行率': 0.667, '计划星期': '周四', '实际主力星期': '周四'}, {'块': '块7', '中心': '40.105,116.370', '计划店': 3, '跑到的计划店': 3, '执行率': 1.0, '计划星期': '周五', '实际主力星期': '周五'}, {'块': '块8', '中心': '40.440,115.963', '计划店': 2, '跑到的计划店': 2, '执行率': 1.0, '计划星期': '周三', '实际主力星期': '周三'}, {'块': '块9', '中心': '40.022,116.551', '计划店': 2, '跑到的计划店': 2, '执行率': 1.0, '计划星期': '周四', '实际主力星期': '周一'}, {'块': '块10', '中心': '39.846,116.432', '计划店': 2, '跑到的计划店': 2, '执行率': 1.0, '计划星期': '周一', '实际主力星期': '周一'}, {'块': '块11', '中心': '39.872,116.438', '计划店': 2, '跑到的计划店': 2, '执行率': 1.0, '计划星期': '周二', '实际主力星期': '周二'}, {'块': '块12', '中心': '40.476,115.974', '计划店': 1, '跑到的计划店': 1, '执行率': 1.0, '计划星期': '周三', '实际主力星期': '周三'}, {'块': '块13', '中心': '39.875,116.483', '计划店': 1, '跑到的计划店': 0, '执行率': 0.0, '计划星期': '周二', '实际主力星期': '未开工'}, {'块': '块14', '中心': '39.939,116.215', '计划店': 1, '跑到的计划店': 1, '执行率': 1.0, '计划星期': '周五', '实际主力星期': '周五'}, {'块': '块15', '中心': '40.049,116.329', '计划店': 1, '跑到的计划店': 1, '执行率': 1.0, '计划星期': '周五', '实际主力星期': '周五'}, {'块': '块16', '中心': '39.956,116.409', '计划店': 1, '跑到的计划店': 1, '执行率': 1.0, '计划星期': '周五', '实际主力星期': '周五'}, {'块': '块17', '中心': '39.870,116.195', '计划店': 1, '跑到的计划店': 1, '执行率': 1.0, '计划星期': '周三', '实际主力星期': '周三'}, {'块': '块18', '中心': '39.943,116.185', '计划店': 1, '跑到的计划店': 1, '执行率': 1.0, '计划星期': '周三', '实际主力星期': '周三'}, {'块': '块19', '中心': '39.906,116.219', '计划店': 1, '跑到的计划店': 1, '执行率': 1.0, '计划星期': '周三', '实际主力星期': '周三'}, {'块': '块20', '中心': '39.787,116.565', '计划店': 1, '跑到的计划店': 1, '执行率': 1.0, '计划星期': '周一', '实际主力星期': '周一'}]",19,0.95,1.0,0.0,0.895,区块×3店 仅执行 33%,51.3,86.7,16.0,15,8,11.9,"[77, 32, 30, 22, 18, 0, 0]",4.29,2.0,158,10,区块全开·星期照做,"北京市（丰台区×60, 西城区×24）：计划 167 店 / 168 次，分成 20 个区块（最大区块 78 店）。 地盘东西 51.3 × 南北 86.7 km；区块内店距中位 16 m。 节奏：15 个工作日、平均每天 11.9 家店、一天 2.0 个区块、当天作业半径中位 4.29 km；出勤 周一77/周二32/周三30/周四22/周五18；周六、周日 没跑。 ① 区块开工：20 块里他开工了 19 块；② 区块内执行率中位 100%（最弱一块 0%）；③ 区块星期一致 90%。 参考：覆盖 75%、同日 64%、相位 65%、量比 1.07。 结论：**计划怎么划他就怎么做**——区块全开工、区块内做全、星期按计划。 最冷的区块（计划内执行率最低）：区块×3店 仅执行 33%。"
000714395,西安市,"富平县×91, 阎良区×86",200,206,286,267,0.955,0.715,0.955,0.956,0.955,1.39,9,14,"[72, 70, 12, 12, 7]","[{'块': '块1', '中心': '34.652,109.238', '计划店': 72, '跑到的计划店': 68, '执行率': 0.944, '计划星期': '周一', '实际主力星期': '周一'}, {'块': '块2', '中心': '34.743,109.194', '计划店': 70, '跑到的计划店': 70, '执行率': 1.0, '计划星期': '周二', '实际主力星期': '周二'}, {'块': '块3', '中心': '34.462,109.005', '计划店': 12, '跑到的计划店': 9, '执行率': 0.75, '计划星期': '周三', '实际主力星期': '周三'}, {'块': '块4', '中心': '34.686,109.373', '计划店': 12, '跑到的计划店': 12, '执行率': 1.0, '计划星期': '周一', '实际主力星期': '周一'}, {'块': '块5', '中心': '34.532,109.099', '计划店': 7, '跑到的计划店': 6, '执行率': 0.857, '计划星期': '周三', '实际主力星期': '周三'}, {'块': '块6', '中心': '34.758,109.392', '计划店': 7, '跑到的计划店': 7, '执行率': 1.0, '计划星期': '周一', '实际主力星期': '周一'}, {'块': '块7', '中心': '34.618,109.380', '计划店': 6, '跑到的计划店': 6, '执行率': 1.0, '计划星期': '周一', '实际主力星期': '周一'}, {'块': '块8', '中心': '34.815,109.071', '计划店': 4, '跑到的计划店': 4, '执行率': 1.0, '计划星期': '周二', '实际主力星期': '周二'}, {'块': '块9', '中心': '34.767,109.126', '计划店': 4, '跑到的计划店': 4, '执行率': 1.0, '计划星期': '周二', '实际主力星期': '周二'}, {'块': '块10', '中心': '34.499,109.033', '计划店': 2, '跑到的计划店': 1, '执行率': 0.5, '计划星期': '周三', '实际主力星期': '周三'}, {'块': '块11', '中心': '34.725,109.067', '计划店': 1, '跑到的计划店': 1, '执行率': 1.0, '计划星期': '周二', '实际主力星期': '周二'}, {'块': '块12', '中心': '34.812,109.026', '计划店': 1, '跑到的计划店': 1, '执行率': 1.0, '计划星期': '周二', '实际主力星期': '周二'}, {'块': '块13', '中心': '34.829,109.151', '计划店': 1, '跑到的计划店': 1, '执行率': 1.0, '计划星期': '周二', '实际主力星期': '周二'}, {'块': '块14', '中心': '34.580,109.186', '计划店': 1, '跑到的计划店': 1, '执行率': 1.0, '计划星期': '周五', '实际主力星期': '周四'}]",14,1.0,1.0,0.5,1.0,区块×2店 仅执行 50%,36.0,42.8,93.0,18,12,15.9,"[84, 66, 36, 49, 51, 0, 0]",3.1,1.0,249,18,区块全开·星期照做,"西安市（富平县×91, 阎良区×86）：计划 200 店 / 206 次，分成 14 个区块（最大区块 72 店）。 地盘东西 36.0 × 南北 42.8 km；区块内店距中位 93 m。 节奏：18 个工作日、平均每天 15.9 家店、一天 1.0 个区块、当天作业半径中位 3.1 km；出勤 周一84/周二66/周三36/周四49/周五51；周六、周日 没跑。 ① 区块开工：14 块里他开工了 14 块；② 区块内执行率中位 100%（最弱一块 50%）；③ 区块星期一致 100%。 参考：覆盖 96%、同日 96%、相位 96%、量比 1.39。 结论：**计划怎么划他就怎么做**——区块全开工、区块内做全、星期按计划。 最冷的区块（计划内执行率最低）：区块×2店 仅执行 50%。"
000714922,西宁市,"城中区×52, 城西区×33",96,99,302,258,0.896,0.333,0.896,0.899,0.896,3.05,10,3,"[66, 23, 7]","[{'块': '块1', '中心': '36.615,101.761', '计划店': 66, '跑到的计划店': 57, '执行率': 0.864, '计划星期': '周五', '实际主力星期': '周五'}, {'块': '块2', '中心': '36.539,101.693', '计划店': 23, '跑到的计划店': 22, '执行率': 0.957, '计划星期': '周一', '实际主力星期': '周一'}, {'块': '块3', '中心': '36.645,101.559', '计划店': 7, '跑到的计划店': 7, '执行率': 1.0, '计划星期': '周二', '实际主力星期': '周二'}]",3,1.0,0.957,0.864,1.0,,24.0,14.1,57.0,15,8,20.1,"[72, 60, 42, 67, 61, 0, 0]",2.97,1.0,217,41,区块全开·星期照做,"西宁市（城中区×52, 城西区×33）：计划 96 店 / 99 次，分成 3 个区块（最大区块 66 店）。 地盘东西 24.0 × 南北 14.1 km；区块内店距中位 57 m。 节奏：15 个工作日、平均每天 20.1 家店、一天 1.0 个区块、当天作业半径中位 2.97 km；出勤 周一72/周二60/周三42/周四67/周五61；周六、周日 没跑。 ① 区块开工：3 块里他开工了 3 块；② 区块内执行率中位 96%（最弱一块 86%）；③ 区块星期一致 100%。 参考：覆盖 90%、同日 90%、相位 90%、量比 3.05。 结论：**计划怎么划他就怎么做**——区块全开工、区块内做全、星期按计划。"
000716325,广州市,增城区×228,195,228,133,122,0.595,0.951,0.553,0.553,0.569,0.58,79,2,"[193, 2]","[{'块': '块1', '中心': '23.127,113.605', '计划店': 193, '跑到的计划店': 114, '执行率': 0.591, '计划星期': '周一', '实际主力星期': '周五'}, {'块': '块2', '中心': '23.290,113.812', '计划店': 2, '跑到的计划店': 2, '执行率': 1.0, '计划星期': '周三', '实际主力星期': '周三'}]",2,1.0,0.795,0.591,1.0,区块×193店 仅执行 59%,27.6,21.4,71.0,20,6,6.7,"[18, 28, 28, 25, 29, 5, 0]",1.03,1.0,111,11,区块全开·区块内欠访,广州市（增城区×228）：计划 195 店 / 228 次，分成 2 个区块（最大区块 193 店）。 地盘东西 27.6 × 南北 21.4 km；区块内店距中位 71 m。 节奏：20 个工作日、平均每天 6.7 家店、一天 1.0 个区块、当天作业半径中位 1.03 km；出勤 周一18/周二28/周三28/周四25/周五29/周六5；周日 没跑。 ① 区块开工：2 块里他开工了 2 块；② 区块内执行率中位 80%（最弱一块 59%）；③ 区块星期一致 100%。 参考：覆盖 60%、同日 55%、相位 57%、量比 0.58。 结论：区块都开了、星期也守，但**区块内没做全**（存在欠访）。 最冷的区块（计划内执行率最低）：区块×193店 仅执行 59%。
000716327,肇庆市,端州区×211,189,211,252,218,0.931,0.807,0.931,0.938,0.931,1.19,13,1,[189],"[{'块': '块1', '中心': '23.069,112.480', '计划店': 189, '跑到的计划店': 176, '执行率': 0.931, '计划星期': '周二', '实际主力星期': '周二'}]",1,1.0,0.931,0.931,1.0,,11.9,6.7,75.0,19,12,13.3,"[58, 49, 48, 63, 34, 0, 0]",2.14,1.0,189,29,区块全开·星期照做,肇庆市（端州区×211）：计划 189 店 / 211 次，分成 1 个区块（最大区块 189 店）。 地盘东西 11.9 × 南北 6.7 km；区块内店距中位 75 m。 节奏：19 个工作日、平均每天 13.3 家店、一天 1.0 个区块、当天作业半径中位 2.14 km；出勤 周一58/周二49/周三48/周四63/周五34；周六、周日 没跑。 ① 区块开工：1 块里他开工了 1 块；② 区块内执行率中位 93%（最弱一块 93%）；③ 区块星期一致 100%。 参考：覆盖 93%、同日 94%、相位 93%、量比 1.19。 结论：**计划怎么划他就怎么做**——区块全开工、区块内做全、星期按计划。
000718160,银川市,兴庆区×11,11,11,339,286,1.0,0.038,0.636,0.545,0.545,30.82,0,2,"[6, 5]","[{'块': '块1', '中心': '38.465,106.322', '计划店': 6, '跑到的计划店': 6, '执行率': 1.0, '计划星期': '周二', '实际主力星期': '周二'}, {'块': '块2', '中心': '38.480,106.284', '计划店': 5, '跑到的计划店': 5, '执行率': 1.0, '计划星期': '周一', '实际主力星期': '周五'}]",2,1.0,1.0,1.0,1.0,,3.7,3.2,49.0,7,1,48.4,"[37, 64, 55, 74, 83, 0, 26]",0.06,1.0,238,48,区块全开·星期照做,银川市（兴庆区×11）：计划 11 店 / 11 次，分成 2 个区块（最大区块 6 店）。 地盘东西 3.7 × 南北 3.2 km；区块内店距中位 49 m。 节奏：7 个工作日、平均每天 48.4 家店、一天 1.0 个区块、当天作业半径中位 0.06 km；出勤 周一37/周二64/周三55/周四74/周五83/周日26；周六 没跑。 ① 区块开工：2 块里他开工了 2 块；② 区块内执行率中位 100%（最弱一块 100%）；③ 区块星期一致 100%。 参考：覆盖 100%、同日 55%、相位 55%、量比 30.82。 结论：**计划怎么划他就怎么做**——区块全开工、区块内做全、星期按计划。
000721070,西安市,"碑林区×186, 新城区×51",242,263,363,320,0.921,0.697,0.913,0.894,0.909,1.38,19,1,[242],"[{'块': '块1', '中心': '34.254,108.952', '计划店': 242, '跑到的计划店': 223, '执行率': 0.921, '计划星期': '周一', '实际主力星期': '周一'}]",1,1.0,0.921,0.921,1.0,,5.1,4.7,47.0,20,12,18.1,"[112, 74, 52, 69, 56, 0, 0]",1.27,1.0,281,39,区块全开·星期照做,"西安市（碑林区×186, 新城区×51）：计划 242 店 / 263 次，分成 1 个区块（最大区块 242 店）。 地盘东西 5.1 × 南北 4.7 km；区块内店距中位 47 m。 节奏：20 个工作日、平均每天 18.1 家店、一天 1.0 个区块、当天作业半径中位 1.27 km；出勤 周一112/周二74/周三52/周四69/周五56；周六、周日 没跑。 ① 区块开工：1 块里他开工了 1 块；② 区块内执行率中位 92%（最弱一块 92%）；③ 区块星期一致 100%。 参考：覆盖 92%、同日 89%、相位 91%、量比 1.38。 结论：**计划怎么划他就怎么做**——区块全开工、区块内做全、星期按计划。"
000724728,济南市,"历下区×127, 历城区×43",191,237,208,160,0.602,0.719,0.476,0.426,0.497,0.88,76,7,"[159, 25, 3, 1, 1]","[{'块': '块1', '中心': '36.661,117.093', '计划店': 159, '跑到的计划店': 99, '执行率': 0.623, '计划星期': '周一', '实际主力星期': '周一'}, {'块': '块2', '中心': '36.226,117.682', '计划店': 25, '跑到的计划店': 10, '执行率': 0.4, '计划星期': '周五', '实际主力星期': '周五'}, {'块': '块3', '中心': '36.677,116.909', '计划店': 3, '跑到的计划店': 3, '执行率': 1.0, '计划星期': '周三', '实际主力星期': '周三'}, {'块': '块4', '中心': '36.423,117.602', '计划店': 1, '跑到的计划店': 1, '执行率': 1.0, '计划星期': '周五', '实际主力星期': '周日'}, {'块': '块5', '中心': '36.640,117.280', '计划店': 1, '跑到的计划店': 0, '执行率': 0.0, '计划星期': '周五', '实际主力星期': '未开工'}, {'块': '块6', '中心': '36.691,117.220', '计划店': 1, '跑到的计划店': 1, '执行率': 1.0, '计划星期': '周五', '实际主力星期': '周日'}, {'块': '块7', '中心': '36.613,116.982', '计划店': 1, '跑到的计划店': 1, '执行率': 1.0, '计划星期': '周三', '实际主力星期': '周三'}]",6,0.857,1.0,0.0,0.667,区块×25店 仅执行 40%,71.2,56.0,123.0,19,7,10.9,"[56, 12, 44, 17, 10, 0, 69]",4.43,1.0,129,31,区块缺了没开,"济南市（历下区×127, 历城区×43）：计划 191 店 / 237 次，分成 7 个区块（最大区块 159 店）。 地盘东西 71.2 × 南北 56.0 km；区块内店距中位 123 m。 节奏：19 个工作日、平均每天 10.9 家店、一天 1.0 个区块、当天作业半径中位 4.43 km；出勤 周一56/周二12/周三44/周四17/周五10/周日69；周六 没跑。 ① 区块开工：7 块里他开工了 6 块；② 区块内执行率中位 100%（最弱一块 0%）；③ 区块星期一致 67%。 参考：覆盖 60%、同日 43%、相位 50%、量比 0.88。 结论：**有 1 个区块整块没开工**，但他开的那几块做得很好（执行率与星期都守）——先问为什么不去那几块。 最冷的区块（计划内执行率最低）：区块×25店 仅执行 40%。"
000725968,三亚市,"吉阳区×131, 天涯区×104",257,274,242,225,0.848,0.969,0.848,0.858,0.848,0.88,39,5,"[171, 35, 35, 9, 7]","[{'块': '块1', '中心': '18.286,109.501', '计划店': 171, '跑到的计划店': 150, '执行率': 0.877, '计划星期': '周三', '实际主力星期': '周三'}, {'块': '块2', '中心': '18.237,109.636', '计划店': 35, '跑到的计划店': 23, '执行率': 0.657, '计划星期': '周二', '实际主力星期': '周二'}, {'块': '块3', '中心': '18.354,109.170', '计划店': 35, '跑到的计划店': 35, '执行率': 1.0, '计划星期': '周一', '实际主力星期': '周一'}, {'块': '块4', '中心': '18.305,109.332', '计划店': 9, '跑到的计划店': 4, '执行率': 0.444, '计划星期': '周一', '实际主力星期': '周一'}, {'块': '块5', '中心': '18.295,109.392', '计划店': 7, '跑到的计划店': 6, '执行率': 0.857, '计划星期': '周一', '实际主力星期': '周一'}]",5,1.0,0.857,0.444,1.0,区块×9店 仅执行 44%,54.5,17.1,78.0,20,12,12.1,"[63, 31, 49, 49, 50, 0, 0]",2.05,1.0,208,17,区块全开·星期照做,"三亚市（吉阳区×131, 天涯区×104）：计划 257 店 / 274 次，分成 5 个区块（最大区块 171 店）。 地盘东西 54.5 × 南北 17.1 km；区块内店距中位 78 m。 节奏：20 个工作日、平均每天 12.1 家店、一天 1.0 个区块、当天作业半径中位 2.05 km；出勤 周一63/周二31/周三49/周四49/周五50；周六、周日 没跑。 ① 区块开工：5 块里他开工了 5 块；② 区块内执行率中位 86%（最弱一块 44%）；③ 区块星期一致 100%。 参考：覆盖 85%、同日 86%、相位 85%、量比 0.88。 结论：**计划怎么划他就怎么做**——区块全开工、区块内做全、星期按计划。 最冷的区块（计划内执行率最低）：区块×9店 仅执行 44%。"
000732776,温州市,"鹿城区×248, 瓯海区×6",203,256,179,168,0.507,0.613,0.34,0.281,0.404,0.7,100,2,"[202, 1]","[{'块': '块1', '中心': '28.012,120.656', '计划店': 202, '跑到的计划店': 103, '执行率': 0.51, '计划星期': '周一', '实际主力星期': '周二'}, {'块': '块2', '中心': '28.092,120.547', '计划店': 1, '跑到的计划店': 0, '执行率': 0.0, '计划星期': '周五', '实际主力星期': '未开工'}]",1,0.5,0.255,0.0,1.0,区块×202店 仅执行 51%,17.4,11.6,71.0,18,7,9.9,"[35, 42, 31, 37, 34, 0, 0]",1.57,1.0,157,11,区块大面积没开工,"温州市（鹿城区×248, 瓯海区×6）：计划 203 店 / 256 次，分成 2 个区块（最大区块 202 店）。 地盘东西 17.4 × 南北 11.6 km；区块内店距中位 71 m。 节奏：18 个工作日、平均每天 9.9 家店、一天 1.0 个区块、当天作业半径中位 1.57 km；出勤 周一35/周二42/周三31/周四37/周五34；周六、周日 没跑。 ① 区块开工：2 块里他开工了 1 块；② 区块内执行率中位 26%（最弱一块 0%）；③ 区块星期一致 100%。 参考：覆盖 51%、同日 28%、相位 40%、量比 0.7。 结论：**有区块整块没开工**（1 块），先问为什么不去，而不是谈执行率。 最冷的区块（计划内执行率最低）：区块×202店 仅执行 51%。"
000733133,潍坊市,"奎文区×193, 潍城区×37",242,265,200,184,0.558,0.734,0.372,0.302,0.45,0.75,107,4,"[237, 3, 1, 1]","[{'块': '块1', '中心': '36.716,119.135', '计划店': 237, '跑到的计划店': 130, '执行率': 0.549, '计划星期': '周一', '实际主力星期': '周一'}, {'块': '块2', '中心': '36.851,119.176', '计划店': 3, '跑到的计划店': 3, '执行率': 1.0, '计划星期': '周四', '实际主力星期': '周四'}, {'块': '块3', '中心': '36.791,119.144', '计划店': 1, '跑到的计划店': 1, '执行率': 1.0, '计划星期': '周四', '实际主力星期': '周五'}, {'块': '块4', '中心': '36.739,119.341', '计划店': 1, '跑到的计划店': 1, '执行率': 1.0, '计划星期': '周二', '实际主力星期': '周二'}]",4,1.0,1.0,0.549,0.75,区块×237店 仅执行 55%,22.7,23.5,119.0,15,11,13.3,"[57, 40, 48, 34, 17, 0, 4]",6.72,1.0,169,15,区块全开·星期自己定,"潍坊市（奎文区×193, 潍城区×37）：计划 242 店 / 265 次，分成 4 个区块（最大区块 237 店）。 地盘东西 22.7 × 南北 23.5 km；区块内店距中位 119 m。 节奏：15 个工作日、平均每天 13.3 家店、一天 1.0 个区块、当天作业半径中位 6.72 km；出勤 周一57/周二40/周三48/周四34/周五17/周日4；周六 没跑。 ① 区块开工：4 块里他开工了 4 块；② 区块内执行率中位 100%（最弱一块 55%）；③ 区块星期一致 75%。 参考：覆盖 56%、同日 30%、相位 45%、量比 0.75。 结论：区块都开了但**星期由他自己排**，周内顺序不跟计划。 最冷的区块（计划内执行率最低）：区块×237店 仅执行 55%。"
000733235,哈尔滨市,"道外区×250, 道里区×1",248,252,241,222,0.81,0.905,0.754,0.754,0.79,0.96,47,2,"[234, 14]","[{'块': '块1', '中心': '45.785,126.669', '计划店': 234, '跑到的计划店': 188, '执行率': 0.803, '计划星期': '周一', '实际主力星期': '周一'}, {'块': '块2', '中心': '45.789,126.779', '计划店': 14, '跑到的计划店': 13, '执行率': 0.929, '计划星期': '周五', '实际主力星期': '周五'}]",2,1.0,0.866,0.803,1.0,,12.1,5.0,54.0,19,12,12.7,"[54, 36, 47, 45, 59, 0, 0]",1.27,1.0,204,18,区块全开·星期照做,"哈尔滨市（道外区×250, 道里区×1）：计划 248 店 / 252 次，分成 2 个区块（最大区块 234 店）。 地盘东西 12.1 × 南北 5.0 km；区块内店距中位 54 m。 节奏：19 个工作日、平均每天 12.7 家店、一天 1.0 个区块、当天作业半径中位 1.27 km；出勤 周一54/周二36/周三47/周四45/周五59；周六、周日 没跑。 ① 区块开工：2 块里他开工了 2 块；② 区块内执行率中位 87%（最弱一块 80%）；③ 区块星期一致 100%。 参考：覆盖 81%、同日 75%、相位 79%、量比 0.96。 结论：**计划怎么划他就怎么做**——区块全开工、区块内做全、星期按计划。"
000734397,重庆市,"九龙坡区×10, 大渡口区×7",17,17,279,242,1.0,0.07,1.0,1.0,1.0,16.41,0,2,"[16, 1]","[{'块': '块1', '中心': '29.441,106.455', '计划店': 16, '跑到的计划店': 16, '执行率': 1.0, '计划星期': '周一', '实际主力星期': '周一'}, {'块': '块2', '中心': '29.373,106.350', '计划店': 1, '跑到的计划店': 1, '执行率': 1.0, '计划星期': '周一', '实际主力星期': '周四'}]",2,1.0,1.0,1.0,1.0,,11.8,8.7,58.0,4,4,69.8,"[66, 52, 55, 52, 54, 0, 0]",6.68,1.0,207,35,区块全开·星期照做,"重庆市（九龙坡区×10, 大渡口区×7）：计划 17 店 / 17 次，分成 2 个区块（最大区块 16 店）。 地盘东西 11.8 × 南北 8.7 km；区块内店距中位 58 m。 节奏：4 个工作日、平均每天 69.8 家店、一天 1.0 个区块、当天作业半径中位 6.68 km；出勤 周一66/周二52/周三55/周四52/周五54；周六、周日 没跑。 ① 区块开工：2 块里他开工了 2 块；② 区块内执行率中位 100%（最弱一块 100%）；③ 区块星期一致 100%。 参考：覆盖 100%、同日 100%、相位 100%、量比 16.41。 结论：**计划怎么划他就怎么做**——区块全开工、区块内做全、星期按计划。"
000734621,无锡市,"新吴区×173, 锡山区×14",177,191,276,238,0.972,0.723,0.972,0.974,0.972,1.45,5,3,"[174, 2, 1]","[{'块': '块1', '中心': '31.536,120.393', '计划店': 174, '跑到的计划店': 169, '执行率': 0.971, '计划星期': '周一', '实际主力星期': '周四'}, {'块': '块2', '中心': '31.490,120.486', '计划店': 2, '跑到的计划店': 2, '执行率': 1.0, '计划星期': '周一', '实际主力星期': '周一'}, {'块': '块3', '中心': '31.510,120.500', '计划店': 1, '跑到的计划店': 1, '执行率': 1.0, '计划星期': '周五', '实际主力星期': '周五'}]",3,1.0,1.0,0.971,1.0,,15.1,11.5,76.0,21,12,13.1,"[63, 51, 54, 57, 49, 0, 2]",2.6,1.0,204,34,区块全开·星期照做,"无锡市（新吴区×173, 锡山区×14）：计划 177 店 / 191 次，分成 3 个区块（最大区块 174 店）。 地盘东西 15.1 × 南北 11.5 km；区块内店距中位 76 m。 节奏：21 个工作日、平均每天 13.1 家店、一天 1.0 个区块、当天作业半径中位 2.6 km；出勤 周一63/周二51/周三54/周四57/周五49/周日2；周六 没跑。 ① 区块开工：3 块里他开工了 3 块；② 区块内执行率中位 100%（最弱一块 97%）；③ 区块星期一致 100%。 参考：覆盖 97%、同日 97%、相位 97%、量比 1.45。 结论：**计划怎么划他就怎么做**——区块全开工、区块内做全、星期按计划。"
000741130,深圳市,"宝安区×284, 南山区×1",265,285,272,244,0.86,0.934,0.86,0.87,0.86,0.95,37,1,[265],"[{'块': '块1', '中心': '22.573,113.883', '计划店': 265, '跑到的计划店': 228, '执行率': 0.86, '计划星期': '周一', '实际主力星期': '周一'}]",1,1.0,0.86,0.86,1.0,,8.8,7.2,77.0,21,12,13.0,"[61, 56, 53, 51, 51, 0, 0]",1.62,1.0,218,26,区块全开·星期照做,"深圳市（宝安区×284, 南山区×1）：计划 265 店 / 285 次，分成 1 个区块（最大区块 265 店）。 地盘东西 8.8 × 南北 7.2 km；区块内店距中位 77 m。 节奏：21 个工作日、平均每天 13.0 家店、一天 1.0 个区块、当天作业半径中位 1.62 km；出勤 周一61/周二56/周三53/周四51/周五51；周六、周日 没跑。 ① 区块开工：1 块里他开工了 1 块；② 区块内执行率中位 86%（最弱一块 86%）；③ 区块星期一致 100%。 参考：覆盖 86%、同日 87%、相位 86%、量比 0.95。 结论：**计划怎么划他就怎么做**——区块全开工、区块内做全、星期按计划。"
000741226,烟台市,"福山区×254, 蓬莱区×12",234,266,252,236,0.415,0.411,0.167,0.12,0.244,0.95,137,4,"[221, 10, 2, 1]","[{'块': '块1', '中心': '37.561,121.244', '计划店': 221, '跑到的计划店': 90, '执行率': 0.407, '计划星期': '周一', '实际主力星期': '周一'}, {'块': '块2', '中心': '37.809,120.777', '计划店': 10, '跑到的计划店': 4, '执行率': 0.4, '计划星期': '周三', '实际主力星期': '周六'}, {'块': '块3', '中心': '37.666,121.068', '计划店': 2, '跑到的计划店': 2, '执行率': 1.0, '计划星期': '周三', '实际主力星期': '周三'}, {'块': '块4', '中心': '37.561,121.138', '计划店': 1, '跑到的计划店': 1, '执行率': 1.0, '计划星期': '周三', '实际主力星期': '周六'}]",4,1.0,0.704,0.4,0.5,区块×10店 仅执行 40%; 区块×221店 仅执行 41%,48.3,33.3,66.0,20,4,12.6,"[77, 56, 33, 38, 28, 20, 0]",4.92,1.0,222,14,区块全开·店和星期都有欠,"烟台市（福山区×254, 蓬莱区×12）：计划 234 店 / 266 次，分成 4 个区块（最大区块 221 店）。 地盘东西 48.3 × 南北 33.3 km；区块内店距中位 66 m。 节奏：20 个工作日、平均每天 12.6 家店、一天 1.0 个区块、当天作业半径中位 4.92 km；出勤 周一77/周二56/周三33/周四38/周五28/周六20；周日 没跑。 ① 区块开工：4 块里他开工了 4 块；② 区块内执行率中位 70%（最弱一块 40%）；③ 区块星期一致 50%。 参考：覆盖 42%、同日 12%、相位 24%、量比 0.95。 结论：区块开了，但店没做全、星期也没守——属于执行力不足，要具体看到底缺在哪块。 最冷的区块（计划内执行率最低）：区块×10店 仅执行 40%; 区块×221店 仅执行 41%。"
000765513,武汉市,"洪山区×64, 江夏区×60",122,124,240,217,0.885,0.498,0.885,0.887,0.885,1.94,14,4,"[79, 23, 10, 10]","[{'块': '块1', '中心': '30.486,114.392', '计划店': 79, '跑到的计划店': 69, '执行率': 0.873, '计划星期': '周一', '实际主力星期': '周一'}, {'块': '块2', '中心': '30.354,114.323', '计划店': 23, '跑到的计划店': 20, '执行率': 0.87, '计划星期': '周三', '实际主力星期': '周三'}, {'块': '块3', '中心': '30.399,114.426', '计划店': 10, '跑到的计划店': 9, '执行率': 0.9, '计划星期': '周四', '实际主力星期': '周四'}, {'块': '块4', '中心': '30.400,114.370', '计划店': 10, '跑到的计划店': 10, '执行率': 1.0, '计划星期': '周五', '实际主力星期': '周五'}]",4,1.0,0.887,0.87,1.0,,13.1,18.6,110.0,15,10,16.0,"[63, 52, 50, 36, 39, 0, 0]",1.42,1.0,194,23,区块全开·星期照做,"武汉市（洪山区×64, 江夏区×60）：计划 122 店 / 124 次，分成 4 个区块（最大区块 79 店）。 地盘东西 13.1 × 南北 18.6 km；区块内店距中位 110 m。 节奏：15 个工作日、平均每天 16.0 家店、一天 1.0 个区块、当天作业半径中位 1.42 km；出勤 周一63/周二52/周三50/周四36/周五39；周六、周日 没跑。 ① 区块开工：4 块里他开工了 4 块；② 区块内执行率中位 89%（最弱一块 87%）；③ 区块星期一致 100%。 参考：覆盖 88%、同日 89%、相位 88%、量比 1.94。 结论：**计划怎么划他就怎么做**——区块全开工、区块内做全、星期按计划。"
000767735,北京市,"朝阳区×94, 丰台区×94",213,257,187,182,0.437,0.511,0.338,0.261,0.357,0.73,120,2,"[212, 1]","[{'块': '块1', '中心': '39.875,116.437', '计划店': 212, '跑到的计划店': 93, '执行率': 0.439, '计划星期': '周一', '实际主力星期': '周一'}, {'块': '块2', '中心': '39.939,116.409', '计划店': 1, '跑到的计划店': 0, '执行率': 0.0, '计划星期': '周一', '实际主力星期': '未开工'}]",1,0.5,0.219,0.0,1.0,区块×212店 仅执行 44%,5.8,11.3,63.0,16,6,11.7,"[51, 42, 32, 37, 25, 0, 0]",2.97,1.0,178,4,区块大面积没开工,"北京市（朝阳区×94, 丰台区×94）：计划 213 店 / 257 次，分成 2 个区块（最大区块 212 店）。 地盘东西 5.8 × 南北 11.3 km；区块内店距中位 63 m。 节奏：16 个工作日、平均每天 11.7 家店、一天 1.0 个区块、当天作业半径中位 2.97 km；出勤 周一51/周二42/周三32/周四37/周五25；周六、周日 没跑。 ① 区块开工：2 块里他开工了 1 块；② 区块内执行率中位 22%（最弱一块 0%）；③ 区块星期一致 100%。 参考：覆盖 44%、同日 26%、相位 36%、量比 0.73。 结论：**有区块整块没开工**（1 块），先问为什么不去，而不是谈执行率。 最冷的区块（计划内执行率最低）：区块×212店 仅执行 44%。"
000770730,厦门市,"同安区×137, 集美区×47",209,224,265,224,0.938,0.875,0.938,0.938,0.938,1.18,13,5,"[120, 46, 32, 10, 1]","[{'块': '块1', '中心': '24.704,118.142', '计划店': 120, '跑到的计划店': 111, '执行率': 0.925, '计划星期': '周五', '实际主力星期': '周五'}, {'块': '块2', '中心': '24.610,117.997', '计划店': 46, '跑到的计划店': 44, '执行率': 0.957, '计划星期': '周一', '实际主力星期': '周一'}, {'块': '块3', '中心': '24.444,118.069', '计划店': 32, '跑到的计划店': 30, '执行率': 0.938, '计划星期': '周一', '实际主力星期': '周一'}, {'块': '块4', '中心': '24.610,118.139', '计划店': 10, '跑到的计划店': 10, '执行率': 1.0, '计划星期': '周三', '实际主力星期': '周三'}, {'块': '块5', '中心': '24.491,118.116', '计划店': 1, '跑到的计划店': 1, '执行率': 1.0, '计划星期': '周一', '实际主力星期': '周一'}]",5,1.0,0.957,0.925,1.0,,23.4,38.1,92.0,19,12,13.9,"[77, 51, 52, 32, 53, 0, 0]",12.42,2.0,189,35,区块全开·星期照做,"厦门市（同安区×137, 集美区×47）：计划 209 店 / 224 次，分成 5 个区块（最大区块 120 店）。 地盘东西 23.4 × 南北 38.1 km；区块内店距中位 92 m。 节奏：19 个工作日、平均每天 13.9 家店、一天 2.0 个区块、当天作业半径中位 12.42 km；出勤 周一77/周二51/周三52/周四32/周五53；周六、周日 没跑。 ① 区块开工：5 块里他开工了 5 块；② 区块内执行率中位 96%（最弱一块 92%）；③ 区块星期一致 100%。 参考：覆盖 94%、同日 94%、相位 94%、量比 1.18。 结论：**计划怎么划他就怎么做**——区块全开工、区块内做全、星期按计划。"
000771486,广州市,天河区×268,241,268,246,220,0.88,0.964,0.88,0.888,0.88,0.92,29,1,[241],"[{'块': '块1', '中心': '23.128,113.330', '计划店': 241, '跑到的计划店': 212, '执行率': 0.88, '计划星期': '周一', '实际主力星期': '周一'}]",1,1.0,0.88,0.88,1.0,,4.4,3.8,40.0,21,11,11.7,"[57, 47, 45, 50, 47, 0, 0]",0.81,1.0,194,26,区块全开·星期照做,广州市（天河区×268）：计划 241 店 / 268 次，分成 1 个区块（最大区块 241 店）。 地盘东西 4.4 × 南北 3.8 km；区块内店距中位 40 m。 节奏：21 个工作日、平均每天 11.7 家店、一天 1.0 个区块、当天作业半径中位 0.81 km；出勤 周一57/周二47/周三45/周四50/周五47；周六、周日 没跑。 ① 区块开工：1 块里他开工了 1 块；② 区块内执行率中位 88%（最弱一块 88%）；③ 区块星期一致 100%。 参考：覆盖 88%、同日 89%、相位 88%、量比 0.92。 结论：**计划怎么划他就怎么做**——区块全开工、区块内做全、星期按计划。
000771641,珠海市,"香洲区×253, 中山市×1",238,255,294,242,0.954,0.938,0.954,0.957,0.954,1.15,11,1,[238],"[{'块': '块1', '中心': '22.275,113.555', '计划店': 238, '跑到的计划店': 227, '执行率': 0.954, '计划星期': '周一', '实际主力星期': '周一'}]",1,1.0,0.954,0.954,1.0,,10.1,18.6,72.0,21,13,14.0,"[70, 53, 57, 57, 57, 0, 0]",5.11,1.0,206,36,区块全开·星期照做,"珠海市（香洲区×253, 中山市×1）：计划 238 店 / 255 次，分成 1 个区块（最大区块 238 店）。 地盘东西 10.1 × 南北 18.6 km；区块内店距中位 72 m。 节奏：21 个工作日、平均每天 14.0 家店、一天 1.0 个区块、当天作业半径中位 5.11 km；出勤 周一70/周二53/周三57/周四57/周五57；周六、周日 没跑。 ① 区块开工：1 块里他开工了 1 块；② 区块内执行率中位 95%（最弱一块 95%）；③ 区块星期一致 100%。 参考：覆盖 95%、同日 96%、相位 95%、量比 1.15。 结论：**计划怎么划他就怎么做**——区块全开工、区块内做全、星期按计划。"
000771816,福州市,"长乐区×88, 马尾区×56",135,144,242,215,0.985,0.619,0.985,0.986,0.985,1.68,2,7,"[103, 21, 4, 3, 2]","[{'块': '块1', '中心': '25.976,119.472', '计划店': 103, '跑到的计划店': 103, '执行率': 1.0, '计划星期': '周一', '实际主力星期': '周一'}, {'块': '块2', '中心': '25.987,119.628', '计划店': 21, '跑到的计划店': 20, '执行率': 0.952, '计划星期': '周二', '实际主力星期': '周二'}, {'块': '块3', '中心': '25.912,119.630', '计划店': 4, '跑到的计划店': 3, '执行率': 0.75, '计划星期': '周五', '实际主力星期': '周五'}, {'块': '块4', '中心': '25.876,119.547', '计划店': 3, '跑到的计划店': 3, '执行率': 1.0, '计划星期': '周五', '实际主力星期': '周五'}, {'块': '块5', '中心': '26.017,119.683', '计划店': 2, '跑到的计划店': 2, '执行率': 1.0, '计划星期': '周二', '实际主力星期': '周二'}, {'块': '块6', '中心': '26.204,119.542', '计划店': 1, '跑到的计划店': 1, '执行率': 1.0, '计划星期': '周二', '实际主力星期': '周二'}, {'块': '块7', '中心': '25.917,119.470', '计划店': 1, '跑到的计划店': 1, '执行率': 1.0, '计划星期': '周四', '实际主力星期': '周四'}]",7,1.0,1.0,0.75,1.0,,29.7,36.5,99.0,17,11,14.2,"[56, 50, 48, 49, 36, 2, 1]",4.65,1.0,190,25,区块全开·星期照做,"福州市（长乐区×88, 马尾区×56）：计划 135 店 / 144 次，分成 7 个区块（最大区块 103 店）。 地盘东西 29.7 × 南北 36.5 km；区块内店距中位 99 m。 节奏：17 个工作日、平均每天 14.2 家店、一天 1.0 个区块、当天作业半径中位 4.65 km；出勤 周一56/周二50/周三48/周四49/周五36/周六2/周日1。 ① 区块开工：7 块里他开工了 7 块；② 区块内执行率中位 100%（最弱一块 75%）；③ 区块星期一致 100%。 参考：覆盖 98%、同日 99%、相位 98%、量比 1.68。 结论：**计划怎么划他就怎么做**——区块全开工、区块内做全、星期按计划。"
000772089,广州市,"荔湾区×248, 南海区×3",234,253,249,230,0.944,0.961,0.944,0.945,0.944,0.98,13,1,[234],"[{'块': '块1', '中心': '23.077,113.228', '计划店': 234, '跑到的计划店': 221, '执行率': 0.944, '计划星期': '周一', '实际主力星期': '周一'}]",1,1.0,0.944,0.944,1.0,,7.3,8.2,83.0,20,12,12.4,"[65, 36, 49, 48, 51, 0, 0]",1.32,1.0,211,19,区块全开·星期照做,"广州市（荔湾区×248, 南海区×3）：计划 234 店 / 253 次，分成 1 个区块（最大区块 234 店）。 地盘东西 7.3 × 南北 8.2 km；区块内店距中位 83 m。 节奏：20 个工作日、平均每天 12.4 家店、一天 1.0 个区块、当天作业半径中位 1.32 km；出勤 周一65/周二36/周三49/周四48/周五51；周六、周日 没跑。 ① 区块开工：1 块里他开工了 1 块；② 区块内执行率中位 94%（最弱一块 94%）；③ 区块星期一致 100%。 参考：覆盖 94%、同日 94%、相位 94%、量比 0.98。 结论：**计划怎么划他就怎么做**——区块全开工、区块内做全、星期按计划。"
000772527,厦门市,"翔安区×192, 湖里区×70",234,264,246,214,0.88,0.963,0.881,0.864,0.876,0.93,28,5,"[157, 60, 9, 7, 1]","[{'块': '块1', '中心': '24.618,118.239', '计划店': 157, '跑到的计划店': 141, '执行率': 0.898, '计划星期': '周一', '实际主力星期': '周一'}, {'块': '块2', '中心': '24.536,118.148', '计划店': 60, '跑到的计划店': 49, '执行率': 0.817, '计划星期': '周五', '实际主力星期': '周五'}, {'块': '块3', '中心': '24.605,118.320', '计划店': 9, '跑到的计划店': 9, '执行率': 1.0, '计划星期': '周二', '实际主力星期': '周二'}, {'块': '块4', '中心': '24.555,118.322', '计划店': 7, '跑到的计划店': 6, '执行率': 0.857, '计划星期': '周二', '实际主力星期': '周二'}, {'块': '块5', '中心': '24.580,118.198', '计划店': 1, '跑到的计划店': 1, '执行率': 1.0, '计划星期': '周四', '实际主力星期': '周四'}]",5,1.0,0.898,0.817,1.0,,22.7,18.9,78.0,19,12,12.9,"[69, 48, 38, 41, 50, 0, 0]",3.93,1.0,186,28,区块全开·星期照做,"厦门市（翔安区×192, 湖里区×70）：计划 234 店 / 264 次，分成 5 个区块（最大区块 157 店）。 地盘东西 22.7 × 南北 18.9 km；区块内店距中位 78 m。 节奏：19 个工作日、平均每天 12.9 家店、一天 1.0 个区块、当天作业半径中位 3.93 km；出勤 周一69/周二48/周三38/周四41/周五50；周六、周日 没跑。 ① 区块开工：5 块里他开工了 5 块；② 区块内执行率中位 90%（最弱一块 82%）；③ 区块星期一致 100%。 参考：覆盖 88%、同日 86%、相位 88%、量比 0.93。 结论：**计划怎么划他就怎么做**——区块全开工、区块内做全、星期按计划。"
000772623,武汉市,"黄陂区×149, 新洲区×9",144,158,225,212,0.792,0.538,0.604,0.551,0.632,1.42,30,6,"[100, 16, 11, 8, 8]","[{'块': '块1', '中心': '30.718,114.278', '计划店': 100, '跑到的计划店': 83, '执行率': 0.83, '计划星期': '周一', '实际主力星期': '周一'}, {'块': '块2', '中心': '30.877,114.373', '计划店': 16, '跑到的计划店': 13, '执行率': 0.812, '计划星期': '周二', '实际主力星期': '周二'}, {'块': '块3', '中心': '30.719,114.409', '计划店': 11, '跑到的计划店': 7, '执行率': 0.636, '计划星期': '周四', '实际主力星期': '周五'}, {'块': '块4', '中心': '30.798,114.294', '计划店': 8, '跑到的计划店': 6, '执行率': 0.75, '计划星期': '周二', '实际主力星期': '周一'}, {'块': '块5', '中心': '30.659,114.569', '计划店': 8, '跑到的计划店': 5, '执行率': 0.625, '计划星期': '周四', '实际主力星期': '周三'}, {'块': '块6', '中心': '30.688,114.579', '计划店': 1, '跑到的计划店': 0, '执行率': 0.0, '计划星期': '周四', '实际主力星期': '未开工'}]",5,0.833,0.693,0.0,0.6,,34.6,26.3,105.0,18,7,12.5,"[56, 45, 41, 33, 50, 0, 0]",3.72,1.0,199,13,区块缺了没开,"武汉市（黄陂区×149, 新洲区×9）：计划 144 店 / 158 次，分成 6 个区块（最大区块 100 店）。 地盘东西 34.6 × 南北 26.3 km；区块内店距中位 105 m。 节奏：18 个工作日、平均每天 12.5 家店、一天 1.0 个区块、当天作业半径中位 3.72 km；出勤 周一56/周二45/周三41/周四33/周五50；周六、周日 没跑。 ① 区块开工：6 块里他开工了 5 块；② 区块内执行率中位 69%（最弱一块 0%）；③ 区块星期一致 60%。 参考：覆盖 79%、同日 55%、相位 63%、量比 1.42。 结论：**有 1 个区块整块没开工**，但他开的那几块做得很好（执行率与星期都守）——先问为什么不去那几块。"
000772790,昆明市,"西山区×129, 五华区×7",141,146,239,213,0.986,0.653,0.986,0.986,0.986,1.64,2,1,[141],"[{'块': '块1', '中心': '25.004,102.680', '计划店': 141, '跑到的计划店': 139, '执行率': 0.986, '计划星期': '周二', '实际主力星期': '周二'}]",1,1.0,0.986,0.986,1.0,,7.8,12.1,74.0,16,11,14.9,"[58, 51, 56, 49, 25, 0, 0]",1.46,1.0,191,22,区块全开·星期照做,"昆明市（西山区×129, 五华区×7）：计划 141 店 / 146 次，分成 1 个区块（最大区块 141 店）。 地盘东西 7.8 × 南北 12.1 km；区块内店距中位 74 m。 节奏：16 个工作日、平均每天 14.9 家店、一天 1.0 个区块、当天作业半径中位 1.46 km；出勤 周一58/周二51/周三56/周四49/周五25；周六、周日 没跑。 ① 区块开工：1 块里他开工了 1 块；② 区块内执行率中位 99%（最弱一块 99%）；③ 区块星期一致 100%。 参考：覆盖 99%、同日 99%、相位 99%、量比 1.64。 结论：**计划怎么划他就怎么做**——区块全开工、区块内做全、星期按计划。"
000772796,兰州市,"城关区×60, 西固区×10",63,70,172,140,0.905,0.407,0.905,0.914,0.905,2.46,6,2,"[53, 10]","[{'块': '块1', '中心': '36.050,103.836', '计划店': 53, '跑到的计划店': 50, '执行率': 0.943, '计划星期': '周一', '实际主力星期': '周一'}, {'块': '块2', '中心': '36.105,103.614', '计划店': 10, '跑到的计划店': 7, '执行率': 0.7, '计划星期': '周五', '实际主力星期': '周四'}]",2,1.0,0.822,0.7,1.0,,21.1,8.1,63.0,13,7,13.2,"[48, 29, 36, 33, 26, 0, 0]",0.6,1.0,108,32,区块全开·区块内欠访,"兰州市（城关区×60, 西固区×10）：计划 63 店 / 70 次，分成 2 个区块（最大区块 53 店）。 地盘东西 21.1 × 南北 8.1 km；区块内店距中位 63 m。 节奏：13 个工作日、平均每天 13.2 家店、一天 1.0 个区块、当天作业半径中位 0.6 km；出勤 周一48/周二29/周三36/周四33/周五26；周六、周日 没跑。 ① 区块开工：2 块里他开工了 2 块；② 区块内执行率中位 82%（最弱一块 70%）；③ 区块星期一致 100%。 参考：覆盖 90%、同日 91%、相位 90%、量比 2.46。 结论：区块都开了、星期也守，但**区块内没做全**（存在欠访）。"
000773393,郑州市,"金水区×208, 中原区×16",219,229,175,165,0.694,0.921,0.658,0.638,0.662,0.76,67,3,"[216, 2, 1]","[{'块': '块1', '中心': '34.788,113.743', '计划店': 216, '跑到的计划店': 149, '执行率': 0.69, '计划星期': '周一', '实际主力星期': '周五'}, {'块': '块2', '中心': '34.878,113.676', '计划店': 2, '跑到的计划店': 2, '执行率': 1.0, '计划星期': '周四', '实际主力星期': '周四'}, {'块': '块3', '中心': '34.794,113.555', '计划店': 1, '跑到的计划店': 1, '执行率': 1.0, '计划星期': '周四', '实际主力星期': '周四'}]",3,1.0,1.0,0.69,1.0,,23.8,15.8,109.0,18,10,9.7,"[34, 34, 35, 29, 37, 0, 6]",2.6,1.0,155,10,区块全开·星期照做,"郑州市（金水区×208, 中原区×16）：计划 219 店 / 229 次，分成 3 个区块（最大区块 216 店）。 地盘东西 23.8 × 南北 15.8 km；区块内店距中位 109 m。 节奏：18 个工作日、平均每天 9.7 家店、一天 1.0 个区块、当天作业半径中位 2.6 km；出勤 周一34/周二34/周三35/周四29/周五37/周日6；周六 没跑。 ① 区块开工：3 块里他开工了 3 块；② 区块内执行率中位 100%（最弱一块 69%）；③ 区块星期一致 100%。 参考：覆盖 69%、同日 64%、相位 66%、量比 0.76。 结论：**计划怎么划他就怎么做**——区块全开工、区块内做全、星期按计划。"
000774113,太原市,"万柏林区×244, 尖草坪区×27",254,274,232,218,0.799,0.931,0.795,0.759,0.787,0.85,51,1,[254],"[{'块': '块1', '中心': '37.861,112.505', '计划店': 254, '跑到的计划店': 203, '执行率': 0.799, '计划星期': '周一', '实际主力星期': '周一'}]",1,1.0,0.799,0.799,1.0,,9.4,13.3,69.0,19,12,12.2,"[61, 50, 48, 35, 38, 0, 0]",1.15,1.0,204,14,区块全开·区块内欠访,"太原市（万柏林区×244, 尖草坪区×27）：计划 254 店 / 274 次，分成 1 个区块（最大区块 254 店）。 地盘东西 9.4 × 南北 13.3 km；区块内店距中位 69 m。 节奏：19 个工作日、平均每天 12.2 家店、一天 1.0 个区块、当天作业半径中位 1.15 km；出勤 周一61/周二50/周三48/周四35/周五38；周六、周日 没跑。 ① 区块开工：1 块里他开工了 1 块；② 区块内执行率中位 80%（最弱一块 80%）；③ 区块星期一致 100%。 参考：覆盖 80%、同日 76%、相位 79%、量比 0.85。 结论：区块都开了、星期也守，但**区块内没做全**（存在欠访）。"
000782263,昆明市,"五华区×129, 盘龙区×6",143,145,242,223,0.951,0.61,0.951,0.952,0.951,1.67,7,2,"[142, 1]","[{'块': '块1', '中心': '25.042,102.709', '计划店': 142, '跑到的计划店': 135, '执行率': 0.951, '计划星期': '周一', '实际主力星期': '周一'}, {'块': '块2', '中心': '25.136,102.734', '计划店': 1, '跑到的计划店': 1, '执行率': 1.0, '计划星期': '周一', '实际主力星期': '周一'}]",2,1.0,0.975,0.951,1.0,,8.6,16.8,43.0,19,10,12.7,"[64, 37, 50, 44, 47, 0, 0]",0.54,1.0,207,16,区块全开·星期照做,"昆明市（五华区×129, 盘龙区×6）：计划 143 店 / 145 次，分成 2 个区块（最大区块 142 店）。 地盘东西 8.6 × 南北 16.8 km；区块内店距中位 43 m。 节奏：19 个工作日、平均每天 12.7 家店、一天 1.0 个区块、当天作业半径中位 0.54 km；出勤 周一64/周二37/周三50/周四44/周五47；周六、周日 没跑。 ① 区块开工：2 块里他开工了 2 块；② 区块内执行率中位 98%（最弱一块 95%）；③ 区块星期一致 100%。 参考：覆盖 95%、同日 95%、相位 95%、量比 1.67。 结论：**计划怎么划他就怎么做**——区块全开工、区块内做全、星期按计划。"
000782275,昆明市,"呈贡区×47, 西山区×1",50,50,250,228,0.96,0.211,0.96,0.96,0.96,5.0,2,4,"[39, 9, 1, 1]","[{'块': '块1', '中心': '24.836,102.827', '计划店': 39, '跑到的计划店': 37, '执行率': 0.949, '计划星期': '周三', '实际主力星期': '周三'}, {'块': '块2', '中心': '24.902,102.788', '计划店': 9, '跑到的计划店': 9, '执行率': 1.0, '计划星期': '周五', '实际主力星期': '周五'}, {'块': '块3', '中心': '24.977,102.714', '计划店': 1, '跑到的计划店': 1, '执行率': 1.0, '计划星期': '周五', '实际主力星期': '周五'}, {'块': '块4', '中心': '25.059,102.658', '计划店': 1, '跑到的计划店': 1, '执行率': 1.0, '计划星期': '周五', '实际主力星期': '周五'}]",4,1.0,1.0,0.949,1.0,,18.6,27.4,39.0,7,11,35.7,"[67, 34, 58, 52, 39, 0, 0]",0.76,1.0,206,22,区块全开·星期照做,"昆明市（呈贡区×47, 西山区×1）：计划 50 店 / 50 次，分成 4 个区块（最大区块 39 店）。 地盘东西 18.6 × 南北 27.4 km；区块内店距中位 39 m。 节奏：7 个工作日、平均每天 35.7 家店、一天 1.0 个区块、当天作业半径中位 0.76 km；出勤 周一67/周二34/周三58/周四52/周五39；周六、周日 没跑。 ① 区块开工：4 块里他开工了 4 块；② 区块内执行率中位 100%（最弱一块 95%）；③ 区块星期一致 100%。 参考：覆盖 96%、同日 96%、相位 96%、量比 5.0。 结论：**计划怎么划他就怎么做**——区块全开工、区块内做全、星期按计划。"
000782642,惠州市,惠阳区×264,246,264,277,243,0.854,0.864,0.854,0.864,0.854,1.05,36,7,"[217, 14, 10, 2, 1]","[{'块': '块1', '中心': '22.771,114.469', '计划店': 217, '跑到的计划店': 185, '执行率': 0.853, '计划星期': '周一', '实际主力星期': '周一'}, {'块': '块2', '中心': '22.770,114.656', '计划店': 14, '跑到的计划店': 12, '执行率': 0.857, '计划星期': '周三', '实际主力星期': '周三'}, {'块': '块3', '中心': '22.878,114.486', '计划店': 10, '跑到的计划店': 9, '执行率': 0.9, '计划星期': '周五', '实际主力星期': '周五'}, {'块': '块4', '中心': '22.811,114.516', '计划店': 2, '跑到的计划店': 1, '执行率': 0.5, '计划星期': '周五', '实际主力星期': '周五'}, {'块': '块5', '中心': '22.837,114.332', '计划店': 1, '跑到的计划店': 1, '执行率': 1.0, '计划星期': '周四', '实际主力星期': '周四'}, {'块': '块6', '中心': '23.043,114.558', '计划店': 1, '跑到的计划店': 1, '执行率': 1.0, '计划星期': '周五', '实际主力星期': '周五'}, {'块': '块7', '中心': '22.855,114.533', '计划店': 1, '跑到的计划店': 1, '执行率': 1.0, '计划星期': '周五', '实际主力星期': '周五'}]",7,1.0,0.9,0.5,1.0,区块×2店 仅执行 50%,34.1,37.6,103.0,21,12,13.2,"[63, 55, 52, 50, 50, 7, 0]",2.11,1.0,210,33,区块全开·星期照做,惠州市（惠阳区×264）：计划 246 店 / 264 次，分成 7 个区块（最大区块 217 店）。 地盘东西 34.1 × 南北 37.6 km；区块内店距中位 103 m。 节奏：21 个工作日、平均每天 13.2 家店、一天 1.0 个区块、当天作业半径中位 2.11 km；出勤 周一63/周二55/周三52/周四50/周五50/周六7；周日 没跑。 ① 区块开工：7 块里他开工了 7 块；② 区块内执行率中位 90%（最弱一块 50%）；③ 区块星期一致 100%。 参考：覆盖 85%、同日 86%、相位 85%、量比 1.05。 结论：**计划怎么划他就怎么做**——区块全开工、区块内做全、星期按计划。 最冷的区块（计划内执行率最低）：区块×2店 仅执行 50%。
000787397,哈尔滨市,"道里区×172, 双城区×26",216,221,116,114,0.435,0.825,0.352,0.33,0.403,0.52,122,7,"[114, 56, 23, 20, 1]","[{'块': '块1', '中心': '45.732,126.551', '计划店': 114, '跑到的计划店': 63, '执行率': 0.553, '计划星期': '周一', '实际主力星期': '周一'}, {'块': '块2', '中心': '45.774,126.620', '计划店': 56, '跑到的计划店': 17, '执行率': 0.304, '计划星期': '周三', '实际主力星期': '周三'}, {'块': '块3', '中心': '45.373,126.318', '计划店': 23, '跑到的计划店': 4, '执行率': 0.174, '计划星期': '周四', '实际主力星期': '周五'}, {'块': '块4', '中心': '45.805,126.517', '计划店': 20, '跑到的计划店': 9, '执行率': 0.45, '计划星期': '周二', '实际主力星期': '周二'}, {'块': '块5', '中心': '45.724,126.653', '计划店': 1, '跑到的计划店': 1, '执行率': 1.0, '计划星期': '周四', '实际主力星期': '周五'}, {'块': '块6', '中心': '45.339,126.328', '计划店': 1, '跑到的计划店': 0, '执行率': 0.0, '计划星期': '周四', '实际主力星期': '未开工'}, {'块': '块7', '中心': '45.770,126.567', '计划店': 1, '跑到的计划店': 0, '执行率': 0.0, '计划星期': '周三', '实际主力星期': '未开工'}]",5,0.714,0.304,0.0,0.6,区块×23店 仅执行 17%; 区块×56店 仅执行 30%; 区块×20店 仅执行 45%,26.9,52.2,51.0,13,8,8.9,"[52, 19, 21, 5, 19, 0, 0]",0.88,1.0,112,2,区块缺了没开,"哈尔滨市（道里区×172, 双城区×26）：计划 216 店 / 221 次，分成 7 个区块（最大区块 114 店）。 地盘东西 26.9 × 南北 52.2 km；区块内店距中位 51 m。 节奏：13 个工作日、平均每天 8.9 家店、一天 1.0 个区块、当天作业半径中位 0.88 km；出勤 周一52/周二19/周三21/周四5/周五19；周六、周日 没跑。 ① 区块开工：7 块里他开工了 5 块；② 区块内执行率中位 30%（最弱一块 0%）；③ 区块星期一致 60%。 参考：覆盖 44%、同日 33%、相位 40%、量比 0.52。 结论：**有 2 个区块整块没开工**，但他开的那几块做得很好（执行率与星期都守）——先问为什么不去那几块。 最冷的区块（计划内执行率最低）：区块×23店 仅执行 17%; 区块×56店 仅执行 30%; 区块×20店 仅执行 45%。"
000795399,天津市,"西青区×268, 南开区×3",254,272,236,223,0.244,0.278,0.067,0.018,0.106,0.87,192,6,"[201, 38, 10, 2, 2]","[{'块': '块1', '中心': '39.082,117.122', '计划店': 201, '跑到的计划店': 54, '执行率': 0.269, '计划星期': '周一', '实际主力星期': '周二'}, {'块': '块2', '中心': '39.060,117.041', '计划店': 38, '跑到的计划店': 4, '执行率': 0.105, '计划星期': '周三', '实际主力星期': '周二'}, {'块': '块3', '中心': '38.889,117.263', '计划店': 10, '跑到的计划店': 4, '执行率': 0.4, '计划星期': '周二', '实际主力星期': '周五'}, {'块': '块4', '中心': '39.188,117.088', '计划店': 2, '跑到的计划店': 0, '执行率': 0.0, '计划星期': '周五', '实际主力星期': '未开工'}, {'块': '块5', '中心': '39.087,116.972', '计划店': 2, '跑到的计划店': 0, '执行率': 0.0, '计划星期': '周四', '实际主力星期': '未开工'}, {'块': '块6', '中心': '38.998,117.133', '计划店': 1, '跑到的计划店': 0, '执行率': 0.0, '计划星期': '周一', '实际主力星期': '未开工'}]",3,0.5,0.053,0.0,0.333,区块×38店 仅执行 11%; 区块×201店 仅执行 27%; 区块×10店 仅执行 40%,26.7,34.7,56.0,17,3,13.9,"[65, 49, 48, 37, 37, 0, 0]",5.69,1.0,210,13,计划与实际几乎不相交,"天津市（西青区×268, 南开区×3）：计划 254 店 / 272 次，分成 6 个区块（最大区块 201 店）。 地盘东西 26.7 × 南北 34.7 km；区块内店距中位 56 m。 节奏：17 个工作日、平均每天 13.9 家店、一天 1.0 个区块、当天作业半径中位 5.69 km；出勤 周一65/周二49/周三48/周四37/周五37；周六、周日 没跑。 ① 区块开工：6 块里他开工了 3 块；② 区块内执行率中位 5%（最弱一块 0%）；③ 区块星期一致 33%。 参考：覆盖 24%、同日 2%、相位 11%、量比 0.87。 结论：计划与实际几乎不相交——先查这块地盘是不是搞错了（管辖/门店清单），再谈行为。 最冷的区块（计划内执行率最低）：区块×38店 仅执行 11%; 区块×201店 仅执行 27%; 区块×10店 仅执行 40%。"
000796635,呼和浩特市,"新城区×249, 玉泉区×2",219,253,244,210,0.63,0.657,0.525,0.482,0.548,0.96,81,2,"[217, 2]","[{'块': '块1', '中心': '40.846,111.698', '计划店': 217, '跑到的计划店': 137, '执行率': 0.631, '计划星期': '周一', '实际主力星期': '周二'}, {'块': '块2', '中心': '40.908,111.711', '计划店': 2, '跑到的计划店': 1, '执行率': 0.5, '计划星期': '周四', '实际主力星期': '周五'}]",2,1.0,0.566,0.5,0.5,区块×2店 仅执行 50%,9.7,15.1,53.0,19,9,12.8,"[52, 55, 51, 53, 33, 0, 0]",3.58,1.0,176,34,区块全开·店和星期都有欠,"呼和浩特市（新城区×249, 玉泉区×2）：计划 219 店 / 253 次，分成 2 个区块（最大区块 217 店）。 地盘东西 9.7 × 南北 15.1 km；区块内店距中位 53 m。 节奏：19 个工作日、平均每天 12.8 家店、一天 1.0 个区块、当天作业半径中位 3.58 km；出勤 周一52/周二55/周三51/周四53/周五33；周六、周日 没跑。 ① 区块开工：2 块里他开工了 2 块；② 区块内执行率中位 57%（最弱一块 50%）；③ 区块星期一致 50%。 参考：覆盖 63%、同日 48%、相位 55%、量比 0.96。 结论：区块开了，但店没做全、星期也没守——属于执行力不足，要具体看到底缺在哪块。 最冷的区块（计划内执行率最低）：区块×2店 仅执行 50%。"
000798424,上海市,黄浦区×240,221,240,260,227,0.9,0.877,0.9,0.904,0.896,1.08,22,1,[221],"[{'块': '块1', '中心': '31.221,121.481', '计划店': 221, '跑到的计划店': 199, '执行率': 0.9, '计划星期': '周一', '实际主力星期': '周一'}]",1,1.0,0.9,0.9,1.0,,4.7,5.4,34.0,21,12,12.4,"[59, 52, 47, 52, 50, 0, 0]",1.36,1.0,197,30,区块全开·星期照做,上海市（黄浦区×240）：计划 221 店 / 240 次，分成 1 个区块（最大区块 221 店）。 地盘东西 4.7 × 南北 5.4 km；区块内店距中位 34 m。 节奏：21 个工作日、平均每天 12.4 家店、一天 1.0 个区块、当天作业半径中位 1.36 km；出勤 周一59/周二52/周三47/周四52/周五50；周六、周日 没跑。 ① 区块开工：1 块里他开工了 1 块；② 区块内执行率中位 90%（最弱一块 90%）；③ 区块星期一致 100%。 参考：覆盖 90%、同日 90%、相位 90%、量比 1.08。 结论：**计划怎么划他就怎么做**——区块全开工、区块内做全、星期按计划。
000799013,唐山市,"路南区×13, 古冶区×2",16,16,270,231,0.75,0.052,0.125,0.125,0.5,16.88,4,6,"[10, 2, 1, 1, 1]","[{'块': '块1', '中心': '39.615,118.213', '计划店': 10, '跑到的计划店': 9, '执行率': 0.9, '计划星期': '周三', '实际主力星期': '周五'}, {'块': '块2', '中心': '39.700,118.437', '计划店': 2, '跑到的计划店': 1, '执行率': 0.5, '计划星期': '周日', '实际主力星期': '周二'}, {'块': '块3', '中心': '39.546,118.191', '计划店': 1, '跑到的计划店': 0, '执行率': 0.0, '计划星期': '周五', '实际主力星期': '未开工'}, {'块': '块4', '中心': '39.570,118.192', '计划店': 1, '跑到的计划店': 0, '执行率': 0.0, '计划星期': '周五', '实际主力星期': '未开工'}, {'块': '块5', '中心': '39.614,118.142', '计划店': 1, '跑到的计划店': 1, '执行率': 1.0, '计划星期': '周一', '实际主力星期': '周一'}, {'块': '块6', '中心': '39.826,118.144', '计划店': 1, '跑到的计划店': 1, '执行率': 1.0, '计划星期': '周三', '实际主力星期': '周二'}]",4,0.667,0.7,0.0,0.5,区块×2店 仅执行 50%,25.3,31.0,172.0,9,1,30.0,"[72, 39, 44, 50, 41, 24, 0]",0.59,1.0,201,30,区块缺了没开,"唐山市（路南区×13, 古冶区×2）：计划 16 店 / 16 次，分成 6 个区块（最大区块 10 店）。 地盘东西 25.3 × 南北 31.0 km；区块内店距中位 172 m。 节奏：9 个工作日、平均每天 30.0 家店、一天 1.0 个区块、当天作业半径中位 0.59 km；出勤 周一72/周二39/周三44/周四50/周五41/周六24；周日 没跑。 ① 区块开工：6 块里他开工了 4 块；② 区块内执行率中位 70%（最弱一块 0%）；③ 区块星期一致 50%。 参考：覆盖 75%、同日 12%、相位 50%、量比 16.88。 结论：**有 2 个区块整块没开工**，但他开的那几块做得很好（执行率与星期都守）——先问为什么不去那几块。 最冷的区块（计划内执行率最低）：区块×2店 仅执行 50%。"
000811058,深圳市,"龙华区×124, 龙岗区×109",212,233,230,200,0.83,0.88,0.811,0.824,0.816,0.99,36,2,"[200, 12]","[{'块': '块1', '中心': '22.694,114.092', '计划店': 200, '跑到的计划店': 165, '执行率': 0.825, '计划星期': '周一', '实际主力星期': '周一'}, {'块': '块2', '中心': '22.690,113.992', '计划店': 12, '跑到的计划店': 11, '执行率': 0.917, '计划星期': '周二', '实际主力星期': '周二'}]",2,1.0,0.871,0.825,1.0,,18.4,11.2,113.0,20,10,11.5,"[63, 49, 46, 34, 38, 0, 0]",2.11,1.0,172,28,区块全开·星期照做,"深圳市（龙华区×124, 龙岗区×109）：计划 212 店 / 233 次，分成 2 个区块（最大区块 200 店）。 地盘东西 18.4 × 南北 11.2 km；区块内店距中位 113 m。 节奏：20 个工作日、平均每天 11.5 家店、一天 1.0 个区块、当天作业半径中位 2.11 km；出勤 周一63/周二49/周三46/周四34/周五38；周六、周日 没跑。 ① 区块开工：2 块里他开工了 2 块；② 区块内执行率中位 87%（最弱一块 82%）；③ 区块星期一致 100%。 参考：覆盖 83%、同日 82%、相位 82%、量比 0.99。 结论：**计划怎么划他就怎么做**——区块全开工、区块内做全、星期按计划。"
000811371,贵阳市,"观山湖区×83, 花溪区×26",121,126,280,254,0.959,0.457,0.959,0.96,0.959,2.22,5,2,"[95, 26]","[{'块': '块1', '中心': '26.605,106.623', '计划店': 95, '跑到的计划店': 90, '执行率': 0.947, '计划星期': '周二', '实际主力星期': '周二'}, {'块': '块2', '中心': '26.517,106.700', '计划店': 26, '跑到的计划店': 26, '执行率': 1.0, '计划星期': '周四', '实际主力星期': '周四'}]",2,1.0,0.974,0.947,1.0,,13.8,12.3,47.0,18,11,15.6,"[77, 47, 54, 44, 55, 3, 0]",1.88,1.0,230,24,区块全开·星期照做,"贵阳市（观山湖区×83, 花溪区×26）：计划 121 店 / 126 次，分成 2 个区块（最大区块 95 店）。 地盘东西 13.8 × 南北 12.3 km；区块内店距中位 47 m。 节奏：18 个工作日、平均每天 15.6 家店、一天 1.0 个区块、当天作业半径中位 1.88 km；出勤 周一77/周二47/周三54/周四44/周五55/周六3；周日 没跑。 ① 区块开工：2 块里他开工了 2 块；② 区块内执行率中位 97%（最弱一块 95%）；③ 区块星期一致 100%。 参考：覆盖 96%、同日 96%、相位 96%、量比 2.22。 结论：**计划怎么划他就怎么做**——区块全开工、区块内做全、星期按计划。"
000825758,合肥市,"瑶海区×89, 包河区×50",149,155,151,147,0.537,0.544,0.266,0.265,0.423,0.97,69,3,"[92, 48, 9]","[{'块': '块1', '中心': '31.915,117.340', '计划店': 92, '跑到的计划店': 49, '执行率': 0.533, '计划星期': '周五', '实际主力星期': '周五'}, {'块': '块2', '中心': '31.798,117.323', '计划店': 48, '跑到的计划店': 29, '执行率': 0.604, '计划星期': '周三', '实际主力星期': '周四'}, {'块': '块3', '中心': '31.978,117.327', '计划店': 9, '跑到的计划店': 2, '执行率': 0.222, '计划星期': '周三', '实际主力星期': '周一'}]",3,1.0,0.533,0.222,0.667,区块×9店 仅执行 22%; 区块×92店 仅执行 53%,14.0,25.2,110.0,16,5,9.4,"[40, 22, 30, 29, 30, 0, 0]",1.75,1.0,143,4,区块全开·店和星期都有欠,"合肥市（瑶海区×89, 包河区×50）：计划 149 店 / 155 次，分成 3 个区块（最大区块 92 店）。 地盘东西 14.0 × 南北 25.2 km；区块内店距中位 110 m。 节奏：16 个工作日、平均每天 9.4 家店、一天 1.0 个区块、当天作业半径中位 1.75 km；出勤 周一40/周二22/周三30/周四29/周五30；周六、周日 没跑。 ① 区块开工：3 块里他开工了 3 块；② 区块内执行率中位 53%（最弱一块 22%）；③ 区块星期一致 67%。 参考：覆盖 54%、同日 26%、相位 42%、量比 0.97。 结论：区块开了，但店没做全、星期也没守——属于执行力不足，要具体看到底缺在哪块。 最冷的区块（计划内执行率最低）：区块×9店 仅执行 22%; 区块×92店 仅执行 53%。"
000825796,南通市,"崇川区×170, 通州区×88",250,258,207,191,0.748,0.979,0.748,0.744,0.748,0.8,63,6,"[217, 25, 4, 2, 1]","[{'块': '块1', '中心': '32.022,120.900', '计划店': 217, '跑到的计划店': 162, '执行率': 0.747, '计划星期': '周四', '实际主力星期': '周二'}, {'块': '块2', '中心': '32.072,121.077', '计划店': 25, '跑到的计划店': 21, '执行率': 0.84, '计划星期': '周一', '实际主力星期': '周一'}, {'块': '块3', '中心': '32.095,120.753', '计划店': 4, '跑到的计划店': 2, '执行率': 0.5, '计划星期': '周三', '实际主力星期': '周三'}, {'块': '块4', '中心': '32.064,120.730', '计划店': 2, '跑到的计划店': 2, '执行率': 1.0, '计划星期': '周三', '实际主力星期': '周三'}, {'块': '块5', '中心': '31.911,120.968', '计划店': 1, '跑到的计划店': 0, '执行率': 0.0, '计划星期': '周一', '实际主力星期': '未开工'}, {'块': '块6', '中心': '31.963,120.880', '计划店': 1, '跑到的计划店': 0, '执行率': 0.0, '计划星期': '周五', '实际主力星期': '未开工'}]",4,0.667,0.623,0.0,1.0,区块×4店 仅执行 50%,35.0,21.2,250.0,17,12,12.2,"[23, 48, 49, 50, 37, 0, 0]",2.55,1.0,175,16,区块缺了没开,"南通市（崇川区×170, 通州区×88）：计划 250 店 / 258 次，分成 6 个区块（最大区块 217 店）。 地盘东西 35.0 × 南北 21.2 km；区块内店距中位 250 m。 节奏：17 个工作日、平均每天 12.2 家店、一天 1.0 个区块、当天作业半径中位 2.55 km；出勤 周一23/周二48/周三49/周四50/周五37；周六、周日 没跑。 ① 区块开工：6 块里他开工了 4 块；② 区块内执行率中位 62%（最弱一块 0%）；③ 区块星期一致 100%。 参考：覆盖 75%、同日 74%、相位 75%、量比 0.8。 结论：**有 2 个区块整块没开工**，但他开的那几块做得很好（执行率与星期都守）——先问为什么不去那几块。 最冷的区块（计划内执行率最低）：区块×4店 仅执行 50%。"
000826064,太原市,"小店区×119, 迎泽区×24",139,152,223,181,0.691,0.53,0.36,0.309,0.547,1.47,43,3,"[137, 1, 1]","[{'块': '块1', '中心': '37.832,112.565', '计划店': 137, '跑到的计划店': 95, '执行率': 0.693, '计划星期': '周一', '实际主力星期': '周一'}, {'块': '块2', '中心': '37.894,112.577', '计划店': 1, '跑到的计划店': 0, '执行率': 0.0, '计划星期': '周三', '实际主力星期': '未开工'}, {'块': '块3', '中心': '37.805,112.510', '计划店': 1, '跑到的计划店': 1, '执行率': 1.0, '计划星期': '周一', '实际主力星期': '周一'}]",2,0.667,0.693,0.0,1.0,,7.5,10.5,74.0,15,9,14.9,"[62, 39, 49, 37, 36, 0, 0]",1.71,1.0,143,38,区块缺了没开,"太原市（小店区×119, 迎泽区×24）：计划 139 店 / 152 次，分成 3 个区块（最大区块 137 店）。 地盘东西 7.5 × 南北 10.5 km；区块内店距中位 74 m。 节奏：15 个工作日、平均每天 14.9 家店、一天 1.0 个区块、当天作业半径中位 1.71 km；出勤 周一62/周二39/周三49/周四37/周五36；周六、周日 没跑。 ① 区块开工：3 块里他开工了 2 块；② 区块内执行率中位 69%（最弱一块 0%）；③ 区块星期一致 100%。 参考：覆盖 69%、同日 31%、相位 55%、量比 1.47。 结论：**有 1 个区块整块没开工**，但他开的那几块做得很好（执行率与星期都守）——先问为什么不去那几块。"
000826911,杭州市,"西湖区×31, 拱墅区×11",50,50,233,203,0.88,0.217,0.86,0.86,0.88,4.66,6,2,"[30, 20]","[{'块': '块1', '中心': '30.219,120.136', '计划店': 30, '跑到的计划店': 26, '执行率': 0.867, '计划星期': '周一', '实际主力星期': '周一'}, {'块': '块2', '中心': '30.269,120.148', '计划店': 20, '跑到的计划店': 18, '执行率': 0.9, '计划星期': '周五', '实际主力星期': '周五'}]",2,1.0,0.883,0.867,1.0,,6.3,7.8,25.0,8,8,29.1,"[61, 48, 35, 46, 42, 0, 1]",1.25,1.0,175,28,区块全开·星期照做,"杭州市（西湖区×31, 拱墅区×11）：计划 50 店 / 50 次，分成 2 个区块（最大区块 30 店）。 地盘东西 6.3 × 南北 7.8 km；区块内店距中位 25 m。 节奏：8 个工作日、平均每天 29.1 家店、一天 1.0 个区块、当天作业半径中位 1.25 km；出勤 周一61/周二48/周三35/周四46/周五42/周日1；周六 没跑。 ① 区块开工：2 块里他开工了 2 块；② 区块内执行率中位 88%（最弱一块 87%）；③ 区块星期一致 100%。 参考：覆盖 88%、同日 86%、相位 88%、量比 4.66。 结论：**计划怎么划他就怎么做**——区块全开工、区块内做全、星期按计划。"
000829112,重庆市,"两江新区×50, nan×1",49,52,277,212,0.837,0.193,0.837,0.846,0.837,5.33,8,2,"[48, 1]","[{'块': '块1', '中心': '29.580,106.544', '计划店': 48, '跑到的计划店': 40, '执行率': 0.833, '计划星期': '周一', '实际主力星期': '周一'}, {'块': '块2', '中心': '29.602,106.602', '计划店': 1, '跑到的计划店': 1, '执行率': 1.0, '计划星期': '周五', '实际主力星期': '周三'}]",2,1.0,0.917,0.833,1.0,,6.5,4.0,87.0,10,4,27.7,"[57, 46, 60, 55, 59, 0, 0]",0.94,1.0,160,52,区块全开·星期照做,"重庆市（两江新区×50, nan×1）：计划 49 店 / 52 次，分成 2 个区块（最大区块 48 店）。 地盘东西 6.5 × 南北 4.0 km；区块内店距中位 87 m。 节奏：10 个工作日、平均每天 27.7 家店、一天 1.0 个区块、当天作业半径中位 0.94 km；出勤 周一57/周二46/周三60/周四55/周五59；周六、周日 没跑。 ① 区块开工：2 块里他开工了 2 块；② 区块内执行率中位 92%（最弱一块 83%）；③ 区块星期一致 100%。 参考：覆盖 84%、同日 85%、相位 84%、量比 5.33。 结论：**计划怎么划他就怎么做**——区块全开工、区块内做全、星期按计划。"
000837348,重庆市,"长寿区×118, 垫江县×30",133,148,199,165,0.977,0.788,0.979,0.98,0.977,1.34,3,6,"[90, 27, 9, 4, 2]","[{'块': '块1', '中心': '29.857,107.076', '计划店': 90, '跑到的计划店': 90, '执行率': 1.0, '计划星期': '周一', '实际主力星期': '周三'}, {'块': '块2', '中心': '30.327,107.351', '计划店': 27, '跑到的计划店': 25, '执行率': 0.926, '计划星期': '周二', '实际主力星期': '周二'}, {'块': '块3', '中心': '29.821,107.008', '计划店': 9, '跑到的计划店': 9, '执行率': 1.0, '计划星期': '周一', '实际主力星期': '周一'}, {'块': '块4', '中心': '29.903,107.242', '计划店': 4, '跑到的计划店': 4, '执行率': 1.0, '计划星期': '周二', '实际主力星期': '周二'}, {'块': '块5', '中心': '30.204,107.263', '计划店': 2, '跑到的计划店': 1, '执行率': 0.5, '计划星期': '周四', '实际主力星期': '周四'}, {'块': '块6', '中心': '30.093,107.427', '计划店': 1, '跑到的计划店': 1, '执行率': 1.0, '计划星期': '周二', '实际主力星期': '周二'}]",6,1.0,1.0,0.5,1.0,区块×2店 仅执行 50%,40.4,57.1,74.0,18,10,11.1,"[45, 44, 46, 47, 17, 0, 0]",1.26,1.0,140,25,区块全开·星期照做,"重庆市（长寿区×118, 垫江县×30）：计划 133 店 / 148 次，分成 6 个区块（最大区块 90 店）。 地盘东西 40.4 × 南北 57.1 km；区块内店距中位 74 m。 节奏：18 个工作日、平均每天 11.1 家店、一天 1.0 个区块、当天作业半径中位 1.26 km；出勤 周一45/周二44/周三46/周四47/周五17；周六、周日 没跑。 ① 区块开工：6 块里他开工了 6 块；② 区块内执行率中位 100%（最弱一块 50%）；③ 区块星期一致 100%。 参考：覆盖 98%、同日 98%、相位 98%、量比 1.34。 结论：**计划怎么划他就怎么做**——区块全开工、区块内做全、星期按计划。 最冷的区块（计划内执行率最低）：区块×2店 仅执行 50%。"
000838047,北京市,"朝阳区×205, 东城区×45",225,250,227,222,0.48,0.486,0.311,0.236,0.356,0.91,117,1,[225],"[{'块': '块1', '中心': '39.921,116.455', '计划店': 225, '跑到的计划店': 108, '执行率': 0.48, '计划星期': '周一', '实际主力星期': '周五'}]",1,1.0,0.48,0.48,1.0,区块×225店 仅执行 48%,7.0,4.6,55.0,19,4,11.9,"[42, 42, 42, 40, 61, 0, 0]",1.88,1.0,217,5,区块全开·区块内欠访,"北京市（朝阳区×205, 东城区×45）：计划 225 店 / 250 次，分成 1 个区块（最大区块 225 店）。 地盘东西 7.0 × 南北 4.6 km；区块内店距中位 55 m。 节奏：19 个工作日、平均每天 11.9 家店、一天 1.0 个区块、当天作业半径中位 1.88 km；出勤 周一42/周二42/周三42/周四40/周五61；周六、周日 没跑。 ① 区块开工：1 块里他开工了 1 块；② 区块内执行率中位 48%（最弱一块 48%）；③ 区块星期一致 100%。 参考：覆盖 48%、同日 24%、相位 36%、量比 0.91。 结论：区块都开了、星期也守，但**区块内没做全**（存在欠访）。 最冷的区块（计划内执行率最低）：区块×225店 仅执行 48%。"
000838882,重庆市,两江新区×46,46,46,309,291,0.957,0.151,0.957,0.957,0.957,6.72,2,4,"[25, 14, 6, 1]","[{'块': '块1', '中心': '29.720,106.623', '计划店': 25, '跑到的计划店': 25, '执行率': 1.0, '计划星期': '周四', '实际主力星期': '周四'}, {'块': '块2', '中心': '29.704,106.797', '计划店': 14, '跑到的计划店': 13, '执行率': 0.929, '计划星期': '周五', '实际主力星期': '周五'}, {'块': '块3', '中心': '29.675,106.606', '计划店': 6, '跑到的计划店': 5, '执行率': 0.833, '计划星期': '周一', '实际主力星期': '周一'}, {'块': '块4', '中心': '29.662,106.635', '计划店': 1, '跑到的计划店': 1, '执行率': 1.0, '计划星期': '周三', '实际主力星期': '周三'}]",4,1.0,0.964,0.833,1.0,,21.3,11.8,236.0,13,2,23.8,"[58, 60, 57, 63, 71, 0, 0]",0.9,1.0,273,18,区块全开·星期照做,重庆市（两江新区×46）：计划 46 店 / 46 次，分成 4 个区块（最大区块 25 店）。 地盘东西 21.3 × 南北 11.8 km；区块内店距中位 236 m。 节奏：13 个工作日、平均每天 23.8 家店、一天 1.0 个区块、当天作业半径中位 0.9 km；出勤 周一58/周二60/周三57/周四63/周五71；周六、周日 没跑。 ① 区块开工：4 块里他开工了 4 块；② 区块内执行率中位 96%（最弱一块 83%）；③ 区块星期一致 100%。 参考：覆盖 96%、同日 96%、相位 96%、量比 6.72。 结论：**计划怎么划他就怎么做**——区块全开工、区块内做全、星期按计划。
000840245,上海市,"闵行区×283, 松江区×2",265,287,253,209,0.679,0.861,0.668,0.638,0.675,0.88,85,2,"[264, 1]","[{'块': '块1', '中心': '31.160,121.367', '计划店': 264, '跑到的计划店': 180, '执行率': 0.682, '计划星期': '周一', '实际主力星期': '周一'}, {'块': '块2', '中心': '31.013,121.255', '计划店': 1, '跑到的计划店': 0, '执行率': 0.0, '计划星期': '周四', '实际主力星期': '未开工'}]",1,0.5,0.341,0.0,1.0,,16.4,23.0,59.0,24,10,10.5,"[50, 49, 51, 31, 45, 25, 2]",3.41,1.0,176,33,区块大面积没开工,"上海市（闵行区×283, 松江区×2）：计划 265 店 / 287 次，分成 2 个区块（最大区块 264 店）。 地盘东西 16.4 × 南北 23.0 km；区块内店距中位 59 m。 节奏：24 个工作日、平均每天 10.5 家店、一天 1.0 个区块、当天作业半径中位 3.41 km；出勤 周一50/周二49/周三51/周四31/周五45/周六25/周日2。 ① 区块开工：2 块里他开工了 1 块；② 区块内执行率中位 34%（最弱一块 0%）；③ 区块星期一致 100%。 参考：覆盖 68%、同日 64%、相位 68%、量比 0.88。 结论：**有区块整块没开工**（1 块），先问为什么不去，而不是谈执行率。"
000843187,苏州市,"姑苏区×128, 吴中区×3",133,133,26,26,0.0,0.0,0.0,0.0,0.0,0.2,133,2,"[129, 4]","[{'块': '块1', '中心': '31.313,120.623', '计划店': 129, '跑到的计划店': 0, '执行率': 0.0, '计划星期': '周二', '实际主力星期': '未开工'}, {'块': '块2', '中心': '31.280,120.446', '计划店': 4, '跑到的计划店': 0, '执行率': 0.0, '计划星期': '周四', '实际主力星期': '未开工'}]",0,0.0,0.0,0.0,0.0,,19.4,7.6,64.0,0,0,26.0,"[1, 9, 0, 0, 16, 0, 0]",,,26,0,计划与实际几乎不相交,"苏州市（姑苏区×128, 吴中区×3）：计划 133 店 / 133 次，分成 2 个区块（最大区块 129 店）。 地盘东西 19.4 × 南北 7.6 km；区块内店距中位 64 m。 节奏：0 个工作日、平均每天 26.0 家店、一天 None 个区块、当天作业半径中位 None km；出勤 周一1/周二9/周五16；周三、周四、周六、周日 没跑。 ① 区块开工：2 块里他开工了 0 块；② 区块内执行率中位 0%（最弱一块 0%）；③ 区块星期一致 0%。 参考：覆盖 0%、同日 0%、相位 0%、量比 0.2。 结论：计划与实际几乎不相交——先查这块地盘是不是搞错了（管辖/门店清单），再谈行为。"
000844662,成都市,"金牛区×12, 新都区×11",26,26,259,218,0.731,0.087,0.731,0.731,0.731,9.96,7,3,"[11, 8, 7]","[{'块': '块1', '中心': '30.760,104.063', '计划店': 11, '跑到的计划店': 8, '执行率': 0.727, '计划星期': '周三', '实际主力星期': '周三'}, {'块': '块2', '中心': '30.743,104.114', '计划店': 8, '跑到的计划店': 7, '执行率': 0.875, '计划星期': '周五', '实际主力星期': '周五'}, {'块': '块3', '中心': '30.710,104.069', '计划店': 7, '跑到的计划店': 4, '执行率': 0.571, '计划星期': '周一', '实际主力星期': '周一'}]",3,1.0,0.727,0.571,1.0,区块×7店 仅执行 57%,5.3,6.1,77.0,7,3,37.0,"[63, 53, 51, 61, 31, 0, 0]",0.34,1.0,182,36,区块全开·区块内欠访,"成都市（金牛区×12, 新都区×11）：计划 26 店 / 26 次，分成 3 个区块（最大区块 11 店）。 地盘东西 5.3 × 南北 6.1 km；区块内店距中位 77 m。 节奏：7 个工作日、平均每天 37.0 家店、一天 1.0 个区块、当天作业半径中位 0.34 km；出勤 周一63/周二53/周三51/周四61/周五31；周六、周日 没跑。 ① 区块开工：3 块里他开工了 3 块；② 区块内执行率中位 73%（最弱一块 57%）；③ 区块星期一致 100%。 参考：覆盖 73%、同日 73%、相位 73%、量比 9.96。 结论：区块都开了、星期也守，但**区块内没做全**（存在欠访）。 最冷的区块（计划内执行率最低）：区块×7店 仅执行 57%。"
000845240,咸阳市,"三原县×67, 秦都区×34",158,176,283,267,0.614,0.363,0.03,0.006,0.323,1.61,61,10,"[59, 34, 21, 15, 11]","[{'块': '块1', '中心': '34.619,108.942', '计划店': 59, '跑到的计划店': 35, '执行率': 0.593, '计划星期': '周二', '实际主力星期': '周三'}, {'块': '块2', '中心': '34.333,108.680', '计划店': 34, '跑到的计划店': 19, '执行率': 0.559, '计划星期': '周四', '实际主力星期': '周一'}, {'块': '块3', '中心': '34.299,108.479', '计划店': 21, '跑到的计划店': 14, '执行率': 0.667, '计划星期': '周三', '实际主力星期': '周四'}, {'块': '块4', '中心': '35.039,108.085', '计划店': 15, '跑到的计划店': 13, '执行率': 0.867, '计划星期': '周三', '实际主力星期': '周二'}, {'块': '块5', '中心': '34.531,108.258', '计划店': 11, '跑到的计划店': 9, '执行率': 0.818, '计划星期': '周四', '实际主力星期': '周五'}, {'块': '块6', '中心': '34.363,108.748', '计划店': 10, '跑到的计划店': 6, '执行率': 0.6, '计划星期': '周五', '实际主力星期': '周一'}, {'块': '块7', '中心': '34.296,108.588', '计划店': 5, '跑到的计划店': 1, '执行率': 0.2, '计划星期': '周一', '实际主力星期': '周二'}, {'块': '块8', '中心': '34.737,108.929', '计划店': 1, '跑到的计划店': 0, '执行率': 0.0, '计划星期': '周五', '实际主力星期': '未开工'}, {'块': '块9', '中心': '34.761,108.989', '计划店': 1, '跑到的计划店': 0, '执行率': 0.0, '计划星期': '周五', '实际主力星期': '未开工'}, {'块': '块10', '中心': '34.663,108.948', '计划店': 1, '跑到的计划店': 0, '执行率': 0.0, '计划星期': '周四', '实际主力星期': '未开工'}]",7,0.7,0.576,0.0,0.143,区块×5店 仅执行 20%; 区块×34店 仅执行 56%; 区块×59店 仅执行 59%,84.1,84.8,221.0,16,4,17.7,"[67, 60, 68, 53, 35, 0, 0]",2.29,1.0,253,14,区块缺了没开,"咸阳市（三原县×67, 秦都区×34）：计划 158 店 / 176 次，分成 10 个区块（最大区块 59 店）。 地盘东西 84.1 × 南北 84.8 km；区块内店距中位 221 m。 节奏：16 个工作日、平均每天 17.7 家店、一天 1.0 个区块、当天作业半径中位 2.29 km；出勤 周一67/周二60/周三68/周四53/周五35；周六、周日 没跑。 ① 区块开工：10 块里他开工了 7 块；② 区块内执行率中位 58%（最弱一块 0%）；③ 区块星期一致 14%。 参考：覆盖 61%、同日 1%、相位 32%、量比 1.61。 结论：**有 3 个区块整块没开工**，但他开的那几块做得很好（执行率与星期都守）——先问为什么不去那几块。 最冷的区块（计划内执行率最低）：区块×5店 仅执行 20%; 区块×34店 仅执行 56%; 区块×59店 仅执行 59%。"
000845597,茂名市,"茂南区×209, 电白区×11",211,220,259,228,0.976,0.904,0.976,0.977,0.976,1.18,5,4,"[192, 11, 7, 1]","[{'块': '块1', '中心': '21.650,110.935', '计划店': 192, '跑到的计划店': 189, '执行率': 0.984, '计划星期': '周二', '实际主力星期': '周二'}, {'块': '块2', '中心': '21.584,110.987', '计划店': 11, '跑到的计划店': 10, '执行率': 0.909, '计划星期': '周四', '实际主力星期': '周四'}, {'块': '块3', '中心': '21.560,110.869', '计划店': 7, '跑到的计划店': 6, '执行率': 0.857, '计划星期': '周一', '实际主力星期': '周一'}, {'块': '块4', '中心': '21.580,110.942', '计划店': 1, '跑到的计划店': 1, '执行率': 1.0, '计划星期': '周二', '实际主力星期': '周二'}]",4,1.0,0.947,0.857,1.0,,15.2,15.3,50.0,22,12,11.8,"[62, 50, 50, 48, 48, 1, 0]",1.19,1.0,199,29,区块全开·星期照做,"茂名市（茂南区×209, 电白区×11）：计划 211 店 / 220 次，分成 4 个区块（最大区块 192 店）。 地盘东西 15.2 × 南北 15.3 km；区块内店距中位 50 m。 节奏：22 个工作日、平均每天 11.8 家店、一天 1.0 个区块、当天作业半径中位 1.19 km；出勤 周一62/周二50/周三50/周四48/周五48/周六1；周日 没跑。 ① 区块开工：4 块里他开工了 4 块；② 区块内执行率中位 95%（最弱一块 86%）；③ 区块星期一致 100%。 参考：覆盖 98%、同日 98%、相位 98%、量比 1.18。 结论：**计划怎么划他就怎么做**——区块全开工、区块内做全、星期按计划。"
000846281,合肥市,"蜀山区×111, 包河区×2",108,113,151,149,0.639,0.463,0.556,0.522,0.602,1.34,39,3,"[96, 11, 1]","[{'块': '块1', '中心': '31.808,117.218', '计划店': 96, '跑到的计划店': 60, '执行率': 0.625, '计划星期': '周三', '实际主力星期': '周一'}, {'块': '块2', '中心': '31.856,117.170', '计划店': 11, '跑到的计划店': 8, '执行率': 0.727, '计划星期': '周二', '实际主力星期': '周二'}, {'块': '块3', '中心': '31.832,117.303', '计划店': 1, '跑到的计划店': 1, '执行率': 1.0, '计划星期': '周一', '实际主力星期': '周一'}]",3,1.0,0.727,0.625,1.0,,12.9,11.7,111.0,14,4,10.8,"[35, 18, 18, 32, 45, 3, 0]",0.85,1.0,147,2,区块全开·区块内欠访,"合肥市（蜀山区×111, 包河区×2）：计划 108 店 / 113 次，分成 3 个区块（最大区块 96 店）。 地盘东西 12.9 × 南北 11.7 km；区块内店距中位 111 m。 节奏：14 个工作日、平均每天 10.8 家店、一天 1.0 个区块、当天作业半径中位 0.85 km；出勤 周一35/周二18/周三18/周四32/周五45/周六3；周日 没跑。 ① 区块开工：3 块里他开工了 3 块；② 区块内执行率中位 73%（最弱一块 62%）；③ 区块星期一致 100%。 参考：覆盖 64%、同日 52%、相位 60%、量比 1.34。 结论：区块都开了、星期也守，但**区块内没做全**（存在欠访）。"
000847598,北京市,"西城区×167, 海淀区×53",197,225,211,181,0.508,0.552,0.411,0.351,0.452,0.94,97,1,[197],"[{'块': '块1', '中心': '39.939,116.362', '计划店': 197, '跑到的计划店': 100, '执行率': 0.508, '计划星期': '周二', '实际主力星期': '周一'}]",1,1.0,0.508,0.508,1.0,区块×197店 仅执行 51%,6.2,6.7,55.0,17,6,12.4,"[68, 39, 34, 14, 23, 12, 21]",1.8,1.0,155,26,区块全开·区块内欠访,"北京市（西城区×167, 海淀区×53）：计划 197 店 / 225 次，分成 1 个区块（最大区块 197 店）。 地盘东西 6.2 × 南北 6.7 km；区块内店距中位 55 m。 节奏：17 个工作日、平均每天 12.4 家店、一天 1.0 个区块、当天作业半径中位 1.8 km；出勤 周一68/周二39/周三34/周四14/周五23/周六12/周日21。 ① 区块开工：1 块里他开工了 1 块；② 区块内执行率中位 51%（最弱一块 51%）；③ 区块星期一致 100%。 参考：覆盖 51%、同日 35%、相位 45%、量比 0.94。 结论：区块都开了、星期也守，但**区块内没做全**（存在欠访）。 最冷的区块（计划内执行率最低）：区块×197店 仅执行 51%。"
000847739,石家庄市,"新华区×215, 桥西区×47",244,267,215,202,0.746,0.901,0.639,0.588,0.738,0.81,62,2,"[243, 1]","[{'块': '块1', '中心': '38.068,114.459', '计划店': 243, '跑到的计划店': 181, '执行率': 0.745, '计划星期': '周一', '实际主力星期': '周一'}, {'块': '块2', '中心': '38.135,114.390', '计划店': 1, '跑到的计划店': 1, '执行率': 1.0, '计划星期': '周五', '实际主力星期': '周五'}]",2,1.0,0.872,0.745,1.0,,10.4,10.4,54.0,20,10,10.8,"[55, 42, 32, 43, 31, 12, 0]",1.93,1.0,190,12,区块全开·星期照做,"石家庄市（新华区×215, 桥西区×47）：计划 244 店 / 267 次，分成 2 个区块（最大区块 243 店）。 地盘东西 10.4 × 南北 10.4 km；区块内店距中位 54 m。 节奏：20 个工作日、平均每天 10.8 家店、一天 1.0 个区块、当天作业半径中位 1.93 km；出勤 周一55/周二42/周三32/周四43/周五31/周六12；周日 没跑。 ① 区块开工：2 块里他开工了 2 块；② 区块内执行率中位 87%（最弱一块 74%）；③ 区块星期一致 100%。 参考：覆盖 75%、同日 59%、相位 74%、量比 0.81。 结论：**计划怎么划他就怎么做**——区块全开工、区块内做全、星期按计划。"
000851279,北京市,"西城区×141, 丰台区×49",209,235,237,234,0.392,0.35,0.23,0.2,0.321,1.01,127,3,"[207, 1, 1]","[{'块': '块1', '中心': '39.890,116.364', '计划店': 207, '跑到的计划店': 81, '执行率': 0.391, '计划星期': '周一', '实际主力星期': '周一'}, {'块': '块2', '中心': '39.990,116.318', '计划店': 1, '跑到的计划店': 1, '执行率': 1.0, '计划星期': '周一', '实际主力星期': '周四'}, {'块': '块3', '中心': '39.928,116.302', '计划店': 1, '跑到的计划店': 0, '执行率': 0.0, '计划星期': '周二', '实际主力星期': '未开工'}]",2,0.667,0.391,0.0,0.5,区块×207店 仅执行 39%,10.5,13.3,101.0,18,4,13.2,"[59, 49, 41, 49, 39, 0, 0]",3.51,1.0,231,3,区块缺了没开,"北京市（西城区×141, 丰台区×49）：计划 209 店 / 235 次，分成 3 个区块（最大区块 207 店）。 地盘东西 10.5 × 南北 13.3 km；区块内店距中位 101 m。 节奏：18 个工作日、平均每天 13.2 家店、一天 1.0 个区块、当天作业半径中位 3.51 km；出勤 周一59/周二49/周三41/周四49/周五39；周六、周日 没跑。 ① 区块开工：3 块里他开工了 2 块；② 区块内执行率中位 39%（最弱一块 0%）；③ 区块星期一致 50%。 参考：覆盖 39%、同日 20%、相位 32%、量比 1.01。 结论：**有 1 个区块整块没开工**，但他开的那几块做得很好（执行率与星期都守）——先问为什么不去那几块。 最冷的区块（计划内执行率最低）：区块×207店 仅执行 39%。"
000851281,成都市,"锦江区×142, 武侯区×16",160,171,256,221,1.0,0.724,1.0,1.0,1.0,1.5,0,1,[160],"[{'块': '块1', '中心': '30.619,104.108', '计划店': 160, '跑到的计划店': 160, '执行率': 1.0, '计划星期': '周一', '实际主力星期': '周一'}]",1,1.0,1.0,1.0,1.0,,7.6,4.4,47.0,19,11,13.5,"[64, 48, 55, 54, 30, 5, 0]",1.54,1.0,190,31,区块全开·星期照做,"成都市（锦江区×142, 武侯区×16）：计划 160 店 / 171 次，分成 1 个区块（最大区块 160 店）。 地盘东西 7.6 × 南北 4.4 km；区块内店距中位 47 m。 节奏：19 个工作日、平均每天 13.5 家店、一天 1.0 个区块、当天作业半径中位 1.54 km；出勤 周一64/周二48/周三55/周四54/周五30/周六5；周日 没跑。 ① 区块开工：1 块里他开工了 1 块；② 区块内执行率中位 100%（最弱一块 100%）；③ 区块星期一致 100%。 参考：覆盖 100%、同日 100%、相位 100%、量比 1.5。 结论：**计划怎么划他就怎么做**——区块全开工、区块内做全、星期按计划。"
000851283,成都市,"温江区×18, 双流区×1",19,19,242,196,1.0,0.097,1.0,1.0,1.0,12.74,0,1,[19],"[{'块': '块1', '中心': '30.682,103.824', '计划店': 19, '跑到的计划店': 19, '执行率': 1.0, '计划星期': '周四', '实际主力星期': '周四'}]",1,1.0,1.0,1.0,1.0,,9.2,6.3,343.0,8,2,30.2,"[62, 51, 48, 48, 33, 0, 0]",1.33,1.0,158,38,区块全开·星期照做,"成都市（温江区×18, 双流区×1）：计划 19 店 / 19 次，分成 1 个区块（最大区块 19 店）。 地盘东西 9.2 × 南北 6.3 km；区块内店距中位 343 m。 节奏：8 个工作日、平均每天 30.2 家店、一天 1.0 个区块、当天作业半径中位 1.33 km；出勤 周一62/周二51/周三48/周四48/周五33；周六、周日 没跑。 ① 区块开工：1 块里他开工了 1 块；② 区块内执行率中位 100%（最弱一块 100%）；③ 区块星期一致 100%。 参考：覆盖 100%、同日 100%、相位 100%、量比 12.74。 结论：**计划怎么划他就怎么做**——区块全开工、区块内做全、星期按计划。"
000851322,成都市,"武侯区×33, 双流区×33",65,66,249,228,1.0,0.285,1.0,1.0,1.0,3.77,0,1,[65],"[{'块': '块1', '中心': '30.530,104.048', '计划店': 65, '跑到的计划店': 65, '执行率': 1.0, '计划星期': '周四', '实际主力星期': '周四'}]",1,1.0,1.0,1.0,1.0,,4.6,8.1,66.0,12,7,20.8,"[63, 49, 55, 50, 31, 1, 0]",1.19,1.0,210,18,区块全开·星期照做,"成都市（武侯区×33, 双流区×33）：计划 65 店 / 66 次，分成 1 个区块（最大区块 65 店）。 地盘东西 4.6 × 南北 8.1 km；区块内店距中位 66 m。 节奏：12 个工作日、平均每天 20.8 家店、一天 1.0 个区块、当天作业半径中位 1.19 km；出勤 周一63/周二49/周三55/周四50/周五31/周六1；周日 没跑。 ① 区块开工：1 块里他开工了 1 块；② 区块内执行率中位 100%（最弱一块 100%）；③ 区块星期一致 100%。 参考：覆盖 100%、同日 100%、相位 100%、量比 3.77。 结论：**计划怎么划他就怎么做**——区块全开工、区块内做全、星期按计划。"
000851717,眉山市,"东坡区×93, 彭山区×35",141,167,248,181,0.922,0.718,0.89,0.886,0.894,1.49,11,13,"[71, 25, 16, 15, 4]","[{'块': '块1', '中心': '30.046,103.841', '计划店': 71, '跑到的计划店': 60, '执行率': 0.845, '计划星期': '周二', '实际主力星期': '周二'}, {'块': '块2', '中心': '30.195,103.875', '计划店': 25, '跑到的计划店': 25, '执行率': 1.0, '计划星期': '周三', '实际主力星期': '周一'}, {'块': '块3', '中心': '29.836,103.847', '计划店': 16, '跑到的计划店': 16, '执行率': 1.0, '计划星期': '周一', '实际主力星期': '周一'}, {'块': '块4', '中心': '30.230,104.091', '计划店': 15, '跑到的计划店': 15, '执行率': 1.0, '计划星期': '周四', '实际主力星期': '周四'}, {'块': '块5', '中心': '30.085,103.625', '计划店': 4, '跑到的计划店': 4, '执行率': 1.0, '计划星期': '周五', '实际主力星期': '周五'}, {'块': '块6', '中心': '30.002,103.721', '计划店': 2, '跑到的计划店': 2, '执行率': 1.0, '计划星期': '周一', '实际主力星期': '周四'}, {'块': '块7', '中心': '30.202,104.043', '计划店': 2, '跑到的计划店': 2, '执行率': 1.0, '计划星期': '周五', '实际主力星期': '周五'}, {'块': '块8', '中心': '30.114,103.705', '计划店': 1, '跑到的计划店': 1, '执行率': 1.0, '计划星期': '周一', '实际主力星期': '周二'}, {'块': '块9', '中心': '30.067,103.751', '计划店': 1, '跑到的计划店': 1, '执行率': 1.0, '计划星期': '周五', '实际主力星期': '周一'}, {'块': '块10', '中心': '30.120,103.820', '计划店': 1, '跑到的计划店': 1, '执行率': 1.0, '计划星期': '周五', '实际主力星期': '周五'}, {'块': '块11', '中心': '30.064,103.903', '计划店': 1, '跑到的计划店': 1, '执行率': 1.0, '计划星期': '周四', '实际主力星期': '周四'}, {'块': '块12', '中心': '30.310,103.867', '计划店': 1, '跑到的计划店': 1, '执行率': 1.0, '计划星期': '周四', '实际主力星期': '周四'}, {'块': '块13', '中心': '30.251,104.058', '计划店': 1, '跑到的计划店': 1, '执行率': 1.0, '计划星期': '周五', '实际主力星期': '周五'}]",13,1.0,1.0,0.845,0.923,,45.2,55.3,190.0,22,9,11.3,"[61, 50, 36, 42, 50, 9, 0]",6.59,2.0,137,44,区块全开·星期照做,"眉山市（东坡区×93, 彭山区×35）：计划 141 店 / 167 次，分成 13 个区块（最大区块 71 店）。 地盘东西 45.2 × 南北 55.3 km；区块内店距中位 190 m。 节奏：22 个工作日、平均每天 11.3 家店、一天 2.0 个区块、当天作业半径中位 6.59 km；出勤 周一61/周二50/周三36/周四42/周五50/周六9；周日 没跑。 ① 区块开工：13 块里他开工了 13 块；② 区块内执行率中位 100%（最弱一块 84%）；③ 区块星期一致 92%。 参考：覆盖 92%、同日 89%、相位 89%、量比 1.49。 结论：**计划怎么划他就怎么做**——区块全开工、区块内做全、星期按计划。"
000851729,西安市,"雁塔区×162, 鄠邑区×21",208,213,349,306,0.913,0.621,0.913,0.915,0.913,1.64,18,6,"[174, 21, 6, 5, 1]","[{'块': '块1', '中心': '34.228,108.892', '计划店': 174, '跑到的计划店': 158, '执行率': 0.908, '计划星期': '周五', '实际主力星期': '周五'}, {'块': '块2', '中心': '34.097,108.621', '计划店': 21, '跑到的计划店': 19, '执行率': 0.905, '计划星期': '周二', '实际主力星期': '周二'}, {'块': '块3', '中心': '34.342,109.030', '计划店': 6, '跑到的计划店': 6, '执行率': 1.0, '计划星期': '周四', '实际主力星期': '周四'}, {'块': '块4', '中心': '34.339,108.938', '计划店': 5, '跑到的计划店': 5, '执行率': 1.0, '计划星期': '周四', '实际主力星期': '周四'}, {'块': '块5', '中心': '34.281,108.900', '计划店': 1, '跑到的计划店': 1, '执行率': 1.0, '计划星期': '周一', '实际主力星期': '周一'}, {'块': '块6', '中心': '34.315,108.974', '计划店': 1, '跑到的计划店': 1, '执行率': 1.0, '计划星期': '周四', '实际主力星期': '周四'}]",6,1.0,1.0,0.905,1.0,,41.4,32.3,133.0,21,12,16.6,"[93, 64, 64, 64, 64, 0, 0]",2.17,1.0,265,41,区块全开·星期照做,"西安市（雁塔区×162, 鄠邑区×21）：计划 208 店 / 213 次，分成 6 个区块（最大区块 174 店）。 地盘东西 41.4 × 南北 32.3 km；区块内店距中位 133 m。 节奏：21 个工作日、平均每天 16.6 家店、一天 1.0 个区块、当天作业半径中位 2.17 km；出勤 周一93/周二64/周三64/周四64/周五64；周六、周日 没跑。 ① 区块开工：6 块里他开工了 6 块；② 区块内执行率中位 100%（最弱一块 90%）；③ 区块星期一致 100%。 参考：覆盖 91%、同日 92%、相位 91%、量比 1.64。 结论：**计划怎么划他就怎么做**——区块全开工、区块内做全、星期按计划。"
000851730,青岛市,"城阳区×243, 即墨区×15",252,288,197,166,0.472,0.717,0.402,0.385,0.421,0.68,133,13,"[166, 46, 15, 6, 6]","[{'块': '块1', '中心': '36.294,120.415', '计划店': 166, '跑到的计划店': 82, '执行率': 0.494, '计划星期': '周五', '实际主力星期': '周五'}, {'块': '块2', '中心': '36.269,120.299', '计划店': 46, '跑到的计划店': 13, '执行率': 0.283, '计划星期': '周四', '实际主力星期': '周四'}, {'块': '块3', '中心': '36.123,120.410', '计划店': 15, '跑到的计划店': 10, '执行率': 0.667, '计划星期': '周一', '实际主力星期': '周三'}, {'块': '块4', '中心': '36.169,120.448', '计划店': 6, '跑到的计划店': 3, '执行率': 0.5, '计划星期': '周三', '实际主力星期': '周三'}, {'块': '块5', '中心': '36.327,120.262', '计划店': 6, '跑到的计划店': 3, '执行率': 0.5, '计划星期': '周四', '实际主力星期': '周四'}, {'块': '块6', '中心': '36.188,120.287', '计划店': 5, '跑到的计划店': 5, '执行率': 1.0, '计划星期': '周五', '实际主力星期': '周五'}, {'块': '块7', '中心': '36.312,120.332', '计划店': 2, '跑到的计划店': 1, '执行率': 0.5, '计划星期': '周四', '实际主力星期': '周四'}, {'块': '块8', '中心': '36.753,119.955', '计划店': 1, '跑到的计划店': 0, '执行率': 0.0, '计划星期': '周四', '实际主力星期': '未开工'}, {'块': '块9', '中心': '36.241,120.145', '计划店': 1, '跑到的计划店': 0, '执行率': 0.0, '计划星期': '周四', '实际主力星期': '未开工'}, {'块': '块10', '中心': '36.060,120.371', '计划店': 1, '跑到的计划店': 1, '执行率': 1.0, '计划星期': '周一', '实际主力星期': '周五'}, {'块': '块11', '中心': '36.086,120.358', '计划店': 1, '跑到的计划店': 0, '执行率': 0.0, '计划星期': '周一', '实际主力星期': '未开工'}, {'块': '块12', '中心': '36.180,120.484', '计划店': 1, '跑到的计划店': 0, '执行率': 0.0, '计划星期': '周四', '实际主力星期': '未开工'}, {'块': '块13', '中心': '36.268,120.209', '计划店': 1, '跑到的计划店': 1, '执行率': 1.0, '计划星期': '周一', '实际主力星期': '周一'}]",9,0.692,0.5,0.0,0.889,区块×46店 仅执行 28%; 区块×166店 仅执行 49%; 区块×6店 仅执行 50%,48.6,76.9,165.0,20,7,9.8,"[44, 17, 43, 33, 52, 8, 0]",7.18,2.0,140,26,区块缺了没开,"青岛市（城阳区×243, 即墨区×15）：计划 252 店 / 288 次，分成 13 个区块（最大区块 166 店）。 地盘东西 48.6 × 南北 76.9 km；区块内店距中位 165 m。 节奏：20 个工作日、平均每天 9.8 家店、一天 2.0 个区块、当天作业半径中位 7.18 km；出勤 周一44/周二17/周三43/周四33/周五52/周六8；周日 没跑。 ① 区块开工：13 块里他开工了 9 块；② 区块内执行率中位 50%（最弱一块 0%）；③ 区块星期一致 89%。 参考：覆盖 47%、同日 38%、相位 42%、量比 0.68。 结论：**有 4 个区块整块没开工**，但他开的那几块做得很好（执行率与星期都守）——先问为什么不去那几块。 最冷的区块（计划内执行率最低）：区块×46店 仅执行 28%; 区块×166店 仅执行 49%; 区块×6店 仅执行 50%。"
000851773,深圳市,福田区×256,235,256,277,243,0.97,0.938,0.97,0.973,0.97,1.08,7,1,[235],"[{'块': '块1', '中心': '22.544,114.044', '计划店': 235, '跑到的计划店': 228, '执行率': 0.97, '计划星期': '周一', '实际主力星期': '周一'}]",1,1.0,0.97,0.97,1.0,,6.4,6.5,36.0,21,12,13.2,"[65, 53, 54, 54, 51, 0, 0]",1.5,1.0,211,32,区块全开·星期照做,深圳市（福田区×256）：计划 235 店 / 256 次，分成 1 个区块（最大区块 235 店）。 地盘东西 6.4 × 南北 6.5 km；区块内店距中位 36 m。 节奏：21 个工作日、平均每天 13.2 家店、一天 1.0 个区块、当天作业半径中位 1.5 km；出勤 周一65/周二53/周三54/周四54/周五51；周六、周日 没跑。 ① 区块开工：1 块里他开工了 1 块；② 区块内执行率中位 97%（最弱一块 97%）；③ 区块星期一致 100%。 参考：覆盖 97%、同日 97%、相位 97%、量比 1.08。 结论：**计划怎么划他就怎么做**——区块全开工、区块内做全、星期按计划。
000852009,成都市,"武侯区×46, 青羊区×43",95,97,348,278,0.916,0.313,0.916,0.918,0.916,3.59,8,1,[95],"[{'块': '块1', '中心': '30.659,104.034', '计划店': 95, '跑到的计划店': 87, '执行率': 0.916, '计划星期': '周一', '实际主力星期': '周一'}]",1,1.0,0.916,0.916,1.0,,4.8,4.8,85.0,16,9,21.8,"[93, 61, 67, 46, 51, 30, 0]",0.7,1.0,222,56,区块全开·星期照做,"成都市（武侯区×46, 青羊区×43）：计划 95 店 / 97 次，分成 1 个区块（最大区块 95 店）。 地盘东西 4.8 × 南北 4.8 km；区块内店距中位 85 m。 节奏：16 个工作日、平均每天 21.8 家店、一天 1.0 个区块、当天作业半径中位 0.7 km；出勤 周一93/周二61/周三67/周四46/周五51/周六30；周日 没跑。 ① 区块开工：1 块里他开工了 1 块；② 区块内执行率中位 92%（最弱一块 92%）；③ 区块星期一致 100%。 参考：覆盖 92%、同日 92%、相位 92%、量比 3.59。 结论：**计划怎么划他就怎么做**——区块全开工、区块内做全、星期按计划。"
000852603,成都市,"成华区×88, 金牛区×42",139,148,337,291,0.914,0.436,0.914,0.919,0.914,2.28,12,1,[139],"[{'块': '块1', '中心': '30.672,104.098', '计划店': 139, '跑到的计划店': 127, '执行率': 0.914, '计划星期': '周一', '实际主力星期': '周一'}]",1,1.0,0.914,0.914,1.0,,6.0,4.7,95.0,21,7,16.0,"[74, 78, 80, 59, 35, 11, 0]",1.18,1.0,254,37,区块全开·星期照做,"成都市（成华区×88, 金牛区×42）：计划 139 店 / 148 次，分成 1 个区块（最大区块 139 店）。 地盘东西 6.0 × 南北 4.7 km；区块内店距中位 95 m。 节奏：21 个工作日、平均每天 16.0 家店、一天 1.0 个区块、当天作业半径中位 1.18 km；出勤 周一74/周二78/周三80/周四59/周五35/周六11；周日 没跑。 ① 区块开工：1 块里他开工了 1 块；② 区块内执行率中位 91%（最弱一块 91%）；③ 区块星期一致 100%。 参考：覆盖 91%、同日 92%、相位 91%、量比 2.28。 结论：**计划怎么划他就怎么做**——区块全开工、区块内做全、星期按计划。"
000855033,上海市,"普陀区×215, 静安区×2",210,220,173,151,0.662,0.921,0.662,0.664,0.662,0.79,71,2,"[209, 1]","[{'块': '块1', '中心': '31.244,121.431', '计划店': 209, '跑到的计划店': 139, '执行率': 0.665, '计划星期': '周三', '实际主力星期': '周三'}, {'块': '块2', '中心': '31.244,121.492', '计划店': 1, '跑到的计划店': 0, '执行率': 0.0, '计划星期': '周四', '实际主力星期': '未开工'}]",1,0.5,0.333,0.0,1.0,,7.8,4.9,18.0,18,10,9.6,"[39, 26, 41, 29, 37, 1, 0]",0.36,1.0,134,17,区块大面积没开工,"上海市（普陀区×215, 静安区×2）：计划 210 店 / 220 次，分成 2 个区块（最大区块 209 店）。 地盘东西 7.8 × 南北 4.9 km；区块内店距中位 18 m。 节奏：18 个工作日、平均每天 9.6 家店、一天 1.0 个区块、当天作业半径中位 0.36 km；出勤 周一39/周二26/周三41/周四29/周五37/周六1；周日 没跑。 ① 区块开工：2 块里他开工了 1 块；② 区块内执行率中位 33%（最弱一块 0%）；③ 区块星期一致 100%。 参考：覆盖 66%、同日 66%、相位 66%、量比 0.79。 结论：**有区块整块没开工**（1 块），先问为什么不去，而不是谈执行率。"
000855364,杭州市,"上城区×174, 拱墅区×66",220,240,148,142,0.568,0.88,0.514,0.471,0.527,0.62,95,1,[220],"[{'块': '块1', '中心': '30.252,120.178', '计划店': 220, '跑到的计划店': 125, '执行率': 0.568, '计划星期': '周一', '实际主力星期': '周三'}]",1,1.0,0.568,0.568,1.0,区块×220店 仅执行 57%,6.6,6.8,43.0,20,6,7.4,"[34, 26, 31, 31, 26, 0, 0]",0.38,1.0,136,6,区块全开·区块内欠访,"杭州市（上城区×174, 拱墅区×66）：计划 220 店 / 240 次，分成 1 个区块（最大区块 220 店）。 地盘东西 6.6 × 南北 6.8 km；区块内店距中位 43 m。 节奏：20 个工作日、平均每天 7.4 家店、一天 1.0 个区块、当天作业半径中位 0.38 km；出勤 周一34/周二26/周三31/周四31/周五26；周六、周日 没跑。 ① 区块开工：1 块里他开工了 1 块；② 区块内执行率中位 57%（最弱一块 57%）；③ 区块星期一致 100%。 参考：覆盖 57%、同日 47%、相位 53%、量比 0.62。 结论：区块都开了、星期也守，但**区块内没做全**（存在欠访）。 最冷的区块（计划内执行率最低）：区块×220店 仅执行 57%。"
000855388,杭州市,萧山区×274,251,274,269,236,0.912,0.97,0.912,0.92,0.912,0.98,22,1,[251],"[{'块': '块1', '中心': '30.194,120.263', '计划店': 251, '跑到的计划店': 229, '执行率': 0.912, '计划星期': '周一', '实际主力星期': '周一'}]",1,1.0,0.912,0.912,1.0,,6.7,15.1,52.0,22,12,12.2,"[62, 50, 49, 57, 50, 1, 0]",1.74,1.0,207,29,区块全开·星期照做,杭州市（萧山区×274）：计划 251 店 / 274 次，分成 1 个区块（最大区块 251 店）。 地盘东西 6.7 × 南北 15.1 km；区块内店距中位 52 m。 节奏：22 个工作日、平均每天 12.2 家店、一天 1.0 个区块、当天作业半径中位 1.74 km；出勤 周一62/周二50/周三49/周四57/周五50/周六1；周日 没跑。 ① 区块开工：1 块里他开工了 1 块；② 区块内执行率中位 91%（最弱一块 91%）；③ 区块星期一致 100%。 参考：覆盖 91%、同日 92%、相位 91%、量比 0.98。 结论：**计划怎么划他就怎么做**——区块全开工、区块内做全、星期按计划。
000855395,上海市,徐汇区×58,56,58,242,211,0.929,0.246,0.931,0.931,0.929,4.17,4,1,[56],"[{'块': '块1', '中心': '31.157,121.432', '计划店': 56, '跑到的计划店': 52, '执行率': 0.929, '计划星期': '周二', '实际主力星期': '周二'}]",1,1.0,0.929,0.929,1.0,,4.6,10.0,74.0,14,2,17.3,"[66, 48, 38, 53, 24, 13, 0]",0.45,1.0,181,30,区块全开·星期照做,上海市（徐汇区×58）：计划 56 店 / 58 次，分成 1 个区块（最大区块 56 店）。 地盘东西 4.6 × 南北 10.0 km；区块内店距中位 74 m。 节奏：14 个工作日、平均每天 17.3 家店、一天 1.0 个区块、当天作业半径中位 0.45 km；出勤 周一66/周二48/周三38/周四53/周五24/周六13；周日 没跑。 ① 区块开工：1 块里他开工了 1 块；② 区块内执行率中位 93%（最弱一块 93%）；③ 区块星期一致 100%。 参考：覆盖 93%、同日 93%、相位 93%、量比 4.17。 结论：**计划怎么划他就怎么做**——区块全开工、区块内做全、星期按计划。
000855576,上海市,"闵行区×118, 普陀区×1",110,119,229,196,0.882,0.495,0.852,0.807,0.845,1.92,13,2,"[109, 1]","[{'块': '块1', '中心': '31.055,121.418', '计划店': 109, '跑到的计划店': 97, '执行率': 0.89, '计划星期': '周一', '实际主力星期': '周一'}, {'块': '块2', '中心': '31.236,121.429', '计划店': 1, '跑到的计划店': 0, '执行率': 0.0, '计划星期': '周五', '实际主力星期': '未开工'}]",1,0.5,0.445,0.0,1.0,,8.7,25.9,72.0,20,8,11.4,"[46, 50, 46, 36, 44, 7, 0]",4.13,1.0,167,29,区块大面积没开工,"上海市（闵行区×118, 普陀区×1）：计划 110 店 / 119 次，分成 2 个区块（最大区块 109 店）。 地盘东西 8.7 × 南北 25.9 km；区块内店距中位 72 m。 节奏：20 个工作日、平均每天 11.4 家店、一天 1.0 个区块、当天作业半径中位 4.13 km；出勤 周一46/周二50/周三46/周四36/周五44/周六7；周日 没跑。 ① 区块开工：2 块里他开工了 1 块；② 区块内执行率中位 44%（最弱一块 0%）；③ 区块星期一致 100%。 参考：覆盖 88%、同日 81%、相位 84%、量比 1.92。 结论：**有区块整块没开工**（1 块），先问为什么不去，而不是谈执行率。"
000855577,石家庄市,"裕华区×201, 桥西区×73",247,276,199,186,0.591,0.785,0.332,0.29,0.453,0.72,101,1,[247],"[{'块': '块1', '中心': '38.003,114.522', '计划店': 247, '跑到的计划店': 146, '执行率': 0.591, '计划星期': '周一', '实际主力星期': '周一'}]",1,1.0,0.591,0.591,1.0,区块×247店 仅执行 59%,8.8,6.6,47.0,19,8,10.5,"[52, 34, 30, 38, 11, 34, 0]",2.7,1.0,173,13,区块全开·区块内欠访,"石家庄市（裕华区×201, 桥西区×73）：计划 247 店 / 276 次，分成 1 个区块（最大区块 247 店）。 地盘东西 8.8 × 南北 6.6 km；区块内店距中位 47 m。 节奏：19 个工作日、平均每天 10.5 家店、一天 1.0 个区块、当天作业半径中位 2.7 km；出勤 周一52/周二34/周三30/周四38/周五11/周六34；周日 没跑。 ① 区块开工：1 块里他开工了 1 块；② 区块内执行率中位 59%（最弱一块 59%）；③ 区块星期一致 100%。 参考：覆盖 59%、同日 29%、相位 45%、量比 0.72。 结论：区块都开了、星期也守，但**区块内没做全**（存在欠访）。 最冷的区块（计划内执行率最低）：区块×247店 仅执行 59%。"
000855578,泰州市,"海陵区×202, 姜堰区×37",244,244,145,129,0.447,0.845,0.418,0.41,0.426,0.59,135,3,"[208, 34, 2]","[{'块': '块1', '中心': '32.473,119.925', '计划店': 208, '跑到的计划店': 74, '执行率': 0.356, '计划星期': '周一', '实际主力星期': '周一'}, {'块': '块2', '中心': '32.503,120.144', '计划店': 34, '跑到的计划店': 34, '执行率': 1.0, '计划星期': '周二', '实际主力星期': '周二'}, {'块': '块3', '中心': '32.504,120.094', '计划店': 2, '跑到的计划店': 1, '执行率': 0.5, '计划星期': '周五', '实际主力星期': '周五'}]",3,1.0,0.5,0.356,1.0,区块×208店 仅执行 36%; 区块×2店 仅执行 50%,30.1,15.5,149.0,18,5,8.1,"[34, 45, 23, 24, 19, 0, 0]",1.69,1.0,115,14,区块全开·区块内欠访,"泰州市（海陵区×202, 姜堰区×37）：计划 244 店 / 244 次，分成 3 个区块（最大区块 208 店）。 地盘东西 30.1 × 南北 15.5 km；区块内店距中位 149 m。 节奏：18 个工作日、平均每天 8.1 家店、一天 1.0 个区块、当天作业半径中位 1.69 km；出勤 周一34/周二45/周三23/周四24/周五19；周六、周日 没跑。 ① 区块开工：3 块里他开工了 3 块；② 区块内执行率中位 50%（最弱一块 36%）；③ 区块星期一致 100%。 参考：覆盖 45%、同日 41%、相位 43%、量比 0.59。 结论：区块都开了、星期也守，但**区块内没做全**（存在欠访）。 最冷的区块（计划内执行率最低）：区块×208店 仅执行 36%; 区块×2店 仅执行 50%。"
000855582,青岛市,"平度市×120, 崂山区×107",238,262,134,129,0.336,0.62,0.26,0.225,0.273,0.51,158,13,"[104, 96, 11, 7, 6]","[{'块': '块1', '中心': '36.086,120.443', '计划店': 104, '跑到的计划店': 34, '执行率': 0.327, '计划星期': '周二', '实际主力星期': '周一'}, {'块': '块2', '中心': '36.776,119.966', '计划店': 96, '跑到的计划店': 32, '执行率': 0.333, '计划星期': '周四', '实际主力星期': '周四'}, {'块': '块3', '中心': '36.538,120.129', '计划店': 11, '跑到的计划店': 11, '执行率': 1.0, '计划星期': '周三', '实际主力星期': '周三'}, {'块': '块4', '中心': '36.112,120.541', '计划店': 7, '跑到的计划店': 2, '执行率': 0.286, '计划星期': '周一', '实际主力星期': '周三'}, {'块': '块5', '中心': '36.267,120.647', '计划店': 6, '跑到的计划店': 0, '执行率': 0.0, '计划星期': '周三', '实际主力星期': '未开工'}, {'块': '块6', '中心': '36.190,120.541', '计划店': 4, '跑到的计划店': 0, '执行率': 0.0, '计划星期': '周一', '实际主力星期': '未开工'}, {'块': '块7', '中心': '36.159,120.500', '计划店': 3, '跑到的计划店': 0, '执行率': 0.0, '计划星期': '周一', '实际主力星期': '未开工'}, {'块': '块8', '中心': '36.280,120.676', '计划店': 2, '跑到的计划店': 0, '执行率': 0.0, '计划星期': '周三', '实际主力星期': '未开工'}, {'块': '块9', '中心': '36.720,119.999', '计划店': 1, '跑到的计划店': 0, '执行率': 0.0, '计划星期': '周三', '实际主力星期': '未开工'}, {'块': '块10', '中心': '36.594,119.994', '计划店': 1, '跑到的计划店': 0, '执行率': 0.0, '计划星期': '周三', '实际主力星期': '未开工'}, {'块': '块11', '中心': '36.662,120.239', '计划店': 1, '跑到的计划店': 1, '执行率': 1.0, '计划星期': '周三', '实际主力星期': '周三'}, {'块': '块12', '中心': '36.219,120.684', '计划店': 1, '跑到的计划店': 0, '执行率': 0.0, '计划星期': '周三', '实际主力星期': '未开工'}, {'块': '块13', '中心': '36.215,120.600', '计划店': 1, '跑到的计划店': 0, '执行率': 0.0, '计划星期': '周三', '实际主力星期': '未开工'}]",5,0.385,0.0,0.0,1.0,区块×7店 仅执行 29%; 区块×104店 仅执行 33%; 区块×96店 仅执行 33%,68.5,82.2,112.0,16,3,8.4,"[33, 17, 22, 26, 12, 24, 0]",4.45,1.0,124,5,区块大面积没开工,"青岛市（平度市×120, 崂山区×107）：计划 238 店 / 262 次，分成 13 个区块（最大区块 104 店）。 地盘东西 68.5 × 南北 82.2 km；区块内店距中位 112 m。 节奏：16 个工作日、平均每天 8.4 家店、一天 1.0 个区块、当天作业半径中位 4.45 km；出勤 周一33/周二17/周三22/周四26/周五12/周六24；周日 没跑。 ① 区块开工：13 块里他开工了 5 块；② 区块内执行率中位 0%（最弱一块 0%）；③ 区块星期一致 100%。 参考：覆盖 34%、同日 22%、相位 27%、量比 0.51。 结论：**有区块整块没开工**（8 块），先问为什么不去，而不是谈执行率。 最冷的区块（计划内执行率最低）：区块×7店 仅执行 29%; 区块×104店 仅执行 33%; 区块×96店 仅执行 33%。"
000856001,温州市,"龙湾区×185, 洞头区×73",197,263,199,178,0.528,0.584,0.31,0.152,0.345,0.76,93,4,"[121, 41, 22, 13]","[{'块': '块1', '中心': '27.888,120.803', '计划店': 121, '跑到的计划店': 60, '执行率': 0.496, '计划星期': '周一', '实际主力星期': '周二'}, {'块': '块2', '中心': '27.840,121.158', '计划店': 41, '跑到的计划店': 26, '执行率': 0.634, '计划星期': '周二', '实际主力星期': '周二'}, {'块': '块3', '中心': '27.979,120.722', '计划店': 22, '跑到的计划店': 10, '执行率': 0.455, '计划星期': '周五', '实际主力星期': '周五'}, {'块': '块4', '中心': '27.951,120.917', '计划店': 13, '跑到的计划店': 8, '执行率': 0.615, '计划星期': '周三', '实际主力星期': '周二'}]",4,1.0,0.556,0.455,1.0,区块×22店 仅执行 45%; 区块×121店 仅执行 50%,46.3,20.8,79.0,14,9,14.2,"[23, 98, 30, 28, 14, 0, 6]",3.96,1.0,158,20,区块全开·区块内欠访,"温州市（龙湾区×185, 洞头区×73）：计划 197 店 / 263 次，分成 4 个区块（最大区块 121 店）。 地盘东西 46.3 × 南北 20.8 km；区块内店距中位 79 m。 节奏：14 个工作日、平均每天 14.2 家店、一天 1.0 个区块、当天作业半径中位 3.96 km；出勤 周一23/周二98/周三30/周四28/周五14/周日6；周六 没跑。 ① 区块开工：4 块里他开工了 4 块；② 区块内执行率中位 56%（最弱一块 46%）；③ 区块星期一致 100%。 参考：覆盖 53%、同日 15%、相位 34%、量比 0.76。 结论：区块都开了、星期也守，但**区块内没做全**（存在欠访）。 最冷的区块（计划内执行率最低）：区块×22店 仅执行 45%; 区块×121店 仅执行 50%。"
000856514,重庆市,"南川区×48, 黔江区×22",68,70,259,211,1.0,0.322,1.0,1.0,1.0,3.7,0,2,"[46, 22]","[{'块': '块1', '中心': '29.157,107.089', '计划店': 46, '跑到的计划店': 46, '执行率': 1.0, '计划星期': '周二', '实际主力星期': '周五'}, {'块': '块2', '中心': '29.519,108.794', '计划店': 22, '跑到的计划店': 22, '执行率': 1.0, '计划星期': '周一', '实际主力星期': '周一'}]",2,1.0,1.0,1.0,1.0,,169.8,43.3,97.0,16,6,16.2,"[59, 63, 60, 31, 46, 0, 0]",0.76,1.0,167,44,区块全开·星期照做,"重庆市（南川区×48, 黔江区×22）：计划 68 店 / 70 次，分成 2 个区块（最大区块 46 店）。 地盘东西 169.8 × 南北 43.3 km；区块内店距中位 97 m。 节奏：16 个工作日、平均每天 16.2 家店、一天 1.0 个区块、当天作业半径中位 0.76 km；出勤 周一59/周二63/周三60/周四31/周五46；周六、周日 没跑。 ① 区块开工：2 块里他开工了 2 块；② 区块内执行率中位 100%（最弱一块 100%）；③ 区块星期一致 100%。 参考：覆盖 100%、同日 100%、相位 100%、量比 3.7。 结论：**计划怎么划他就怎么做**——区块全开工、区块内做全、星期按计划。"
000857154,,开州区×56,47,56,165,127,1.0,0.37,1.0,1.0,1.0,2.95,0,1,[47],"[{'块': '块1', '中心': '31.168,108.402', '计划店': 47, '跑到的计划店': 47, '执行率': 1.0, '计划星期': '周一', '实际主力星期': '周一'}]",1,1.0,1.0,1.0,1.0,,6.3,5.2,198.0,14,4,11.8,"[50, 27, 29, 31, 28, 0, 0]",1.82,1.0,95,32,区块全开·星期照做,nan（开州区×56）：计划 47 店 / 56 次，分成 1 个区块（最大区块 47 店）。 地盘东西 6.3 × 南北 5.2 km；区块内店距中位 198 m。 节奏：14 个工作日、平均每天 11.8 家店、一天 1.0 个区块、当天作业半径中位 1.82 km；出勤 周一50/周二27/周三29/周四31/周五28；周六、周日 没跑。 ① 区块开工：1 块里他开工了 1 块；② 区块内执行率中位 100%（最弱一块 100%）；③ 区块星期一致 100%。 参考：覆盖 100%、同日 100%、相位 100%、量比 2.95。 结论：**计划怎么划他就怎么做**——区块全开工、区块内做全、星期按计划。
000859299,成都市,武侯区×77,76,77,270,198,1.0,0.384,1.0,1.0,1.0,3.51,0,1,[76],"[{'块': '块1', '中心': '30.593,104.055', '计划店': 76, '跑到的计划店': 76, '执行率': 1.0, '计划星期': '周一', '实际主力星期': '周一'}]",1,1.0,1.0,1.0,1.0,,2.9,6.1,55.0,22,4,12.3,"[63, 51, 52, 54, 34, 16, 0]",0.52,1.0,141,57,区块全开·星期照做,成都市（武侯区×77）：计划 76 店 / 77 次，分成 1 个区块（最大区块 76 店）。 地盘东西 2.9 × 南北 6.1 km；区块内店距中位 55 m。 节奏：22 个工作日、平均每天 12.3 家店、一天 1.0 个区块、当天作业半径中位 0.52 km；出勤 周一63/周二51/周三52/周四54/周五34/周六16；周日 没跑。 ① 区块开工：1 块里他开工了 1 块；② 区块内执行率中位 100%（最弱一块 100%）；③ 区块星期一致 100%。 参考：覆盖 100%、同日 100%、相位 100%、量比 3.51。 结论：**计划怎么划他就怎么做**——区块全开工、区块内做全、星期按计划。
000859505,宁波市,"海曙区×158, 鄞州区×42",193,202,236,230,0.435,0.365,0.207,0.129,0.306,1.17,109,4,"[151, 20, 14, 8]","[{'块': '块1', '中心': '29.880,121.512', '计划店': 151, '跑到的计划店': 76, '执行率': 0.503, '计划星期': '周三', '实际主力星期': '周三'}, {'块': '块2', '中心': '29.746,121.675', '计划店': 20, '跑到的计划店': 7, '执行率': 0.35, '计划星期': '周五', '实际主力星期': '周五'}, {'块': '块3', '中心': '29.726,121.594', '计划店': 14, '跑到的计划店': 0, '执行率': 0.0, '计划星期': '周五', '实际主力星期': '未开工'}, {'块': '块4', '中心': '29.803,121.633', '计划店': 8, '跑到的计划店': 1, '执行率': 0.125, '计划星期': '周五', '实际主力星期': '周五'}]",3,0.75,0.237,0.0,1.0,区块×8店 仅执行 12%; 区块×20店 仅执行 35%; 区块×151店 仅执行 50%,24.7,20.6,36.0,18,3,13.1,"[58, 59, 55, 38, 26, 0, 0]",2.63,1.0,225,5,区块缺了没开,"宁波市（海曙区×158, 鄞州区×42）：计划 193 店 / 202 次，分成 4 个区块（最大区块 151 店）。 地盘东西 24.7 × 南北 20.6 km；区块内店距中位 36 m。 节奏：18 个工作日、平均每天 13.1 家店、一天 1.0 个区块、当天作业半径中位 2.63 km；出勤 周一58/周二59/周三55/周四38/周五26；周六、周日 没跑。 ① 区块开工：4 块里他开工了 3 块；② 区块内执行率中位 24%（最弱一块 0%）；③ 区块星期一致 100%。 参考：覆盖 44%、同日 13%、相位 31%、量比 1.17。 结论：**有 1 个区块整块没开工**，但他开的那几块做得很好（执行率与星期都守）——先问为什么不去那几块。 最冷的区块（计划内执行率最低）：区块×8店 仅执行 12%; 区块×20店 仅执行 35%; 区块×151店 仅执行 50%。"
000859827,天津市,"滨海新区×145, 宝坻区×2",126,148,249,188,0.865,0.58,0.317,0.155,0.468,1.68,17,3,"[111, 14, 1]","[{'块': '块1', '中心': '38.846,117.472', '计划店': 111, '跑到的计划店': 99, '执行率': 0.892, '计划星期': '周一', '实际主力星期': '周一'}, {'块': '块2', '中心': '38.726,117.493', '计划店': 14, '跑到的计划店': 9, '执行率': 0.643, '计划星期': '周二', '实际主力星期': '周二'}, {'块': '块3', '中心': '38.804,117.500', '计划店': 1, '跑到的计划店': 1, '执行率': 1.0, '计划星期': '周五', '实际主力星期': '周二'}]",3,1.0,0.892,0.643,0.667,,9.0,17.6,72.0,22,7,11.3,"[56, 49, 44, 54, 45, 1, 0]",4.8,1.0,131,57,区块全开·星期自己定,"天津市（滨海新区×145, 宝坻区×2）：计划 126 店 / 148 次，分成 3 个区块（最大区块 111 店）。 地盘东西 9.0 × 南北 17.6 km；区块内店距中位 72 m。 节奏：22 个工作日、平均每天 11.3 家店、一天 1.0 个区块、当天作业半径中位 4.8 km；出勤 周一56/周二49/周三44/周四54/周五45/周六1；周日 没跑。 ① 区块开工：3 块里他开工了 3 块；② 区块内执行率中位 89%（最弱一块 64%）；③ 区块星期一致 67%。 参考：覆盖 86%、同日 16%、相位 47%、量比 1.68。 结论：区块都开了但**星期由他自己排**，周内顺序不跟计划。"
000859839,无锡市,"惠山区×43, 锡山区×3",45,46,260,233,0.844,0.163,0.822,0.804,0.844,5.65,7,2,"[36, 9]","[{'块': '块1', '中心': '31.679,120.290', '计划店': 36, '跑到的计划店': 30, '执行率': 0.833, '计划星期': '周一', '实际主力星期': '周一'}, {'块': '块2', '中心': '31.647,120.221', '计划店': 9, '跑到的计划店': 8, '执行率': 0.889, '计划星期': '周二', '实际主力星期': '周二'}]",2,1.0,0.861,0.833,1.0,,8.9,7.3,99.0,7,8,37.1,"[67, 71, 41, 42, 39, 0, 0]",2.15,1.0,209,24,区块全开·星期照做,"无锡市（惠山区×43, 锡山区×3）：计划 45 店 / 46 次，分成 2 个区块（最大区块 36 店）。 地盘东西 8.9 × 南北 7.3 km；区块内店距中位 99 m。 节奏：7 个工作日、平均每天 37.1 家店、一天 1.0 个区块、当天作业半径中位 2.15 km；出勤 周一67/周二71/周三41/周四42/周五39；周六、周日 没跑。 ① 区块开工：2 块里他开工了 2 块；② 区块内执行率中位 86%（最弱一块 83%）；③ 区块星期一致 100%。 参考：覆盖 84%、同日 80%、相位 84%、量比 5.65。 结论：**计划怎么划他就怎么做**——区块全开工、区块内做全、星期按计划。"
000859841,厦门市,"湖里区×213, 思明区×4",197,217,231,201,0.919,0.9,0.92,0.926,0.919,1.06,16,1,[197],"[{'块': '块1', '中心': '24.510,118.136', '计划店': 197, '跑到的计划店': 181, '执行率': 0.919, '计划星期': '周一', '实际主力星期': '周一'}]",1,1.0,0.919,0.919,1.0,,10.6,6.9,68.0,20,10,11.6,"[63, 44, 43, 35, 46, 0, 0]",1.45,1.0,171,30,区块全开·星期照做,"厦门市（湖里区×213, 思明区×4）：计划 197 店 / 217 次，分成 1 个区块（最大区块 197 店）。 地盘东西 10.6 × 南北 6.9 km；区块内店距中位 68 m。 节奏：20 个工作日、平均每天 11.6 家店、一天 1.0 个区块、当天作业半径中位 1.45 km；出勤 周一63/周二44/周三43/周四35/周五46；周六、周日 没跑。 ① 区块开工：1 块里他开工了 1 块；② 区块内执行率中位 92%（最弱一块 92%）；③ 区块星期一致 100%。 参考：覆盖 92%、同日 93%、相位 92%、量比 1.06。 结论：**计划怎么划他就怎么做**——区块全开工、区块内做全、星期按计划。"
000860516,滨州市,"沾化区×72, 滨城区×68",185,185,183,165,0.524,0.588,0.211,0.114,0.286,0.99,88,18,"[61, 54, 29, 15, 4]","[{'块': '块1', '中心': '37.696,118.115', '计划店': 61, '跑到的计划店': 25, '执行率': 0.41, '计划星期': '周一', '实际主力星期': '周五'}, {'块': '块2', '中心': '37.385,117.962', '计划店': 54, '跑到的计划店': 37, '执行率': 0.685, '计划星期': '周二', '实际主力星期': '周四'}, {'块': '块3', '中心': '37.140,118.123', '计划店': 29, '跑到的计划店': 16, '执行率': 0.552, '计划星期': '周四', '实际主力星期': '周四'}, {'块': '块4', '中心': '37.282,118.076', '计划店': 15, '跑到的计划店': 8, '执行率': 0.533, '计划星期': '周三', '实际主力星期': '周五'}, {'块': '块5', '中心': '37.696,117.799', '计划店': 4, '跑到的计划店': 2, '执行率': 0.5, '计划星期': '周三', '实际主力星期': '周五'}, {'块': '块6', '中心': '37.089,118.226', '计划店': 3, '跑到的计划店': 3, '执行率': 1.0, '计划星期': '周三', '实际主力星期': '周三'}, {'块': '块7', '中心': '37.179,118.205', '计划店': 3, '跑到的计划店': 0, '执行率': 0.0, '计划星期': '周三', '实际主力星期': '未开工'}, {'块': '块8', '中心': '37.704,117.892', '计划店': 3, '跑到的计划店': 1, '执行率': 0.333, '计划星期': '周三', '实际主力星期': '周三'}, {'块': '块9', '中心': '37.148,118.160', '计划店': 2, '跑到的计划店': 2, '执行率': 1.0, '计划星期': '周三', '实际主力星期': '周三'}, {'块': '块10', '中心': '37.005,118.225', '计划店': 2, '跑到的计划店': 1, '执行率': 0.5, '计划星期': '周三', '实际主力星期': '周四'}, {'块': '块11', '中心': '37.785,117.969', '计划店': 2, '跑到的计划店': 0, '执行率': 0.0, '计划星期': '周三', '实际主力星期': '未开工'}, {'块': '块12', '中心': '37.177,118.112', '计划店': 1, '跑到的计划店': 1, '执行率': 1.0, '计划星期': '周五', '实际主力星期': '周四'}, {'块': '块13', '中心': '37.037,118.266', '计划店': 1, '跑到的计划店': 0, '执行率': 0.0, '计划星期': '周三', '实际主力星期': '未开工'}, {'块': '块14', '中心': '37.255,118.220', '计划店': 1, '跑到的计划店': 0, '执行率': 0.0, '计划星期': '周三', '实际主力星期': '未开工'}, {'块': '块15', '中心': '37.644,118.078', '计划店': 1, '跑到的计划店': 0, '执行率': 0.0, '计划星期': '周三', '实际主力星期': '未开工'}, {'块': '块16', '中心': '37.362,117.883', '计划店': 1, '跑到的计划店': 0, '执行率': 0.0, '计划星期': '周五', '实际主力星期': '未开工'}, {'块': '块17', '中心': '37.591,117.922', '计划店': 1, '跑到的计划店': 0, '执行率': 0.0, '计划星期': '周三', '实际主力星期': '未开工'}, {'块': '块18', '中心': '37.752,117.619', '计划店': 1, '跑到的计划店': 1, '执行率': 1.0, '计划星期': '周一', '实际主力星期': '周四'}]",11,0.611,0.455,0.0,0.636,区块×3店 仅执行 33%; 区块×61店 仅执行 41%; 区块×4店 仅执行 50%,57.0,87.3,100.0,13,8,14.1,"[29, 19, 46, 61, 28, 0, 0]",15.86,2.0,147,18,区块缺了没开,"滨州市（沾化区×72, 滨城区×68）：计划 185 店 / 185 次，分成 18 个区块（最大区块 61 店）。 地盘东西 57.0 × 南北 87.3 km；区块内店距中位 100 m。 节奏：13 个工作日、平均每天 14.1 家店、一天 2.0 个区块、当天作业半径中位 15.86 km；出勤 周一29/周二19/周三46/周四61/周五28；周六、周日 没跑。 ① 区块开工：18 块里他开工了 11 块；② 区块内执行率中位 46%（最弱一块 0%）；③ 区块星期一致 64%。 参考：覆盖 52%、同日 11%、相位 29%、量比 0.99。 结论：**有 7 个区块整块没开工**，但他开的那几块做得很好（执行率与星期都守）——先问为什么不去那几块。 最冷的区块（计划内执行率最低）：区块×3店 仅执行 33%; 区块×61店 仅执行 41%; 区块×4店 仅执行 50%。"
000860562,宁波市,"鄞州区×51, 北仑区×1",52,52,273,235,0.519,0.115,0.192,0.115,0.288,5.25,25,3,"[23, 21, 8]","[{'块': '块1', '中心': '29.877,121.636', '计划店': 23, '跑到的计划店': 12, '执行率': 0.522, '计划星期': '周三', '实际主力星期': '周一'}, {'块': '块2', '中心': '30.179,121.280', '计划店': 21, '跑到的计划店': 13, '执行率': 0.619, '计划星期': '周四', '实际主力星期': '周一'}, {'块': '块3', '中心': '29.850,121.672', '计划店': 8, '跑到的计划店': 2, '执行率': 0.25, '计划星期': '周一', '实际主力星期': '周一'}]",3,1.0,0.522,0.25,1.0,区块×8店 仅执行 25%; 区块×23店 仅执行 52%,40.3,39.2,275.0,11,3,24.8,"[66, 46, 37, 42, 25, 38, 19]",29.12,2.0,203,32,区块全开·区块内欠访,"宁波市（鄞州区×51, 北仑区×1）：计划 52 店 / 52 次，分成 3 个区块（最大区块 23 店）。 地盘东西 40.3 × 南北 39.2 km；区块内店距中位 275 m。 节奏：11 个工作日、平均每天 24.8 家店、一天 2.0 个区块、当天作业半径中位 29.12 km；出勤 周一66/周二46/周三37/周四42/周五25/周六38/周日19。 ① 区块开工：3 块里他开工了 3 块；② 区块内执行率中位 52%（最弱一块 25%）；③ 区块星期一致 100%。 参考：覆盖 52%、同日 12%、相位 29%、量比 5.25。 结论：区块都开了、星期也守，但**区块内没做全**（存在欠访）。 最冷的区块（计划内执行率最低）：区块×8店 仅执行 25%; 区块×23店 仅执行 52%。"
000860828,长沙市,"雨花区×102, 天心区×66",158,168,222,204,0.956,0.74,0.956,0.958,0.956,1.32,7,1,[158],"[{'块': '块1', '中心': '28.131,113.015', '计划店': 158, '跑到的计划店': 151, '执行率': 0.956, '计划星期': '周一', '实际主力星期': '周一'}]",1,1.0,0.956,0.956,1.0,,9.2,6.2,78.0,17,11,13.1,"[59, 47, 41, 35, 40, 0, 0]",1.75,1.0,187,17,区块全开·星期照做,"长沙市（雨花区×102, 天心区×66）：计划 158 店 / 168 次，分成 1 个区块（最大区块 158 店）。 地盘东西 9.2 × 南北 6.2 km；区块内店距中位 78 m。 节奏：17 个工作日、平均每天 13.1 家店、一天 1.0 个区块、当天作业半径中位 1.75 km；出勤 周一59/周二47/周三41/周四35/周五40；周六、周日 没跑。 ① 区块开工：1 块里他开工了 1 块；② 区块内执行率中位 96%（最弱一块 96%）；③ 区块星期一致 100%。 参考：覆盖 96%、同日 96%、相位 96%、量比 1.32。 结论：**计划怎么划他就怎么做**——区块全开工、区块内做全、星期按计划。"
000862367,上海市,"宝山区×248, 静安区×3",234,251,157,152,0.397,0.612,0.35,0.323,0.363,0.63,141,2,"[233, 1]","[{'块': '块1', '中心': '31.357,121.433', '计划店': 233, '跑到的计划店': 92, '执行率': 0.395, '计划星期': '周一', '实际主力星期': '周二'}, {'块': '块2', '中心': '31.449,121.403', '计划店': 1, '跑到的计划店': 1, '执行率': 1.0, '计划星期': '周四', '实际主力星期': '周三'}]",2,1.0,0.697,0.395,1.0,区块×233店 仅执行 39%,15.6,18.7,85.0,18,5,8.7,"[29, 34, 35, 28, 26, 2, 3]",0.97,1.0,147,5,区块全开·区块内欠访,"上海市（宝山区×248, 静安区×3）：计划 234 店 / 251 次，分成 2 个区块（最大区块 233 店）。 地盘东西 15.6 × 南北 18.7 km；区块内店距中位 85 m。 节奏：18 个工作日、平均每天 8.7 家店、一天 1.0 个区块、当天作业半径中位 0.97 km；出勤 周一29/周二34/周三35/周四28/周五26/周六2/周日3。 ① 区块开工：2 块里他开工了 2 块；② 区块内执行率中位 70%（最弱一块 40%）；③ 区块星期一致 100%。 参考：覆盖 40%、同日 32%、相位 36%、量比 0.63。 结论：区块都开了、星期也守，但**区块内没做全**（存在欠访）。 最冷的区块（计划内执行率最低）：区块×233店 仅执行 39%。"
000862716,青岛市,"市北区×247, 崂山区×26",233,275,308,265,0.558,0.491,0.425,0.367,0.485,1.12,103,1,[233],"[{'块': '块1', '中心': '36.102,120.380', '计划店': 233, '跑到的计划店': 130, '执行率': 0.558, '计划星期': '周一', '实际主力星期': '周一'}]",1,1.0,0.558,0.558,1.0,区块×233店 仅执行 56%,12.0,8.1,53.0,23,7,13.4,"[77, 60, 49, 52, 49, 16, 5]",2.57,1.0,227,38,区块全开·区块内欠访,"青岛市（市北区×247, 崂山区×26）：计划 233 店 / 275 次，分成 1 个区块（最大区块 233 店）。 地盘东西 12.0 × 南北 8.1 km；区块内店距中位 53 m。 节奏：23 个工作日、平均每天 13.4 家店、一天 1.0 个区块、当天作业半径中位 2.57 km；出勤 周一77/周二60/周三49/周四52/周五49/周六16/周日5。 ① 区块开工：1 块里他开工了 1 块；② 区块内执行率中位 56%（最弱一块 56%）；③ 区块星期一致 100%。 参考：覆盖 56%、同日 37%、相位 48%、量比 1.12。 结论：区块都开了、星期也守，但**区块内没做全**（存在欠访）。 最冷的区块（计划内执行率最低）：区块×233店 仅执行 56%。"
000863973,秦皇岛市,"海港区×47, 北戴河区×12",67,67,216,165,0.985,0.4,0.985,0.985,0.985,3.22,1,4,"[47, 12, 7, 1]","[{'块': '块1', '中心': '39.943,119.589', '计划店': 47, '跑到的计划店': 46, '执行率': 0.979, '计划星期': '周一', '实际主力星期': '周一'}, {'块': '块2', '中心': '39.816,119.420', '计划店': 12, '跑到的计划店': 12, '执行率': 1.0, '计划星期': '周二', '实际主力星期': '周二'}, {'块': '块3', '中心': '39.893,118.893', '计划店': 7, '跑到的计划店': 7, '执行率': 1.0, '计划星期': '周一', '实际主力星期': '周一'}, {'块': '块4', '中心': '39.730,118.858', '计划店': 1, '跑到的计划店': 1, '执行率': 1.0, '计划星期': '周一', '实际主力星期': '周一'}]",4,1.0,1.0,0.979,1.0,,64.2,26.9,227.0,14,7,15.4,"[48, 34, 34, 32, 33, 35, 0]",1.83,1.0,117,48,区块全开·星期照做,"秦皇岛市（海港区×47, 北戴河区×12）：计划 67 店 / 67 次，分成 4 个区块（最大区块 47 店）。 地盘东西 64.2 × 南北 26.9 km；区块内店距中位 227 m。 节奏：14 个工作日、平均每天 15.4 家店、一天 1.0 个区块、当天作业半径中位 1.83 km；出勤 周一48/周二34/周三34/周四32/周五33/周六35；周日 没跑。 ① 区块开工：4 块里他开工了 4 块；② 区块内执行率中位 100%（最弱一块 98%）；③ 区块星期一致 100%。 参考：覆盖 98%、同日 98%、相位 98%、量比 3.22。 结论：**计划怎么划他就怎么做**——区块全开工、区块内做全、星期按计划。"
000864355,苏州市,"吴中区×209, 姑苏区×52",265,287,280,238,0.789,0.878,0.77,0.756,0.762,0.98,56,2,"[264, 1]","[{'块': '块1', '中心': '31.306,120.735', '计划店': 264, '跑到的计划店': 208, '执行率': 0.788, '计划星期': '周一', '实际主力星期': '周一'}, {'块': '块2', '中心': '31.252,120.801', '计划店': 1, '跑到的计划店': 1, '执行率': 1.0, '计划星期': '周四', '实际主力星期': '周四'}]",2,1.0,0.894,0.788,1.0,,23.1,15.5,46.0,22,12,12.7,"[67, 56, 54, 42, 32, 5, 24]",4.79,1.0,207,31,区块全开·星期照做,"苏州市（吴中区×209, 姑苏区×52）：计划 265 店 / 287 次，分成 2 个区块（最大区块 264 店）。 地盘东西 23.1 × 南北 15.5 km；区块内店距中位 46 m。 节奏：22 个工作日、平均每天 12.7 家店、一天 1.0 个区块、当天作业半径中位 4.79 km；出勤 周一67/周二56/周三54/周四42/周五32/周六5/周日24。 ① 区块开工：2 块里他开工了 2 块；② 区块内执行率中位 89%（最弱一块 79%）；③ 区块星期一致 100%。 参考：覆盖 79%、同日 76%、相位 76%、量比 0.98。 结论：**计划怎么划他就怎么做**——区块全开工、区块内做全、星期按计划。"
000865348,太原市,小店区×272,252,272,221,200,0.528,0.665,0.373,0.316,0.421,0.81,119,4,"[241, 8, 2, 1]","[{'块': '块1', '中心': '37.760,112.575', '计划店': 241, '跑到的计划店': 129, '执行率': 0.535, '计划星期': '周一', '实际主力星期': '周一'}, {'块': '块2', '中心': '37.636,112.542', '计划店': 8, '跑到的计划店': 4, '执行率': 0.5, '计划星期': '周三', '实际主力星期': '周二'}, {'块': '块3', '中心': '37.694,112.547', '计划店': 2, '跑到的计划店': 0, '执行率': 0.0, '计划星期': '周三', '实际主力星期': '未开工'}, {'块': '块4', '中心': '37.756,112.652', '计划店': 1, '跑到的计划店': 0, '执行率': 0.0, '计划星期': '周五', '实际主力星期': '未开工'}]",2,0.5,0.25,0.0,0.5,区块×8店 仅执行 50%; 区块×241店 仅执行 54%,10.1,19.6,84.0,18,8,12.3,"[63, 53, 49, 25, 31, 0, 0]",3.48,1.0,182,18,区块大面积没开工,太原市（小店区×272）：计划 252 店 / 272 次，分成 4 个区块（最大区块 241 店）。 地盘东西 10.1 × 南北 19.6 km；区块内店距中位 84 m。 节奏：18 个工作日、平均每天 12.3 家店、一天 1.0 个区块、当天作业半径中位 3.48 km；出勤 周一63/周二53/周三49/周四25/周五31；周六、周日 没跑。 ① 区块开工：4 块里他开工了 2 块；② 区块内执行率中位 25%（最弱一块 0%）；③ 区块星期一致 50%。 参考：覆盖 53%、同日 32%、相位 42%、量比 0.81。 结论：**有区块整块没开工**（2 块），先问为什么不去，而不是谈执行率。 最冷的区块（计划内执行率最低）：区块×8店 仅执行 50%; 区块×241店 仅执行 54%。
000865709,广州市,"天河区×263, 白云区×1",237,265,273,239,0.941,0.933,0.941,0.947,0.941,1.03,14,1,[237],"[{'块': '块1', '中心': '23.173,113.363', '计划店': 237, '跑到的计划店': 223, '执行率': 0.941, '计划星期': '周一', '实际主力星期': '周一'}]",1,1.0,0.941,0.941,1.0,,9.7,9.2,87.0,21,12,13.0,"[64, 53, 53, 52, 51, 0, 0]",2.16,1.0,208,31,区块全开·星期照做,"广州市（天河区×263, 白云区×1）：计划 237 店 / 265 次，分成 1 个区块（最大区块 237 店）。 地盘东西 9.7 × 南北 9.2 km；区块内店距中位 87 m。 节奏：21 个工作日、平均每天 13.0 家店、一天 1.0 个区块、当天作业半径中位 2.16 km；出勤 周一64/周二53/周三53/周四52/周五51；周六、周日 没跑。 ① 区块开工：1 块里他开工了 1 块；② 区块内执行率中位 94%（最弱一块 94%）；③ 区块星期一致 100%。 参考：覆盖 94%、同日 95%、相位 94%、量比 1.03。 结论：**计划怎么划他就怎么做**——区块全开工、区块内做全、星期按计划。"
000865960,广州市,番禺区×175,175,175,271,245,0.891,0.637,0.891,0.891,0.891,1.55,19,3,"[96, 78, 1]","[{'块': '块1', '中心': '22.997,113.322', '计划店': 96, '跑到的计划店': 84, '执行率': 0.875, '计划星期': '周一', '实际主力星期': '周二'}, {'块': '块2', '中心': '22.961,113.463', '计划店': 78, '跑到的计划店': 71, '执行率': 0.91, '计划星期': '周一', '实际主力星期': '周一'}, {'块': '块3', '中心': '22.886,113.529', '计划店': 1, '跑到的计划店': 1, '执行率': 1.0, '计划星期': '周四', '实际主力星期': '周四'}]",3,1.0,0.91,0.875,1.0,,27.5,16.7,84.0,17,12,15.9,"[70, 48, 49, 52, 52, 0, 0]",2.47,1.0,222,23,区块全开·星期照做,广州市（番禺区×175）：计划 175 店 / 175 次，分成 3 个区块（最大区块 96 店）。 地盘东西 27.5 × 南北 16.7 km；区块内店距中位 84 m。 节奏：17 个工作日、平均每天 15.9 家店、一天 1.0 个区块、当天作业半径中位 2.47 km；出勤 周一70/周二48/周三49/周四52/周五52；周六、周日 没跑。 ① 区块开工：3 块里他开工了 3 块；② 区块内执行率中位 91%（最弱一块 88%）；③ 区块星期一致 100%。 参考：覆盖 89%、同日 89%、相位 89%、量比 1.55。 结论：**计划怎么划他就怎么做**——区块全开工、区块内做全、星期按计划。
000866035,贵阳市,南明区×11,11,11,267,221,1.0,0.05,1.0,1.0,1.0,24.27,0,1,[11],"[{'块': '块1', '中心': '26.560,106.682', '计划店': 11, '跑到的计划店': 11, '执行率': 1.0, '计划星期': '周二', '实际主力星期': '周二'}]",1,1.0,1.0,1.0,1.0,,0.2,0.2,23.0,2,6,133.5,"[59, 49, 50, 48, 49, 12, 0]",0.11,1.0,181,40,区块全开·星期照做,贵阳市（南明区×11）：计划 11 店 / 11 次，分成 1 个区块（最大区块 11 店）。 地盘东西 0.2 × 南北 0.2 km；区块内店距中位 23 m。 节奏：2 个工作日、平均每天 133.5 家店、一天 1.0 个区块、当天作业半径中位 0.11 km；出勤 周一59/周二49/周三50/周四48/周五49/周六12；周日 没跑。 ① 区块开工：1 块里他开工了 1 块；② 区块内执行率中位 100%（最弱一块 100%）；③ 区块星期一致 100%。 参考：覆盖 100%、同日 100%、相位 100%、量比 24.27。 结论：**计划怎么划他就怎么做**——区块全开工、区块内做全、星期按计划。
000866096,370800,"370811×53, 370828×5",60,60,176,169,0.6,0.213,0.6,0.6,0.6,2.93,24,9,"[36, 10, 4, 3, 2]","[{'块': '块1', '中心': '35.417,116.596', '计划店': 36, '跑到的计划店': 12, '执行率': 0.333, '计划星期': '周二', '实际主力星期': '周五'}, {'块': '块2', '中心': '35.339,116.619', '计划店': 10, '跑到的计划店': 10, '执行率': 1.0, '计划星期': '周四', '实际主力星期': '周四'}, {'块': '块3', '中心': '35.083,116.326', '计划店': 4, '跑到的计划店': 4, '执行率': 1.0, '计划星期': '周一', '实际主力星期': '周一'}, {'块': '块4', '中心': '35.302,116.486', '计划店': 3, '跑到的计划店': 3, '执行率': 1.0, '计划星期': '周一', '实际主力星期': '周一'}, {'块': '块5', '中心': '35.015,116.641', '计划店': 2, '跑到的计划店': 2, '执行率': 1.0, '计划星期': '周一', '实际主力星期': '周一'}, {'块': '块6', '中心': '35.395,116.671', '计划店': 2, '跑到的计划店': 2, '执行率': 1.0, '计划星期': '周四', '实际主力星期': '周四'}, {'块': '块7', '中心': '35.199,116.397', '计划店': 1, '跑到的计划店': 1, '执行率': 1.0, '计划星期': '周一', '实际主力星期': '周一'}, {'块': '块8', '中心': '35.319,116.451', '计划店': 1, '跑到的计划店': 1, '执行率': 1.0, '计划星期': '周一', '实际主力星期': '周一'}, {'块': '块9', '中心': '35.372,116.661', '计划店': 1, '跑到的计划店': 1, '执行率': 1.0, '计划星期': '周四', '实际主力星期': '周四'}]",9,1.0,1.0,0.333,0.889,区块×36店 仅执行 33%,33.6,47.2,138.0,3,12,58.7,"[45, 18, 36, 48, 29, 0, 0]",7.32,3.0,162,7,区块全开·星期照做,"370800（370811×53, 370828×5）：计划 60 店 / 60 次，分成 9 个区块（最大区块 36 店）。 地盘东西 33.6 × 南北 47.2 km；区块内店距中位 138 m。 节奏：3 个工作日、平均每天 58.7 家店、一天 3.0 个区块、当天作业半径中位 7.32 km；出勤 周一45/周二18/周三36/周四48/周五29；周六、周日 没跑。 ① 区块开工：9 块里他开工了 9 块；② 区块内执行率中位 100%（最弱一块 33%）；③ 区块星期一致 89%。 参考：覆盖 60%、同日 60%、相位 60%、量比 2.93。 结论：**计划怎么划他就怎么做**——区块全开工、区块内做全、星期按计划。 最冷的区块（计划内执行率最低）：区块×36店 仅执行 33%。"
000866110,上海市,静安区×269,253,269,148,133,0.36,0.684,0.32,0.297,0.324,0.55,162,1,[253],"[{'块': '块1', '中心': '31.264,121.453', '计划店': 253, '跑到的计划店': 91, '执行率': 0.36, '计划星期': '周一', '实际主力星期': '周一'}]",1,1.0,0.36,0.36,1.0,区块×253店 仅执行 36%,5.8,11.3,43.0,15,6,9.9,"[43, 17, 27, 38, 19, 4, 0]",1.52,1.0,118,15,区块全开·区块内欠访,上海市（静安区×269）：计划 253 店 / 269 次，分成 1 个区块（最大区块 253 店）。 地盘东西 5.8 × 南北 11.3 km；区块内店距中位 43 m。 节奏：15 个工作日、平均每天 9.9 家店、一天 1.0 个区块、当天作业半径中位 1.52 km；出勤 周一43/周二17/周三27/周四38/周五19/周六4；周日 没跑。 ① 区块开工：1 块里他开工了 1 块；② 区块内执行率中位 36%（最弱一块 36%）；③ 区块星期一致 100%。 参考：覆盖 36%、同日 30%、相位 32%、量比 0.55。 结论：区块都开了、星期也守，但**区块内没做全**（存在欠访）。 最冷的区块（计划内执行率最低）：区块×253店 仅执行 36%。
000866115,西安市,"雁塔区×250, 新城区×1",234,252,364,330,0.889,0.63,0.885,0.853,0.88,1.44,26,2,"[233, 1]","[{'块': '块1', '中心': '34.204,108.971', '计划店': 233, '跑到的计划店': 208, '执行率': 0.893, '计划星期': '周一', '实际主力星期': '周一'}, {'块': '块2', '中心': '34.248,108.881', '计划店': 1, '跑到的计划店': 0, '执行率': 0.0, '计划星期': '周五', '实际主力星期': '未开工'}]",1,0.5,0.446,0.0,1.0,,13.0,7.8,31.0,20,12,18.2,"[120, 74, 65, 56, 49, 0, 0]",1.73,1.0,298,32,区块大面积没开工,"西安市（雁塔区×250, 新城区×1）：计划 234 店 / 252 次，分成 2 个区块（最大区块 233 店）。 地盘东西 13.0 × 南北 7.8 km；区块内店距中位 31 m。 节奏：20 个工作日、平均每天 18.2 家店、一天 1.0 个区块、当天作业半径中位 1.73 km；出勤 周一120/周二74/周三65/周四56/周五49；周六、周日 没跑。 ① 区块开工：2 块里他开工了 1 块；② 区块内执行率中位 45%（最弱一块 0%）；③ 区块星期一致 100%。 参考：覆盖 89%、同日 85%、相位 88%、量比 1.44。 结论：**有区块整块没开工**（1 块），先问为什么不去，而不是谈执行率。"
000866118,常州市,"溧阳市×151, 金坛区×98",225,249,199,175,0.364,0.469,0.14,0.112,0.262,0.8,143,16,"[91, 63, 16, 12, 9]","[{'块': '块1', '中心': '31.415,119.474', '计划店': 91, '跑到的计划店': 45, '执行率': 0.495, '计划星期': '周五', '实际主力星期': '周二'}, {'块': '块2', '中心': '31.740,119.590', '计划店': 63, '跑到的计划店': 19, '执行率': 0.302, '计划星期': '周二', '实际主力星期': '周四'}, {'块': '块3', '中心': '31.788,119.344', '计划店': 16, '跑到的计划店': 1, '执行率': 0.062, '计划星期': '周五', '实际主力星期': '周五'}, {'块': '块4', '中心': '31.316,119.438', '计划店': 12, '跑到的计划店': 4, '执行率': 0.333, '计划星期': '周一', '实际主力星期': '周三'}, {'块': '块5', '中心': '31.187,119.535', '计划店': 9, '跑到的计划店': 8, '执行率': 0.889, '计划星期': '周一', '实际主力星期': '周一'}, {'块': '块6', '中心': '31.526,119.270', '计划店': 9, '跑到的计划店': 2, '执行率': 0.222, '计划星期': '周四', '实际主力星期': '周一'}, {'块': '块7', '中心': '31.758,119.312', '计划店': 5, '跑到的计划店': 0, '执行率': 0.0, '计划星期': '周三', '实际主力星期': '未开工'}, {'块': '块8', '中心': '31.557,119.470', '计划店': 5, '跑到的计划店': 1, '执行率': 0.2, '计划星期': '周一', '实际主力星期': '周二'}, {'块': '块9', '中心': '31.800,119.457', '计划店': 4, '跑到的计划店': 1, '执行率': 0.25, '计划星期': '周四', '实际主力星期': '周三'}, {'块': '块10', '中心': '31.585,119.623', '计划店': 3, '跑到的计划店': 0, '执行率': 0.0, '计划星期': '周四', '实际主力星期': '未开工'}, {'块': '块11', '中心': '31.613,119.596', '计划店': 2, '跑到的计划店': 0, '执行率': 0.0, '计划星期': '周四', '实际主力星期': '未开工'}, {'块': '块12', '中心': '31.718,119.374', '计划店': 2, '跑到的计划店': 1, '执行率': 0.5, '计划星期': '周三', '实际主力星期': '周日'}, {'块': '块13', '中心': '31.722,119.685', '计划店': 1, '跑到的计划店': 0, '执行率': 0.0, '计划星期': '周三', '实际主力星期': '未开工'}, {'块': '块14', '中心': '31.731,119.414', '计划店': 1, '跑到的计划店': 0, '执行率': 0.0, '计划星期': '周四', '实际主力星期': '未开工'}, {'块': '块15', '中心': '31.782,119.501', '计划店': 1, '跑到的计划店': 0, '执行率': 0.0, '计划星期': '周四', '实际主力星期': '未开工'}, {'块': '块16', '中心': '31.214,119.426', '计划店': 1, '跑到的计划店': 0, '执行率': 0.0, '计划星期': '周一', '实际主力星期': '未开工'}]",9,0.562,0.131,0.0,0.444,区块×16店 仅执行 6%; 区块×5店 仅执行 20%; 区块×9店 仅执行 22%,39.9,71.4,152.0,20,4,9.9,"[45, 55, 33, 30, 35, 0, 1]",4.12,1.0,152,23,区块大面积没开工,"常州市（溧阳市×151, 金坛区×98）：计划 225 店 / 249 次，分成 16 个区块（最大区块 91 店）。 地盘东西 39.9 × 南北 71.4 km；区块内店距中位 152 m。 节奏：20 个工作日、平均每天 9.9 家店、一天 1.0 个区块、当天作业半径中位 4.12 km；出勤 周一45/周二55/周三33/周四30/周五35/周日1；周六 没跑。 ① 区块开工：16 块里他开工了 9 块；② 区块内执行率中位 13%（最弱一块 0%）；③ 区块星期一致 44%。 参考：覆盖 36%、同日 11%、相位 26%、量比 0.8。 结论：**有区块整块没开工**（7 块），先问为什么不去，而不是谈执行率。 最冷的区块（计划内执行率最低）：区块×16店 仅执行 6%; 区块×5店 仅执行 20%; 区块×9店 仅执行 22%。"
000866857,沈阳市,"浑南区×194, 和平区×10",158,210,165,124,0.253,0.323,0.142,0.095,0.152,0.79,118,5,"[149, 4, 3, 1, 1]","[{'块': '块1', '中心': '41.728,123.468', '计划店': 149, '跑到的计划店': 40, '执行率': 0.268, '计划星期': '周二', '实际主力星期': '周三'}, {'块': '块2', '中心': '41.795,123.373', '计划店': 4, '跑到的计划店': 0, '执行率': 0.0, '计划星期': '周四', '实际主力星期': '未开工'}, {'块': '块3', '中心': '41.790,123.409', '计划店': 3, '跑到的计划店': 0, '执行率': 0.0, '计划星期': '周四', '实际主力星期': '未开工'}, {'块': '块4', '中心': '41.796,123.579', '计划店': 1, '跑到的计划店': 0, '执行率': 0.0, '计划星期': '周二', '实际主力星期': '未开工'}, {'块': '块5', '中心': '41.655,123.440', '计划店': 1, '跑到的计划店': 0, '执行率': 0.0, '计划星期': '周五', '实际主力星期': '未开工'}]",1,0.2,0.0,0.0,1.0,区块×149店 仅执行 27%,17.1,15.6,74.0,14,3,11.8,"[38, 35, 36, 25, 31, 0, 0]",0.76,1.0,86,38,计划与实际几乎不相交,"沈阳市（浑南区×194, 和平区×10）：计划 158 店 / 210 次，分成 5 个区块（最大区块 149 店）。 地盘东西 17.1 × 南北 15.6 km；区块内店距中位 74 m。 节奏：14 个工作日、平均每天 11.8 家店、一天 1.0 个区块、当天作业半径中位 0.76 km；出勤 周一38/周二35/周三36/周四25/周五31；周六、周日 没跑。 ① 区块开工：5 块里他开工了 1 块；② 区块内执行率中位 0%（最弱一块 0%）；③ 区块星期一致 100%。 参考：覆盖 25%、同日 10%、相位 15%、量比 0.79。 结论：计划与实际几乎不相交——先查这块地盘是不是搞错了（管辖/门店清单），再谈行为。 最冷的区块（计划内执行率最低）：区块×149店 仅执行 27%。"
000866984,东莞市,东莞市×203,192,203,237,218,0.807,0.711,0.807,0.803,0.807,1.17,37,5,"[116, 73, 1, 1, 1]","[{'块': '块1', '中心': '23.003,113.853', '计划店': 116, '跑到的计划店': 94, '执行率': 0.81, '计划星期': '周一', '实际主力星期': '周一'}, {'块': '块2', '中心': '22.906,113.837', '计划店': 73, '跑到的计划店': 59, '执行率': 0.808, '计划星期': '周二', '实际主力星期': '周二'}, {'块': '块3', '中心': '23.063,113.706', '计划店': 1, '跑到的计划店': 0, '执行率': 0.0, '计划星期': '周一', '实际主力星期': '未开工'}, {'块': '块4', '中心': '23.036,113.740', '计划店': 1, '跑到的计划店': 1, '执行率': 1.0, '计划星期': '周一', '实际主力星期': '周一'}, {'块': '块5', '中心': '22.963,113.779', '计划店': 1, '跑到的计划店': 1, '执行率': 1.0, '计划星期': '周一', '实际主力星期': '周一'}]",4,0.8,0.81,0.0,1.0,,21.2,21.1,80.0,18,9,13.2,"[63, 56, 44, 38, 36, 0, 0]",1.86,1.0,202,16,区块缺了没开,东莞市（东莞市×203）：计划 192 店 / 203 次，分成 5 个区块（最大区块 116 店）。 地盘东西 21.2 × 南北 21.1 km；区块内店距中位 80 m。 节奏：18 个工作日、平均每天 13.2 家店、一天 1.0 个区块、当天作业半径中位 1.86 km；出勤 周一63/周二56/周三44/周四38/周五36；周六、周日 没跑。 ① 区块开工：5 块里他开工了 4 块；② 区块内执行率中位 81%（最弱一块 0%）；③ 区块星期一致 100%。 参考：覆盖 81%、同日 80%、相位 81%、量比 1.17。 结论：**有 1 个区块整块没开工**，但他开的那几块做得很好（执行率与星期都守）——先问为什么不去那几块。
000867936,江门市,"蓬江区×230, 江海区×2",219,232,252,223,0.877,0.861,0.868,0.871,0.872,1.09,27,1,[219],"[{'块': '块1', '中心': '22.607,113.087', '计划店': 219, '跑到的计划店': 192, '执行率': 0.877, '计划星期': '周一', '实际主力星期': '周一'}]",1,1.0,0.877,0.877,1.0,,10.7,11.4,81.0,21,11,12.0,"[55, 49, 48, 50, 50, 0, 0]",2.61,1.0,196,27,区块全开·星期照做,"江门市（蓬江区×230, 江海区×2）：计划 219 店 / 232 次，分成 1 个区块（最大区块 219 店）。 地盘东西 10.7 × 南北 11.4 km；区块内店距中位 81 m。 节奏：21 个工作日、平均每天 12.0 家店、一天 1.0 个区块、当天作业半径中位 2.61 km；出勤 周一55/周二49/周三48/周四50/周五50；周六、周日 没跑。 ① 区块开工：1 块里他开工了 1 块；② 区块内执行率中位 88%（最弱一块 88%）；③ 区块星期一致 100%。 参考：覆盖 88%、同日 87%、相位 87%、量比 1.09。 结论：**计划怎么划他就怎么做**——区块全开工、区块内做全、星期按计划。"
000874142,惠州市,惠城区×65,63,65,247,189,0.73,0.243,0.734,0.738,0.73,3.8,17,3,"[28, 19, 16]","[{'块': '块1', '中心': '23.042,114.424', '计划店': 28, '跑到的计划店': 22, '执行率': 0.786, '计划星期': '周一', '实际主力星期': '周一'}, {'块': '块2', '中心': '23.061,114.483', '计划店': 19, '跑到的计划店': 12, '执行率': 0.632, '计划星期': '周五', '实际主力星期': '周三'}, {'块': '块3', '中心': '22.986,114.468', '计划店': 16, '跑到的计划店': 12, '执行率': 0.75, '计划星期': '周二', '实际主力星期': '周二'}]",3,1.0,0.75,0.632,1.0,,11.1,12.9,179.0,15,5,16.5,"[61, 46, 48, 43, 49, 0, 0]",2.89,1.0,142,47,区块全开·区块内欠访,惠州市（惠城区×65）：计划 63 店 / 65 次，分成 3 个区块（最大区块 28 店）。 地盘东西 11.1 × 南北 12.9 km；区块内店距中位 179 m。 节奏：15 个工作日、平均每天 16.5 家店、一天 1.0 个区块、当天作业半径中位 2.89 km；出勤 周一61/周二46/周三48/周四43/周五49；周六、周日 没跑。 ① 区块开工：3 块里他开工了 3 块；② 区块内执行率中位 75%（最弱一块 63%）；③ 区块星期一致 100%。 参考：覆盖 73%、同日 74%、相位 73%、量比 3.8。 结论：区块都开了、星期也守，但**区块内没做全**（存在欠访）。
000874284,深圳市,南山区×266,265,266,307,265,0.883,0.883,0.883,0.883,0.883,1.15,31,1,[265],"[{'块': '块1', '中心': '22.509,113.919', '计划店': 265, '跑到的计划店': 234, '执行率': 0.883, '计划星期': '周二', '实际主力星期': '周一'}]",1,1.0,0.883,0.883,1.0,,5.7,8.0,66.0,22,12,14.0,"[73, 57, 54, 57, 52, 14, 0]",1.46,1.0,223,42,区块全开·星期照做,深圳市（南山区×266）：计划 265 店 / 266 次，分成 1 个区块（最大区块 265 店）。 地盘东西 5.7 × 南北 8.0 km；区块内店距中位 66 m。 节奏：22 个工作日、平均每天 14.0 家店、一天 1.0 个区块、当天作业半径中位 1.46 km；出勤 周一73/周二57/周三54/周四57/周五52/周六14；周日 没跑。 ① 区块开工：1 块里他开工了 1 块；② 区块内执行率中位 88%（最弱一块 88%）；③ 区块星期一致 100%。 参考：覆盖 88%、同日 88%、相位 88%、量比 1.15。 结论：**计划怎么划他就怎么做**——区块全开工、区块内做全、星期按计划。
000874293,厦门市,"集美区×121, 思明区×3",105,125,229,127,0.924,0.764,0.926,0.936,0.924,1.83,8,1,[105],"[{'块': '块1', '中心': '24.572,118.044', '计划店': 105, '跑到的计划店': 97, '执行率': 0.924, '计划星期': '周一', '实际主力星期': '周一'}]",1,1.0,0.924,0.924,1.0,,6.3,4.6,56.0,20,9,11.4,"[57, 48, 43, 34, 47, 0, 0]",1.23,1.0,61,66,区块全开·星期照做,"厦门市（集美区×121, 思明区×3）：计划 105 店 / 125 次，分成 1 个区块（最大区块 105 店）。 地盘东西 6.3 × 南北 4.6 km；区块内店距中位 56 m。 节奏：20 个工作日、平均每天 11.4 家店、一天 1.0 个区块、当天作业半径中位 1.23 km；出勤 周一57/周二48/周三43/周四34/周五47；周六、周日 没跑。 ① 区块开工：1 块里他开工了 1 块；② 区块内执行率中位 92%（最弱一块 92%）；③ 区块星期一致 100%。 参考：覆盖 92%、同日 94%、相位 92%、量比 1.83。 结论：**计划怎么划他就怎么做**——区块全开工、区块内做全、星期按计划。"
000874295,西安市,"长安区×122, 临潼区×121",262,269,316,244,0.714,0.766,0.702,0.699,0.698,1.17,75,5,"[116, 112, 17, 14, 3]","[{'块': '块1', '中心': '34.161,108.887', '计划店': 116, '跑到的计划店': 83, '执行率': 0.716, '计划星期': '周二', '实际主力星期': '周二'}, {'块': '块2', '中心': '34.376,109.219', '计划店': 112, '跑到的计划店': 80, '执行率': 0.714, '计划星期': '周一', '实际主力星期': '周一'}, {'块': '块3', '中心': '34.045,108.821', '计划店': 17, '跑到的计划店': 11, '执行率': 0.647, '计划星期': '周四', '实际主力星期': '周四'}, {'块': '块4', '中心': '34.035,108.769', '计划店': 14, '跑到的计划店': 11, '执行率': 0.786, '计划星期': '周四', '实际主力星期': '周四'}, {'块': '块5', '中心': '34.421,109.266', '计划店': 3, '跑到的计划店': 2, '执行率': 0.667, '计划星期': '周一', '实际主力星期': '周一'}]",5,1.0,0.714,0.647,1.0,,49.9,46.6,82.0,19,12,16.6,"[69, 61, 64, 65, 57, 0, 0]",2.58,1.0,186,58,区块全开·区块内欠访,"西安市（长安区×122, 临潼区×121）：计划 262 店 / 269 次，分成 5 个区块（最大区块 116 店）。 地盘东西 49.9 × 南北 46.6 km；区块内店距中位 82 m。 节奏：19 个工作日、平均每天 16.6 家店、一天 1.0 个区块、当天作业半径中位 2.58 km；出勤 周一69/周二61/周三64/周四65/周五57；周六、周日 没跑。 ① 区块开工：5 块里他开工了 5 块；② 区块内执行率中位 71%（最弱一块 65%）；③ 区块星期一致 100%。 参考：覆盖 71%、同日 70%、相位 70%、量比 1.17。 结论：区块都开了、星期也守，但**区块内没做全**（存在欠访）。"
000874299,北京市,"朝阳区×247, 东城区×18",241,265,187,182,0.502,0.665,0.448,0.389,0.461,0.71,120,1,[241],"[{'块': '块1', '中心': '39.960,116.470', '计划店': 241, '跑到的计划店': 121, '执行率': 0.502, '计划星期': '周一', '实际主力星期': '周三'}]",1,1.0,0.502,0.502,1.0,区块×241店 仅执行 50%,6.3,5.9,66.0,20,7,9.3,"[51, 40, 38, 37, 21, 0, 0]",0.91,1.0,177,5,区块全开·区块内欠访,"北京市（朝阳区×247, 东城区×18）：计划 241 店 / 265 次，分成 1 个区块（最大区块 241 店）。 地盘东西 6.3 × 南北 5.9 km；区块内店距中位 66 m。 节奏：20 个工作日、平均每天 9.3 家店、一天 1.0 个区块、当天作业半径中位 0.91 km；出勤 周一51/周二40/周三38/周四37/周五21；周六、周日 没跑。 ① 区块开工：1 块里他开工了 1 块；② 区块内执行率中位 50%（最弱一块 50%）；③ 区块星期一致 100%。 参考：覆盖 50%、同日 39%、相位 46%、量比 0.71。 结论：区块都开了、星期也守，但**区块内没做全**（存在欠访）。 最冷的区块（计划内执行率最低）：区块×241店 仅执行 50%。"
000874372,合肥市,"瑶海区×23, 庐阳区×20",42,43,173,123,0.643,0.22,0.5,0.512,0.548,4.02,15,1,[42],"[{'块': '块1', '中心': '31.876,117.296', '计划店': 42, '跑到的计划店': 27, '执行率': 0.643, '计划星期': '周一', '实际主力星期': '周三'}]",1,1.0,0.643,0.643,1.0,,2.9,3.6,61.0,11,4,15.7,"[38, 21, 40, 37, 36, 0, 1]",1.14,1.0,82,41,区块全开·区块内欠访,"合肥市（瑶海区×23, 庐阳区×20）：计划 42 店 / 43 次，分成 1 个区块（最大区块 42 店）。 地盘东西 2.9 × 南北 3.6 km；区块内店距中位 61 m。 节奏：11 个工作日、平均每天 15.7 家店、一天 1.0 个区块、当天作业半径中位 1.14 km；出勤 周一38/周二21/周三40/周四37/周五36/周日1；周六 没跑。 ① 区块开工：1 块里他开工了 1 块；② 区块内执行率中位 64%（最弱一块 64%）；③ 区块星期一致 100%。 参考：覆盖 64%、同日 51%、相位 55%、量比 4.02。 结论：区块都开了、星期也守，但**区块内没做全**（存在欠访）。"
000874584,佛山市,顺德区×200,179,200,248,186,0.832,0.801,0.832,0.85,0.832,1.24,30,1,[179],"[{'块': '块1', '中心': '22.763,113.287', '计划店': 179, '跑到的计划店': 149, '执行率': 0.832, '计划星期': '周一', '实际主力星期': '周一'}]",1,1.0,0.832,0.832,1.0,,11.6,5.4,110.0,21,10,11.8,"[52, 42, 60, 46, 46, 2, 0]",2.46,1.0,138,48,区块全开·区块内欠访,佛山市（顺德区×200）：计划 179 店 / 200 次，分成 1 个区块（最大区块 179 店）。 地盘东西 11.6 × 南北 5.4 km；区块内店距中位 110 m。 节奏：21 个工作日、平均每天 11.8 家店、一天 1.0 个区块、当天作业半径中位 2.46 km；出勤 周一52/周二42/周三60/周四46/周五46/周六2；周日 没跑。 ① 区块开工：1 块里他开工了 1 块；② 区块内执行率中位 83%（最弱一块 83%）；③ 区块星期一致 100%。 参考：覆盖 83%、同日 85%、相位 83%、量比 1.24。 结论：区块都开了、星期也守，但**区块内没做全**（存在欠访）。
000874807,沈阳市,"铁西区×197, 和平区×23",195,227,179,151,0.682,0.881,0.673,0.687,0.682,0.79,62,2,"[194, 1]","[{'块': '块1', '中心': '41.777,123.344', '计划店': 194, '跑到的计划店': 133, '执行率': 0.686, '计划星期': '周一', '实际主力星期': '周五'}, {'块': '块2', '中心': '41.776,123.234', '计划店': 1, '跑到的计划店': 0, '执行率': 0.0, '计划星期': '周三', '实际主力星期': '未开工'}]",1,0.5,0.343,0.0,1.0,,17.0,8.1,100.0,18,10,9.9,"[40, 33, 33, 27, 46, 0, 0]",1.41,1.0,123,28,区块大面积没开工,"沈阳市（铁西区×197, 和平区×23）：计划 195 店 / 227 次，分成 2 个区块（最大区块 194 店）。 地盘东西 17.0 × 南北 8.1 km；区块内店距中位 100 m。 节奏：18 个工作日、平均每天 9.9 家店、一天 1.0 个区块、当天作业半径中位 1.41 km；出勤 周一40/周二33/周三33/周四27/周五46；周六、周日 没跑。 ① 区块开工：2 块里他开工了 1 块；② 区块内执行率中位 34%（最弱一块 0%）；③ 区块星期一致 100%。 参考：覆盖 68%、同日 69%、相位 68%、量比 0.79。 结论：**有区块整块没开工**（1 块），先问为什么不去，而不是谈执行率。"
000874881,成都市,"武侯区×15, 锦江区×12",27,27,270,227,0.889,0.106,0.889,0.889,0.889,10.0,3,1,[27],"[{'块': '块1', '中心': '30.637,104.072', '计划店': 27, '跑到的计划店': 24, '执行率': 0.889, '计划星期': '周一', '实际主力星期': '周一'}]",1,1.0,0.889,0.889,1.0,,4.2,2.8,58.0,9,2,30.0,"[68, 56, 59, 50, 27, 10, 0]",1.34,1.0,196,31,区块全开·星期照做,"成都市（武侯区×15, 锦江区×12）：计划 27 店 / 27 次，分成 1 个区块（最大区块 27 店）。 地盘东西 4.2 × 南北 2.8 km；区块内店距中位 58 m。 节奏：9 个工作日、平均每天 30.0 家店、一天 1.0 个区块、当天作业半径中位 1.34 km；出勤 周一68/周二56/周三59/周四50/周五27/周六10；周日 没跑。 ① 区块开工：1 块里他开工了 1 块；② 区块内执行率中位 89%（最弱一块 89%）；③ 区块星期一致 100%。 参考：覆盖 89%、同日 89%、相位 89%、量比 10.0。 结论：**计划怎么划他就怎么做**——区块全开工、区块内做全、星期按计划。"
000874956,南京市,"秦淮区×175, 高淳区×10",185,186,231,191,0.346,0.335,0.173,0.156,0.276,1.24,121,3,"[175, 9, 1]","[{'块': '块1', '中心': '32.026,118.791', '计划店': 175, '跑到的计划店': 54, '执行率': 0.309, '计划星期': '周一', '实际主力星期': '周四'}, {'块': '块2', '中心': '31.327,118.879', '计划店': 9, '跑到的计划店': 9, '执行率': 1.0, '计划星期': '周三', '实际主力星期': '周二'}, {'块': '块3', '中心': '31.359,118.936', '计划店': 1, '跑到的计划店': 1, '执行率': 1.0, '计划星期': '周三', '实际主力星期': '周四'}]",3,1.0,1.0,0.309,0.333,区块×175店 仅执行 31%,15.8,80.4,65.0,15,6,15.4,"[48, 49, 49, 46, 39, 0, 0]",2.84,1.0,154,37,区块全开·星期自己定,"南京市（秦淮区×175, 高淳区×10）：计划 185 店 / 186 次，分成 3 个区块（最大区块 175 店）。 地盘东西 15.8 × 南北 80.4 km；区块内店距中位 65 m。 节奏：15 个工作日、平均每天 15.4 家店、一天 1.0 个区块、当天作业半径中位 2.84 km；出勤 周一48/周二49/周三49/周四46/周五39；周六、周日 没跑。 ① 区块开工：3 块里他开工了 3 块；② 区块内执行率中位 100%（最弱一块 31%）；③ 区块星期一致 33%。 参考：覆盖 35%、同日 16%、相位 28%、量比 1.24。 结论：区块都开了但**星期由他自己排**，周内顺序不跟计划。 最冷的区块（计划内执行率最低）：区块×175店 仅执行 31%。"
000874960,大连市,中山区×78,77,78,227,113,0.727,0.496,0.571,0.449,0.649,2.91,21,1,[77],"[{'块': '块1', '中心': '38.913,121.676', '计划店': 77, '跑到的计划店': 56, '执行率': 0.727, '计划星期': '周三', '实际主力星期': '周一'}]",1,1.0,0.727,0.727,1.0,,6.2,6.3,77.0,18,7,12.6,"[51, 41, 41, 40, 54, 0, 0]",1.86,1.0,53,60,区块全开·区块内欠访,大连市（中山区×78）：计划 77 店 / 78 次，分成 1 个区块（最大区块 77 店）。 地盘东西 6.2 × 南北 6.3 km；区块内店距中位 77 m。 节奏：18 个工作日、平均每天 12.6 家店、一天 1.0 个区块、当天作业半径中位 1.86 km；出勤 周一51/周二41/周三41/周四40/周五54；周六、周日 没跑。 ① 区块开工：1 块里他开工了 1 块；② 区块内执行率中位 73%（最弱一块 73%）；③ 区块星期一致 100%。 参考：覆盖 73%、同日 45%、相位 65%、量比 2.91。 结论：区块都开了、星期也守，但**区块内没做全**（存在欠访）。
000875125,西安市,"雁塔区×136, 莲湖区×81",215,235,341,252,0.93,0.794,0.93,0.923,0.926,1.45,15,1,[215],"[{'块': '块1', '中心': '34.232,108.913', '计划店': 215, '跑到的计划店': 200, '执行率': 0.93, '计划星期': '周一', '实际主力星期': '周一'}]",1,1.0,0.93,0.93,1.0,,3.8,9.1,59.0,20,13,17.1,"[73, 74, 65, 65, 64, 0, 0]",1.97,1.0,189,63,区块全开·星期照做,"西安市（雁塔区×136, 莲湖区×81）：计划 215 店 / 235 次，分成 1 个区块（最大区块 215 店）。 地盘东西 3.8 × 南北 9.1 km；区块内店距中位 59 m。 节奏：20 个工作日、平均每天 17.1 家店、一天 1.0 个区块、当天作业半径中位 1.97 km；出勤 周一73/周二74/周三65/周四65/周五64；周六、周日 没跑。 ① 区块开工：1 块里他开工了 1 块；② 区块内执行率中位 93%（最弱一块 93%）；③ 区块星期一致 100%。 参考：覆盖 93%、同日 92%、相位 93%、量比 1.45。 结论：**计划怎么划他就怎么做**——区块全开工、区块内做全、星期按计划。"
000875131,广州市,"白云区×50, 越秀区×3",53,53,147,134,0.811,0.321,0.811,0.811,0.811,2.77,10,1,[53],"[{'块': '块1', '中心': '23.171,113.250', '计划店': 53, '跑到的计划店': 43, '执行率': 0.811, '计划星期': '周三', '实际主力星期': '周一'}]",1,1.0,0.811,0.811,1.0,,8.7,5.4,80.0,6,10,24.5,"[46, 24, 24, 26, 25, 2, 0]",1.73,1.0,122,12,区块全开·区块内欠访,"广州市（白云区×50, 越秀区×3）：计划 53 店 / 53 次，分成 1 个区块（最大区块 53 店）。 地盘东西 8.7 × 南北 5.4 km；区块内店距中位 80 m。 节奏：6 个工作日、平均每天 24.5 家店、一天 1.0 个区块、当天作业半径中位 1.73 km；出勤 周一46/周二24/周三24/周四26/周五25/周六2；周日 没跑。 ① 区块开工：1 块里他开工了 1 块；② 区块内执行率中位 81%（最弱一块 81%）；③ 区块星期一致 100%。 参考：覆盖 81%、同日 81%、相位 81%、量比 2.77。 结论：区块都开了、星期也守，但**区块内没做全**（存在欠访）。"
000875858,邯郸市,"丛台区×87, 复兴区×13",100,100,219,168,0.49,0.292,0.46,0.45,0.48,2.19,51,1,[100],"[{'块': '块1', '中心': '36.628,114.514', '计划店': 100, '跑到的计划店': 49, '执行率': 0.49, '计划星期': '周三', '实际主力星期': '周三'}]",1,1.0,0.49,0.49,1.0,区块×100店 仅执行 49%,12.2,6.1,112.0,14,4,15.6,"[57, 35, 44, 44, 39, 0, 0]",1.19,1.0,124,44,区块全开·区块内欠访,"邯郸市（丛台区×87, 复兴区×13）：计划 100 店 / 100 次，分成 1 个区块（最大区块 100 店）。 地盘东西 12.2 × 南北 6.1 km；区块内店距中位 112 m。 节奏：14 个工作日、平均每天 15.6 家店、一天 1.0 个区块、当天作业半径中位 1.19 km；出勤 周一57/周二35/周三44/周四44/周五39；周六、周日 没跑。 ① 区块开工：1 块里他开工了 1 块；② 区块内执行率中位 49%（最弱一块 49%）；③ 区块星期一致 100%。 参考：覆盖 49%、同日 45%、相位 48%、量比 2.19。 结论：区块都开了、星期也守，但**区块内没做全**（存在欠访）。 最冷的区块（计划内执行率最低）：区块×100店 仅执行 49%。"
DS0001426,滨州市,"无棣县×58, 滨城区×18",91,91,36,33,0.275,0.758,0.055,0.011,0.143,0.4,66,10,"[43, 18, 14, 10, 1]","[{'块': '块1', '中心': '37.754,117.625', '计划店': 43, '跑到的计划店': 1, '执行率': 0.023, '计划星期': '周四', '实际主力星期': '周四'}, {'块': '块2', '中心': '37.377,118.033', '计划店': 18, '跑到的计划店': 11, '执行率': 0.611, '计划星期': '周二', '实际主力星期': '周五'}, {'块': '块3', '中心': '37.630,117.603', '计划店': 14, '跑到的计划店': 12, '执行率': 0.857, '计划星期': '周三', '实际主力星期': '周四'}, {'块': '块4', '中心': '38.016,117.872', '计划店': 10, '跑到的计划店': 0, '执行率': 0.0, '计划星期': '周一', '实际主力星期': '未开工'}, {'块': '块5', '中心': '38.103,117.745', '计划店': 1, '跑到的计划店': 0, '执行率': 0.0, '计划星期': '周一', '实际主力星期': '未开工'}, {'块': '块6', '中心': '37.576,117.673', '计划店': 1, '跑到的计划店': 1, '执行率': 1.0, '计划星期': '周四', '实际主力星期': '周四'}, {'块': '块7', '中心': '37.421,117.969', '计划店': 1, '跑到的计划店': 0, '执行率': 0.0, '计划星期': '周三', '实际主力星期': '未开工'}, {'块': '块8', '中心': '38.061,117.946', '计划店': 1, '跑到的计划店': 0, '执行率': 0.0, '计划星期': '周一', '实际主力星期': '未开工'}, {'块': '块9', '中心': '37.814,117.855', '计划店': 1, '跑到的计划店': 0, '执行率': 0.0, '计划星期': '周三', '实际主力星期': '未开工'}, {'块': '块10', '中心': '37.822,117.715', '计划店': 1, '跑到的计划店': 0, '执行率': 0.0, '计划星期': '周三', '实际主力星期': '未开工'}]",4,0.4,0.0,0.0,0.75,区块×43店 仅执行 2%,42.7,82.0,240.0,6,2,6.0,"[0, 4, 6, 15, 11, 0, 0]",1.42,1.0,30,3,计划与实际几乎不相交,"滨州市（无棣县×58, 滨城区×18）：计划 91 店 / 91 次，分成 10 个区块（最大区块 43 店）。 地盘东西 42.7 × 南北 82.0 km；区块内店距中位 240 m。 节奏：6 个工作日、平均每天 6.0 家店、一天 1.0 个区块、当天作业半径中位 1.42 km；出勤 周二4/周三6/周四15/周五11；周一、周六、周日 没跑。 ① 区块开工：10 块里他开工了 4 块；② 区块内执行率中位 0%（最弱一块 0%）；③ 区块星期一致 75%。 参考：覆盖 28%、同日 1%、相位 14%、量比 0.4。 结论：计划与实际几乎不相交——先查这块地盘是不是搞错了（管辖/门店清单），再谈行为。 最冷的区块（计划内执行率最低）：区块×43店 仅执行 2%。"
DS0001773,阜阳市,"颍州区×170, 颍泉区×34",204,204,168,163,0.765,0.957,0.627,0.583,0.765,0.82,48,2,"[194, 10]","[{'块': '块1', '中心': '32.888,115.803', '计划店': 194, '跑到的计划店': 146, '执行率': 0.753, '计划星期': '周一', '实际主力星期': '周三'}, {'块': '块2', '中心': '32.822,115.797', '计划店': 10, '跑到的计划店': 10, '执行率': 1.0, '计划星期': '周二', '实际主力星期': '周二'}]",2,1.0,0.876,0.753,1.0,,7.7,13.7,84.0,12,13,14.0,"[41, 24, 42, 30, 31, 0, 0]",1.37,1.0,158,5,区块全开·星期照做,"阜阳市（颍州区×170, 颍泉区×34）：计划 204 店 / 204 次，分成 2 个区块（最大区块 194 店）。 地盘东西 7.7 × 南北 13.7 km；区块内店距中位 84 m。 节奏：12 个工作日、平均每天 14.0 家店、一天 1.0 个区块、当天作业半径中位 1.37 km；出勤 周一41/周二24/周三42/周四30/周五31；周六、周日 没跑。 ① 区块开工：2 块里他开工了 2 块；② 区块内执行率中位 88%（最弱一块 75%）；③ 区块星期一致 100%。 参考：覆盖 76%、同日 58%、相位 76%、量比 0.82。 结论：**计划怎么划他就怎么做**——区块全开工、区块内做全、星期按计划。"
DS0001866,宜昌市,"夷陵区×62, 西陵区×55",206,227,257,229,0.777,0.699,0.727,0.714,0.728,1.13,46,3,"[151, 54, 1]","[{'块': '块1', '中心': '30.725,111.313', '计划店': 151, '跑到的计划店': 127, '执行率': 0.841, '计划星期': '周一', '实际主力星期': '周一'}, {'块': '块2', '中心': '30.426,111.749', '计划店': 54, '跑到的计划店': 32, '执行率': 0.593, '计划星期': '周三', '实际主力星期': '周三'}, {'块': '块3', '中心': '30.819,110.977', '计划店': 1, '跑到的计划店': 1, '执行率': 1.0, '计划星期': '周一', '实际主力星期': '周一'}]",3,1.0,0.841,0.593,1.0,区块×54店 仅执行 59%,76.1,44.7,60.0,19,11,13.5,"[49, 53, 48, 51, 42, 14, 0]",1.94,1.0,201,28,区块全开·区块内欠访,"宜昌市（夷陵区×62, 西陵区×55）：计划 206 店 / 227 次，分成 3 个区块（最大区块 151 店）。 地盘东西 76.1 × 南北 44.7 km；区块内店距中位 60 m。 节奏：19 个工作日、平均每天 13.5 家店、一天 1.0 个区块、当天作业半径中位 1.94 km；出勤 周一49/周二53/周三48/周四51/周五42/周六14；周日 没跑。 ① 区块开工：3 块里他开工了 3 块；② 区块内执行率中位 84%（最弱一块 59%）；③ 区块星期一致 100%。 参考：覆盖 78%、同日 71%、相位 73%、量比 1.13。 结论：区块都开了、星期也守，但**区块内没做全**（存在欠访）。 最冷的区块（计划内执行率最低）：区块×54店 仅执行 59%。"
NP0008185,乐山市,"峨眉山市×6, 沐川县×4",16,16,241,185,1.0,0.086,1.0,1.0,1.0,15.06,0,5,"[6, 5, 3, 1, 1]","[{'块': '块1', '中心': '29.600,103.522', '计划店': 6, '跑到的计划店': 6, '执行率': 1.0, '计划星期': '周五', '实际主力星期': '周五'}, {'块': '块2', '中心': '29.603,103.748', '计划店': 5, '跑到的计划店': 5, '执行率': 1.0, '计划星期': '周六', '实际主力星期': '周六'}, {'块': '块3', '中心': '28.955,103.896', '计划店': 3, '跑到的计划店': 3, '执行率': 1.0, '计划星期': '周六', '实际主力星期': '周六'}, {'块': '块4', '中心': '28.833,103.507', '计划店': 1, '跑到的计划店': 1, '执行率': 1.0, '计划星期': '周六', '实际主力星期': '周六'}, {'块': '块5', '中心': '29.226,103.264', '计划店': 1, '跑到的计划店': 1, '执行率': 1.0, '计划星期': '周六', '实际主力星期': '周六'}]",5,1.0,1.0,1.0,1.0,,61.7,86.4,306.0,7,1,34.4,"[54, 48, 31, 36, 43, 29, 0]",28.22,1.0,144,41,区块全开·星期照做,"乐山市（峨眉山市×6, 沐川县×4）：计划 16 店 / 16 次，分成 5 个区块（最大区块 6 店）。 地盘东西 61.7 × 南北 86.4 km；区块内店距中位 306 m。 节奏：7 个工作日、平均每天 34.4 家店、一天 1.0 个区块、当天作业半径中位 28.22 km；出勤 周一54/周二48/周三31/周四36/周五43/周六29；周日 没跑。 ① 区块开工：5 块里他开工了 5 块；② 区块内执行率中位 100%（最弱一块 100%）；③ 区块星期一致 100%。 参考：覆盖 100%、同日 100%、相位 100%、量比 15.06。 结论：**计划怎么划他就怎么做**——区块全开工、区块内做全、星期按计划。"
NP0008447,佛山市,"高明区×133, 南海区×76",194,209,264,235,0.964,0.796,0.967,0.967,0.964,1.26,7,4,"[165, 18, 6, 5]","[{'块': '块1', '中心': '22.913,112.885', '计划店': 165, '跑到的计划店': 158, '执行率': 0.958, '计划星期': '周一', '实际主力星期': '周一'}, {'块': '块2', '中心': '22.849,112.998', '计划店': 18, '跑到的计划店': 18, '执行率': 1.0, '计划星期': '周四', '实际主力星期': '周四'}, {'块': '块3', '中心': '22.857,112.706', '计划店': 6, '跑到的计划店': 6, '执行率': 1.0, '计划星期': '周三', '实际主力星期': '周三'}, {'块': '块4', '中心': '22.942,112.805', '计划店': 5, '跑到的计划店': 5, '执行率': 1.0, '计划星期': '周一', '实际主力星期': '周一'}]",4,1.0,1.0,0.958,1.0,,33.4,17.9,175.0,20,12,13.2,"[62, 44, 66, 54, 38, 0, 0]",2.38,1.0,207,28,区块全开·星期照做,"佛山市（高明区×133, 南海区×76）：计划 194 店 / 209 次，分成 4 个区块（最大区块 165 店）。 地盘东西 33.4 × 南北 17.9 km；区块内店距中位 175 m。 节奏：20 个工作日、平均每天 13.2 家店、一天 1.0 个区块、当天作业半径中位 2.38 km；出勤 周一62/周二44/周三66/周四54/周五38；周六、周日 没跑。 ① 区块开工：4 块里他开工了 4 块；② 区块内执行率中位 100%（最弱一块 96%）；③ 区块星期一致 100%。 参考：覆盖 96%、同日 97%、相位 96%、量比 1.26。 结论：**计划怎么划他就怎么做**——区块全开工、区块内做全、星期按计划。"
NP0008452,贵阳市,"南明区×79, 花溪区×7",80,86,249,233,0.9,0.309,0.9,0.907,0.9,2.9,8,1,[80],"[{'块': '块1', '中心': '26.552,106.726', '计划店': 80, '跑到的计划店': 72, '执行率': 0.9, '计划星期': '周二', '实际主力星期': '周二'}]",1,1.0,0.9,0.9,1.0,,10.5,5.8,106.0,13,7,19.2,"[52, 44, 45, 46, 42, 20, 0]",1.17,1.0,218,15,区块全开·星期照做,"贵阳市（南明区×79, 花溪区×7）：计划 80 店 / 86 次，分成 1 个区块（最大区块 80 店）。 地盘东西 10.5 × 南北 5.8 km；区块内店距中位 106 m。 节奏：13 个工作日、平均每天 19.2 家店、一天 1.0 个区块、当天作业半径中位 1.17 km；出勤 周一52/周二44/周三45/周四46/周五42/周六20；周日 没跑。 ① 区块开工：1 块里他开工了 1 块；② 区块内执行率中位 90%（最弱一块 90%）；③ 区块星期一致 100%。 参考：覆盖 90%、同日 91%、相位 90%、量比 2.9。 结论：**计划怎么划他就怎么做**——区块全开工、区块内做全、星期按计划。"
NP0008680,天津市,"南开区×250, 河东区×3",231,255,234,220,0.403,0.423,0.035,0.016,0.234,0.92,138,2,"[226, 5]","[{'块': '块1', '中心': '39.113,117.157', '计划店': 226, '跑到的计划店': 89, '执行率': 0.394, '计划星期': '周一', '实际主力星期': '周四'}, {'块': '块2', '中心': '39.123,117.227', '计划店': 5, '跑到的计划店': 4, '执行率': 0.8, '计划星期': '周二', '实际主力星期': '周一'}]",2,1.0,0.597,0.394,0.5,区块×226店 仅执行 39%,10.9,9.2,64.0,21,5,11.1,"[54, 45, 40, 48, 47, 0, 0]",4.24,1.0,211,9,区块全开·店和星期都有欠,"天津市（南开区×250, 河东区×3）：计划 231 店 / 255 次，分成 2 个区块（最大区块 226 店）。 地盘东西 10.9 × 南北 9.2 km；区块内店距中位 64 m。 节奏：21 个工作日、平均每天 11.1 家店、一天 1.0 个区块、当天作业半径中位 4.24 km；出勤 周一54/周二45/周三40/周四48/周五47；周六、周日 没跑。 ① 区块开工：2 块里他开工了 2 块；② 区块内执行率中位 60%（最弱一块 39%）；③ 区块星期一致 50%。 参考：覆盖 40%、同日 2%、相位 23%、量比 0.92。 结论：区块开了，但店没做全、星期也没守——属于执行力不足，要具体看到底缺在哪块。 最冷的区块（计划内执行率最低）：区块×226店 仅执行 39%。"
NP0008682,宁波市,"鄞州区×84, 北仑区×64",134,150,170,166,0.366,0.295,0.252,0.227,0.313,1.13,85,6,"[76, 28, 23, 5, 1]","[{'块': '块1', '中心': '29.830,121.556', '计划店': 76, '跑到的计划店': 46, '执行率': 0.605, '计划星期': '周四', '实际主力星期': '周五'}, {'块': '块2', '中心': '29.940,121.736', '计划店': 28, '跑到的计划店': 0, '执行率': 0.0, '计划星期': '周一', '实际主力星期': '未开工'}, {'块': '块3', '中心': '29.907,121.816', '计划店': 23, '跑到的计划店': 1, '执行率': 0.043, '计划星期': '周一', '实际主力星期': '周三'}, {'块': '块4', '中心': '29.877,121.926', '计划店': 5, '跑到的计划店': 1, '执行率': 0.2, '计划星期': '周三', '实际主力星期': '周一'}, {'块': '块5', '中心': '29.805,121.605', '计划店': 1, '跑到的计划店': 0, '执行率': 0.0, '计划星期': '周五', '实际主力星期': '未开工'}, {'块': '块6', '中心': '29.766,121.919', '计划店': 1, '跑到的计划店': 1, '执行率': 1.0, '计划星期': '周一', '实际主力星期': '周一'}]",4,0.667,0.122,0.0,0.5,区块×23店 仅执行 4%; 区块×5店 仅执行 20%,40.8,20.8,65.0,11,3,15.5,"[22, 43, 37, 40, 28, 0, 0]",0.91,1.0,162,4,区块缺了没开,"宁波市（鄞州区×84, 北仑区×64）：计划 134 店 / 150 次，分成 6 个区块（最大区块 76 店）。 地盘东西 40.8 × 南北 20.8 km；区块内店距中位 65 m。 节奏：11 个工作日、平均每天 15.5 家店、一天 1.0 个区块、当天作业半径中位 0.91 km；出勤 周一22/周二43/周三37/周四40/周五28；周六、周日 没跑。 ① 区块开工：6 块里他开工了 4 块；② 区块内执行率中位 12%（最弱一块 0%）；③ 区块星期一致 50%。 参考：覆盖 37%、同日 23%、相位 31%、量比 1.13。 结论：**有 2 个区块整块没开工**，但他开的那几块做得很好（执行率与星期都守）——先问为什么不去那几块。 最冷的区块（计划内执行率最低）：区块×23店 仅执行 4%; 区块×5店 仅执行 20%。"
NP0008722,南京市,"建邺区×230, 浦口区×38",233,268,177,159,0.369,0.541,0.249,0.194,0.326,0.66,147,3,"[195, 25, 13]","[{'块': '块1', '中心': '32.007,118.733', '计划店': 195, '跑到的计划店': 82, '执行率': 0.421, '计划星期': '周四', '实际主力星期': '周四'}, {'块': '块2', '中心': '32.056,118.639', '计划店': 25, '跑到的计划店': 1, '执行率': 0.04, '计划星期': '周二', '实际主力星期': '周五'}, {'块': '块3', '中心': '32.127,118.713', '计划店': 13, '跑到的计划店': 3, '执行率': 0.231, '计划星期': '周一', '实际主力星期': '周五'}]",3,1.0,0.231,0.04,0.667,区块×25店 仅执行 4%; 区块×13店 仅执行 23%; 区块×195店 仅执行 42%,15.2,19.6,88.0,20,3,8.8,"[35, 26, 37, 42, 37, 0, 0]",1.41,1.0,141,18,区块全开·店和星期都有欠,"南京市（建邺区×230, 浦口区×38）：计划 233 店 / 268 次，分成 3 个区块（最大区块 195 店）。 地盘东西 15.2 × 南北 19.6 km；区块内店距中位 88 m。 节奏：20 个工作日、平均每天 8.8 家店、一天 1.0 个区块、当天作业半径中位 1.41 km；出勤 周一35/周二26/周三37/周四42/周五37；周六、周日 没跑。 ① 区块开工：3 块里他开工了 3 块；② 区块内执行率中位 23%（最弱一块 4%）；③ 区块星期一致 67%。 参考：覆盖 37%、同日 19%、相位 33%、量比 0.66。 结论：区块开了，但店没做全、星期也没守——属于执行力不足，要具体看到底缺在哪块。 最冷的区块（计划内执行率最低）：区块×25店 仅执行 4%; 区块×13店 仅执行 23%; 区块×195店 仅执行 42%。"
NP0008812,长沙市,"望城区×163, 岳麓区×49",194,212,244,212,1.0,0.915,1.0,1.0,1.0,1.15,0,2,"[192, 2]","[{'块': '块1', '中心': '28.287,112.884', '计划店': 192, '跑到的计划店': 192, '执行率': 1.0, '计划星期': '周一', '实际主力星期': '周一'}, {'块': '块2', '中心': '28.240,112.822', '计划店': 2, '跑到的计划店': 2, '执行率': 1.0, '计划星期': '周三', '实际主力星期': '周三'}]",2,1.0,1.0,1.0,1.0,,14.9,16.4,154.0,19,12,12.8,"[58, 53, 36, 51, 46, 0, 0]",3.42,1.0,180,32,区块全开·星期照做,"长沙市（望城区×163, 岳麓区×49）：计划 194 店 / 212 次，分成 2 个区块（最大区块 192 店）。 地盘东西 14.9 × 南北 16.4 km；区块内店距中位 154 m。 节奏：19 个工作日、平均每天 12.8 家店、一天 1.0 个区块、当天作业半径中位 3.42 km；出勤 周一58/周二53/周三36/周四51/周五46；周六、周日 没跑。 ① 区块开工：2 块里他开工了 2 块；② 区块内执行率中位 100%（最弱一块 100%）；③ 区块星期一致 100%。 参考：覆盖 100%、同日 100%、相位 100%、量比 1.15。 结论：**计划怎么划他就怎么做**——区块全开工、区块内做全、星期按计划。"
NP0008855,阳江市,"阳东区×108, 江城区×36",130,144,252,220,1.0,0.591,1.0,1.0,1.0,1.75,0,6,"[86, 16, 12, 9, 5]","[{'块': '块1', '中心': '21.863,112.016', '计划店': 86, '跑到的计划店': 86, '执行率': 1.0, '计划星期': '周一', '实际主力星期': '周一'}, {'块': '块2', '中心': '21.918,111.949', '计划店': 16, '跑到的计划店': 16, '执行率': 1.0, '计划星期': '周三', '实际主力星期': '周三'}, {'块': '块3', '中心': '21.923,112.069', '计划店': 12, '跑到的计划店': 12, '执行率': 1.0, '计划星期': '周四', '实际主力星期': '周四'}, {'块': '块4', '中心': '21.740,112.233', '计划店': 9, '跑到的计划店': 9, '执行率': 1.0, '计划星期': '周三', '实际主力星期': '周三'}, {'块': '块5', '中心': '21.959,112.129', '计划店': 5, '跑到的计划店': 5, '执行率': 1.0, '计划星期': '周二', '实际主力星期': '周二'}, {'块': '块6', '中心': '21.951,111.869', '计划店': 2, '跑到的计划店': 2, '执行率': 1.0, '计划星期': '周三', '实际主力星期': '周三'}]",6,1.0,1.0,1.0,1.0,,39.5,25.6,135.0,15,12,16.8,"[60, 48, 48, 48, 48, 0, 0]",7.24,2.0,189,31,区块全开·星期照做,"阳江市（阳东区×108, 江城区×36）：计划 130 店 / 144 次，分成 6 个区块（最大区块 86 店）。 地盘东西 39.5 × 南北 25.6 km；区块内店距中位 135 m。 节奏：15 个工作日、平均每天 16.8 家店、一天 2.0 个区块、当天作业半径中位 7.24 km；出勤 周一60/周二48/周三48/周四48/周五48；周六、周日 没跑。 ① 区块开工：6 块里他开工了 6 块；② 区块内执行率中位 100%（最弱一块 100%）；③ 区块星期一致 100%。 参考：覆盖 100%、同日 100%、相位 100%、量比 1.75。 结论：**计划怎么划他就怎么做**——区块全开工、区块内做全、星期按计划。"
NP0008869,成都市,"成华区×25, 龙泉驿区×21",46,47,261,236,0.935,0.182,0.936,0.936,0.935,5.55,3,3,"[43, 2, 1]","[{'块': '块1', '中心': '30.662,104.151', '计划店': 43, '跑到的计划店': 40, '执行率': 0.93, '计划星期': '周二', '实际主力星期': '周二'}, {'块': '块2', '中心': '30.648,104.258', '计划店': 2, '跑到的计划店': 2, '执行率': 1.0, '计划星期': '周四', '实际主力星期': '周四'}, {'块': '块3', '中心': '30.578,104.072', '计划店': 1, '跑到的计划店': 1, '执行率': 1.0, '计划星期': '周三', '实际主力星期': '周三'}]",3,1.0,1.0,0.93,1.0,,18.6,12.6,47.0,10,3,26.1,"[57, 56, 58, 55, 35, 0, 0]",1.67,1.0,214,22,区块全开·星期照做,"成都市（成华区×25, 龙泉驿区×21）：计划 46 店 / 47 次，分成 3 个区块（最大区块 43 店）。 地盘东西 18.6 × 南北 12.6 km；区块内店距中位 47 m。 节奏：10 个工作日、平均每天 26.1 家店、一天 1.0 个区块、当天作业半径中位 1.67 km；出勤 周一57/周二56/周三58/周四55/周五35；周六、周日 没跑。 ① 区块开工：3 块里他开工了 3 块；② 区块内执行率中位 100%（最弱一块 93%）；③ 区块星期一致 100%。 参考：覆盖 94%、同日 94%、相位 94%、量比 5.55。 结论：**计划怎么划他就怎么做**——区块全开工、区块内做全、星期按计划。"
NP0008904,西安市,"未央区×135, 莲湖区×69",193,209,339,291,0.891,0.591,0.881,0.876,0.881,1.62,21,4,"[189, 2, 1, 1]","[{'块': '块1', '中心': '34.297,108.884', '计划店': 189, '跑到的计划店': 168, '执行率': 0.889, '计划星期': '周三', '实际主力星期': '周三'}, {'块': '块2', '中心': '34.335,109.008', '计划店': 2, '跑到的计划店': 2, '执行率': 1.0, '计划星期': '周四', '实际主力星期': '周四'}, {'块': '块3', '中心': '34.378,109.029', '计划店': 1, '跑到的计划店': 1, '执行率': 1.0, '计划星期': '周四', '实际主力星期': '周四'}, {'块': '块4', '中心': '34.292,109.084', '计划店': 1, '跑到的计划店': 1, '执行率': 1.0, '计划星期': '周四', '实际主力星期': '周四'}]",4,1.0,1.0,0.889,1.0,,24.7,16.2,77.0,20,11,16.9,"[71, 75, 65, 64, 64, 0, 0]",3.83,1.0,248,43,区块全开·星期照做,"西安市（未央区×135, 莲湖区×69）：计划 193 店 / 209 次，分成 4 个区块（最大区块 189 店）。 地盘东西 24.7 × 南北 16.2 km；区块内店距中位 77 m。 节奏：20 个工作日、平均每天 16.9 家店、一天 1.0 个区块、当天作业半径中位 3.83 km；出勤 周一71/周二75/周三65/周四64/周五64；周六、周日 没跑。 ① 区块开工：4 块里他开工了 4 块；② 区块内执行率中位 100%（最弱一块 89%）；③ 区块星期一致 100%。 参考：覆盖 89%、同日 88%、相位 88%、量比 1.62。 结论：**计划怎么划他就怎么做**——区块全开工、区块内做全、星期按计划。"
NP0008997,佛山市,"南海区×210, 禅城区×1",198,211,254,230,0.975,0.839,0.975,0.976,0.975,1.2,5,1,[198],"[{'块': '块1', '中心': '23.106,113.133', '计划店': 198, '跑到的计划店': 193, '执行率': 0.975, '计划星期': '周一', '实际主力星期': '周一'}]",1,1.0,0.975,0.975,1.0,,15.8,11.4,117.0,19,12,13.4,"[72, 45, 62, 35, 40, 0, 0]",2.44,1.0,207,23,区块全开·星期照做,"佛山市（南海区×210, 禅城区×1）：计划 198 店 / 211 次，分成 1 个区块（最大区块 198 店）。 地盘东西 15.8 × 南北 11.4 km；区块内店距中位 117 m。 节奏：19 个工作日、平均每天 13.4 家店、一天 1.0 个区块、当天作业半径中位 2.44 km；出勤 周一72/周二45/周三62/周四35/周五40；周六、周日 没跑。 ① 区块开工：1 块里他开工了 1 块；② 区块内执行率中位 98%（最弱一块 98%）；③ 区块星期一致 100%。 参考：覆盖 98%、同日 98%、相位 98%、量比 1.2。 结论：**计划怎么划他就怎么做**——区块全开工、区块内做全、星期按计划。"
NP0009078,大连市,"甘井子区×10, 沙河口区×1",11,11,241,204,0.818,0.044,0.727,0.727,0.727,21.91,2,2,"[10, 1]","[{'块': '块1', '中心': '38.863,121.521', '计划店': 10, '跑到的计划店': 9, '执行率': 0.9, '计划星期': '周一', '实际主力星期': '周一'}, {'块': '块2', '中心': '38.917,121.543', '计划店': 1, '跑到的计划店': 0, '执行率': 0.0, '计划星期': '周一', '实际主力星期': '未开工'}]",1,0.5,0.45,0.0,1.0,,3.2,8.7,208.0,5,1,48.2,"[61, 46, 46, 37, 51, 0, 0]",0.51,1.0,169,35,区块大面积没开工,"大连市（甘井子区×10, 沙河口区×1）：计划 11 店 / 11 次，分成 2 个区块（最大区块 10 店）。 地盘东西 3.2 × 南北 8.7 km；区块内店距中位 208 m。 节奏：5 个工作日、平均每天 48.2 家店、一天 1.0 个区块、当天作业半径中位 0.51 km；出勤 周一61/周二46/周三46/周四37/周五51；周六、周日 没跑。 ① 区块开工：2 块里他开工了 1 块；② 区块内执行率中位 45%（最弱一块 0%）；③ 区块星期一致 100%。 参考：覆盖 82%、同日 73%、相位 73%、量比 21.91。 结论：**有区块整块没开工**（1 块），先问为什么不去，而不是谈执行率。"
NP0009098,达州市,"通川区×112, 达川区×3",103,115,229,154,0.981,0.656,0.981,0.974,0.981,1.99,2,1,[103],"[{'块': '块1', '中心': '31.214,107.472', '计划店': 103, '跑到的计划店': 101, '执行率': 0.981, '计划星期': '周一', '实际主力星期': '周一'}]",1,1.0,0.981,0.981,1.0,,5.4,7.0,110.0,24,7,9.5,"[47, 43, 40, 43, 39, 17, 0]",1.21,1.0,105,49,区块全开·星期照做,"达州市（通川区×112, 达川区×3）：计划 103 店 / 115 次，分成 1 个区块（最大区块 103 店）。 地盘东西 5.4 × 南北 7.0 km；区块内店距中位 110 m。 节奏：24 个工作日、平均每天 9.5 家店、一天 1.0 个区块、当天作业半径中位 1.21 km；出勤 周一47/周二43/周三40/周四43/周五39/周六17；周日 没跑。 ① 区块开工：1 块里他开工了 1 块；② 区块内执行率中位 98%（最弱一块 98%）；③ 区块星期一致 100%。 参考：覆盖 98%、同日 97%、相位 98%、量比 1.99。 结论：**计划怎么划他就怎么做**——区块全开工、区块内做全、星期按计划。"
NP0009123,宁波市,"江北区×109, 鄞州区×53",148,166,282,242,0.905,0.554,0.608,0.554,0.824,1.7,14,6,"[95, 44, 6, 1, 1]","[{'块': '块1', '中心': '29.920,121.521', '计划店': 95, '跑到的计划店': 87, '执行率': 0.916, '计划星期': '周二', '实际主力星期': '周二'}, {'块': '块2', '中心': '29.816,121.542', '计划店': 44, '跑到的计划店': 41, '执行率': 0.932, '计划星期': '周一', '实际主力星期': '周五'}, {'块': '块3', '中心': '29.925,121.591', '计划店': 6, '跑到的计划店': 5, '执行率': 0.833, '计划星期': '周三', '实际主力星期': '周三'}, {'块': '块4', '中心': '29.784,121.488', '计划店': 1, '跑到的计划店': 0, '执行率': 0.0, '计划星期': '周五', '实际主力星期': '未开工'}, {'块': '块5', '中心': '29.859,121.613', '计划店': 1, '跑到的计划店': 1, '执行率': 1.0, '计划星期': '周一', '实际主力星期': '周一'}, {'块': '块6', '中心': '29.989,121.410', '计划店': 1, '跑到的计划店': 0, '执行率': 0.0, '计划星期': '周五', '实际主力星期': '未开工'}]",4,0.667,0.875,0.0,1.0,,19.5,22.7,68.0,18,9,15.7,"[48, 80, 39, 66, 45, 4, 0]",3.3,1.0,207,35,区块缺了没开,"宁波市（江北区×109, 鄞州区×53）：计划 148 店 / 166 次，分成 6 个区块（最大区块 95 店）。 地盘东西 19.5 × 南北 22.7 km；区块内店距中位 68 m。 节奏：18 个工作日、平均每天 15.7 家店、一天 1.0 个区块、当天作业半径中位 3.3 km；出勤 周一48/周二80/周三39/周四66/周五45/周六4；周日 没跑。 ① 区块开工：6 块里他开工了 4 块；② 区块内执行率中位 88%（最弱一块 0%）；③ 区块星期一致 100%。 参考：覆盖 90%、同日 55%、相位 82%、量比 1.7。 结论：**有 2 个区块整块没开工**，但他开的那几块做得很好（执行率与星期都守）——先问为什么不去那几块。"
NP0009132,青岛市,黄岛区×263,223,263,300,212,0.556,0.585,0.287,0.259,0.39,1.14,99,4,"[192, 23, 7, 1]","[{'块': '块1', '中心': '35.956,120.134', '计划店': 192, '跑到的计划店': 108, '执行率': 0.562, '计划星期': '周三', '实际主力星期': '周五'}, {'块': '块2', '中心': '36.037,120.220', '计划店': 23, '跑到的计划店': 15, '执行率': 0.652, '计划星期': '周一', '实际主力星期': '周一'}, {'块': '块3', '中心': '36.075,120.119', '计划店': 7, '跑到的计划店': 1, '执行率': 0.143, '计划星期': '周一', '实际主力星期': '周五'}, {'块': '块4', '中心': '35.826,120.019', '计划店': 1, '跑到的计划店': 0, '执行率': 0.0, '计划星期': '周三', '实际主力星期': '未开工'}]",3,0.75,0.353,0.0,0.667,区块×7店 仅执行 14%; 区块×192店 仅执行 56%,21.4,29.9,59.0,20,6,15.0,"[37, 24, 27, 42, 79, 5, 86]",1.76,1.0,144,68,区块缺了没开,青岛市（黄岛区×263）：计划 223 店 / 263 次，分成 4 个区块（最大区块 192 店）。 地盘东西 21.4 × 南北 29.9 km；区块内店距中位 59 m。 节奏：20 个工作日、平均每天 15.0 家店、一天 1.0 个区块、当天作业半径中位 1.76 km；出勤 周一37/周二24/周三27/周四42/周五79/周六5/周日86。 ① 区块开工：4 块里他开工了 3 块；② 区块内执行率中位 35%（最弱一块 0%）；③ 区块星期一致 67%。 参考：覆盖 56%、同日 26%、相位 39%、量比 1.14。 结论：**有 1 个区块整块没开工**，但他开的那几块做得很好（执行率与星期都守）——先问为什么不去那几块。 最冷的区块（计划内执行率最低）：区块×7店 仅执行 14%; 区块×192店 仅执行 56%。
NP0009135,东莞市,东莞市×234,213,234,242,200,0.808,0.86,0.821,0.821,0.808,1.03,41,1,[213],"[{'块': '块1', '中心': '23.092,113.822', '计划店': 213, '跑到的计划店': 172, '执行率': 0.808, '计划星期': '周一', '实际主力星期': '周一'}]",1,1.0,0.808,0.808,1.0,,19.2,9.8,128.0,20,11,12.1,"[61, 49, 48, 48, 36, 0, 0]",1.89,1.0,166,34,区块全开·区块内欠访,东莞市（东莞市×234）：计划 213 店 / 234 次，分成 1 个区块（最大区块 213 店）。 地盘东西 19.2 × 南北 9.8 km；区块内店距中位 128 m。 节奏：20 个工作日、平均每天 12.1 家店、一天 1.0 个区块、当天作业半径中位 1.89 km；出勤 周一61/周二49/周三48/周四48/周五36；周六、周日 没跑。 ① 区块开工：1 块里他开工了 1 块；② 区块内执行率中位 81%（最弱一块 81%）；③ 区块星期一致 100%。 参考：覆盖 81%、同日 82%、相位 81%、量比 1.03。 结论：区块都开了、星期也守，但**区块内没做全**（存在欠访）。
NP0009147,南京市,"江宁区×220, 雨花台区×8",217,230,261,227,0.765,0.731,0.765,0.765,0.765,1.13,51,12,"[153, 19, 14, 11, 9]","[{'块': '块1', '中心': '31.946,118.844', '计划店': 153, '跑到的计划店': 114, '执行率': 0.745, '计划星期': '周二', '实际主力星期': '周三'}, {'块': '块2', '中心': '32.046,118.923', '计划店': 19, '跑到的计划店': 18, '执行率': 0.947, '计划星期': '周一', '实际主力星期': '周一'}, {'块': '块3', '中心': '32.056,119.056', '计划店': 14, '跑到的计划店': 11, '执行率': 0.786, '计划星期': '周一', '实际主力星期': '周一'}, {'块': '块4', '中心': '31.775,118.857', '计划店': 11, '跑到的计划店': 9, '执行率': 0.818, '计划星期': '周四', '实际主力星期': '周四'}, {'块': '块5', '中心': '31.703,118.881', '计划店': 9, '跑到的计划店': 7, '执行率': 0.778, '计划星期': '周四', '实际主力星期': '周四'}, {'块': '块6', '中心': '31.979,118.927', '计划店': 2, '跑到的计划店': 1, '执行率': 0.5, '计划星期': '周一', '实际主力星期': '周一'}, {'块': '块7', '中心': '31.869,118.771', '计划店': 2, '跑到的计划店': 2, '执行率': 1.0, '计划星期': '周四', '实际主力星期': '周四'}, {'块': '块8', '中心': '31.854,118.836', '计划店': 2, '跑到的计划店': 1, '执行率': 0.5, '计划星期': '周四', '实际主力星期': '周四'}, {'块': '块9', '中心': '31.790,118.812', '计划店': 2, '跑到的计划店': 2, '执行率': 1.0, '计划星期': '周四', '实际主力星期': '周四'}, {'块': '块10', '中心': '31.931,118.938', '计划店': 1, '跑到的计划店': 1, '执行率': 1.0, '计划星期': '周一', '实际主力星期': '周一'}, {'块': '块11', '中心': '31.882,118.854', '计划店': 1, '跑到的计划店': 0, '执行率': 0.0, '计划星期': '周四', '实际主力星期': '未开工'}, {'块': '块12', '中心': '31.637,119.027', '计划店': 1, '跑到的计划店': 0, '执行率': 0.0, '计划星期': '周四', '实际主力星期': '未开工'}]",10,0.833,0.782,0.0,1.0,区块×2店 仅执行 50%; 区块×2店 仅执行 50%,28.0,46.9,114.0,19,11,13.7,"[79, 41, 40, 44, 55, 0, 2]",5.87,1.0,196,31,区块缺了没开,"南京市（江宁区×220, 雨花台区×8）：计划 217 店 / 230 次，分成 12 个区块（最大区块 153 店）。 地盘东西 28.0 × 南北 46.9 km；区块内店距中位 114 m。 节奏：19 个工作日、平均每天 13.7 家店、一天 1.0 个区块、当天作业半径中位 5.87 km；出勤 周一79/周二41/周三40/周四44/周五55/周日2；周六 没跑。 ① 区块开工：12 块里他开工了 10 块；② 区块内执行率中位 78%（最弱一块 0%）；③ 区块星期一致 100%。 参考：覆盖 76%、同日 76%、相位 76%、量比 1.13。 结论：**有 2 个区块整块没开工**，但他开的那几块做得很好（执行率与星期都守）——先问为什么不去那几块。 最冷的区块（计划内执行率最低）：区块×2店 仅执行 50%; 区块×2店 仅执行 50%。"
NP0009223,金华市,330783×194,194,194,226,225,0.954,0.822,0.866,0.825,0.84,1.16,9,6,"[169, 18, 3, 2, 1]","[{'块': '块1', '中心': '29.280,120.230', '计划店': 169, '跑到的计划店': 160, '执行率': 0.947, '计划星期': '周一', '实际主力星期': '周一'}, {'块': '块2', '中心': '29.152,120.317', '计划店': 18, '跑到的计划店': 18, '执行率': 1.0, '计划星期': '周二', '实际主力星期': '周二'}, {'块': '块3', '中心': '29.289,120.078', '计划店': 3, '跑到的计划店': 3, '执行率': 1.0, '计划星期': '周二', '实际主力星期': '周二'}, {'块': '块4', '中心': '29.306,120.008', '计划店': 2, '跑到的计划店': 2, '执行率': 1.0, '计划星期': '周二', '实际主力星期': '周二'}, {'块': '块5', '中心': '29.330,120.057', '计划店': 1, '跑到的计划店': 1, '执行率': 1.0, '计划星期': '周二', '实际主力星期': '周二'}, {'块': '块6', '中心': '29.155,120.373', '计划店': 1, '跑到的计划店': 1, '执行率': 1.0, '计划星期': '周二', '实际主力星期': '周二'}]",6,1.0,1.0,0.947,1.0,,35.4,21.1,59.0,17,12,13.3,"[55, 48, 40, 39, 44, 0, 0]",1.36,1.0,224,1,区块全开·星期照做,金华市（330783×194）：计划 194 店 / 194 次，分成 6 个区块（最大区块 169 店）。 地盘东西 35.4 × 南北 21.1 km；区块内店距中位 59 m。 节奏：17 个工作日、平均每天 13.3 家店、一天 1.0 个区块、当天作业半径中位 1.36 km；出勤 周一55/周二48/周三40/周四39/周五44；周六、周日 没跑。 ① 区块开工：6 块里他开工了 6 块；② 区块内执行率中位 100%（最弱一块 95%）；③ 区块星期一致 100%。 参考：覆盖 95%、同日 82%、相位 84%、量比 1.16。 结论：**计划怎么划他就怎么做**——区块全开工、区块内做全、星期按计划。
NP0009295,苏州市,"吴江区×167, 吴中区×67",208,234,191,172,0.822,0.994,0.824,0.791,0.817,0.82,37,21,"[80, 21, 21, 18, 12]","[{'块': '块1', '中心': '31.169,120.688', '计划店': 80, '跑到的计划店': 71, '执行率': 0.887, '计划星期': '周一', '实际主力星期': '周一'}, {'块': '块2', '中心': '31.147,120.486', '计划店': 21, '跑到的计划店': 17, '执行率': 0.81, '计划星期': '周五', '实际主力星期': '周五'}, {'块': '块3', '中心': '31.029,120.847', '计划店': 21, '跑到的计划店': 16, '执行率': 0.762, '计划星期': '周二', '实际主力星期': '周二'}, {'块': '块4', '中心': '30.994,120.711', '计划店': 18, '跑到的计划店': 16, '执行率': 0.889, '计划星期': '周三', '实际主力星期': '周三'}, {'块': '块5', '中心': '31.091,120.406', '计划店': 12, '跑到的计划店': 10, '执行率': 0.833, '计划星期': '周四', '实际主力星期': '周四'}, {'块': '块6', '中心': '31.096,120.782', '计划店': 12, '跑到的计划店': 11, '执行率': 0.917, '计划星期': '周四', '实际主力星期': '周四'}, {'块': '块7', '中心': '31.145,120.777', '计划店': 9, '跑到的计划店': 0, '执行率': 0.0, '计划星期': '周一', '实际主力星期': '未开工'}, {'块': '块8', '中心': '31.191,120.364', '计划店': 5, '跑到的计划店': 5, '执行率': 1.0, '计划星期': '周三', '实际主力星期': '周三'}, {'块': '块9', '中心': '31.069,120.279', '计划店': 5, '跑到的计划店': 5, '执行率': 1.0, '计划星期': '周四', '实际主力星期': '周四'}, {'块': '块10', '中心': '31.144,120.329', '计划店': 4, '跑到的计划店': 3, '执行率': 0.75, '计划星期': '周三', '实际主力星期': '周三'}, {'块': '块11', '中心': '31.071,120.674', '计划店': 3, '跑到的计划店': 2, '执行率': 0.667, '计划星期': '周五', '实际主力星期': '周五'}, {'块': '块12', '中心': '31.147,120.548', '计划店': 3, '跑到的计划店': 2, '执行率': 0.667, '计划星期': '周二', '实际主力星期': '周二'}, {'块': '块13', '中心': '31.117,120.235', '计划店': 3, '跑到的计划店': 3, '执行率': 1.0, '计划星期': '周四', '实际主力星期': '周四'}, {'块': '块14', '中心': '31.113,120.683', '计划店': 2, '跑到的计划店': 2, '执行率': 1.0, '计划星期': '周五', '实际主力星期': '周五'}, {'块': '块15', '中心': '31.184,120.587', '计划店': 2, '跑到的计划店': 2, '执行率': 1.0, '计划星期': '周三', '实际主力星期': '周三'}, {'块': '块16', '中心': '31.120,120.305', '计划店': 2, '跑到的计划店': 2, '执行率': 1.0, '计划星期': '周三', '实际主力星期': '周三'}, {'块': '块17', '中心': '31.053,120.888', '计划店': 2, '跑到的计划店': 1, '执行率': 0.5, '计划星期': '周五', '实际主力星期': '周五'}, {'块': '块18', '中心': '31.058,120.395', '计划店': 1, '跑到的计划店': 1, '执行率': 1.0, '计划星期': '周四', '实际主力星期': '周四'}, {'块': '块19', '中心': '31.052,120.788', '计划店': 1, '跑到的计划店': 0, '执行率': 0.0, '计划星期': '周四', '实际主力星期': '未开工'}, {'块': '块20', '中心': '30.983,120.754', '计划店': 1, '跑到的计划店': 1, '执行率': 1.0, '计划星期': '周五', '实际主力星期': '周五'}, {'块': '块21', '中心': '31.143,120.270', '计划店': 1, '跑到的计划店': 1, '执行率': 1.0, '计划星期': '周四', '实际主力星期': '周四'}]",19,0.905,0.889,0.0,1.0,区块×2店 仅执行 50%,62.8,25.6,129.0,20,10,9.6,"[42, 38, 39, 36, 36, 0, 0]",8.42,2.5,153,19,区块全开·星期照做,"苏州市（吴江区×167, 吴中区×67）：计划 208 店 / 234 次，分成 21 个区块（最大区块 80 店）。 地盘东西 62.8 × 南北 25.6 km；区块内店距中位 129 m。 节奏：20 个工作日、平均每天 9.6 家店、一天 2.5 个区块、当天作业半径中位 8.42 km；出勤 周一42/周二38/周三39/周四36/周五36；周六、周日 没跑。 ① 区块开工：21 块里他开工了 19 块；② 区块内执行率中位 89%（最弱一块 0%）；③ 区块星期一致 100%。 参考：覆盖 82%、同日 79%、相位 82%、量比 0.82。 结论：**计划怎么划他就怎么做**——区块全开工、区块内做全、星期按计划。 最冷的区块（计划内执行率最低）：区块×2店 仅执行 50%。"
NP0009377,唐山市,"遵化市×47, 迁西县×14",67,71,91,82,0.418,0.341,0.268,0.225,0.313,1.28,39,10,"[37, 14, 5, 3, 2]","[{'块': '块1', '中心': '40.197,117.964', '计划店': 37, '跑到的计划店': 15, '执行率': 0.405, '计划星期': '周四', '实际主力星期': '周一'}, {'块': '块2', '中心': '40.134,118.306', '计划店': 14, '跑到的计划店': 6, '执行率': 0.429, '计划星期': '周三', '实际主力星期': '周三'}, {'块': '块3', '中心': '39.889,117.734', '计划店': 5, '跑到的计划店': 3, '执行率': 0.6, '计划星期': '周二', '实际主力星期': '周二'}, {'块': '块4', '中心': '40.124,117.710', '计划店': 3, '跑到的计划店': 1, '执行率': 0.333, '计划星期': '周五', '实际主力星期': '周一'}, {'块': '块5', '中心': '40.208,117.769', '计划店': 2, '跑到的计划店': 0, '执行率': 0.0, '计划星期': '周五', '实际主力星期': '未开工'}, {'块': '块6', '中心': '40.207,118.056', '计划店': 2, '跑到的计划店': 2, '执行率': 1.0, '计划星期': '周四', '实际主力星期': '周四'}, {'块': '块7', '中心': '39.642,118.128', '计划店': 1, '跑到的计划店': 0, '执行率': 0.0, '计划星期': '周二', '实际主力星期': '未开工'}, {'块': '块8', '中心': '40.190,117.700', '计划店': 1, '跑到的计划店': 0, '执行率': 0.0, '计划星期': '周五', '实际主力星期': '未开工'}, {'块': '块9', '中心': '40.159,117.836', '计划店': 1, '跑到的计划店': 0, '执行率': 0.0, '计划星期': '周五', '实际主力星期': '未开工'}, {'块': '块10', '中心': '39.751,117.838', '计划店': 1, '跑到的计划店': 1, '执行率': 1.0, '计划星期': '周二', '实际主力星期': '周三'}]",6,0.6,0.369,0.0,0.667,区块×3店 仅执行 33%; 区块×37店 仅执行 41%; 区块×14店 仅执行 43%,53.3,63.5,186.0,11,3,8.3,"[22, 25, 21, 17, 6, 0, 0]",1.95,1.0,73,9,区块缺了没开,"唐山市（遵化市×47, 迁西县×14）：计划 67 店 / 71 次，分成 10 个区块（最大区块 37 店）。 地盘东西 53.3 × 南北 63.5 km；区块内店距中位 186 m。 节奏：11 个工作日、平均每天 8.3 家店、一天 1.0 个区块、当天作业半径中位 1.95 km；出勤 周一22/周二25/周三21/周四17/周五6；周六、周日 没跑。 ① 区块开工：10 块里他开工了 6 块；② 区块内执行率中位 37%（最弱一块 0%）；③ 区块星期一致 67%。 参考：覆盖 42%、同日 22%、相位 31%、量比 1.28。 结论：**有 4 个区块整块没开工**，但他开的那几块做得很好（执行率与星期都守）——先问为什么不去那几块。 最冷的区块（计划内执行率最低）：区块×3店 仅执行 33%; 区块×37店 仅执行 41%; 区块×14店 仅执行 43%。"
NP0009432,广州市,花都区×274,252,274,251,228,0.897,0.991,0.897,0.905,0.897,0.92,26,2,"[248, 4]","[{'块': '块1', '中心': '23.399,113.244', '计划店': 248, '跑到的计划店': 223, '执行率': 0.899, '计划星期': '周一', '实际主力星期': '周一'}, {'块': '块2', '中心': '23.442,113.415', '计划店': 4, '跑到的计划店': 3, '执行率': 0.75, '计划星期': '周五', '实际主力星期': '周五'}]",2,1.0,0.825,0.75,1.0,,24.6,14.6,114.0,21,12,12.0,"[58, 48, 50, 47, 48, 0, 0]",2.5,1.0,205,23,区块全开·区块内欠访,广州市（花都区×274）：计划 252 店 / 274 次，分成 2 个区块（最大区块 248 店）。 地盘东西 24.6 × 南北 14.6 km；区块内店距中位 114 m。 节奏：21 个工作日、平均每天 12.0 家店、一天 1.0 个区块、当天作业半径中位 2.5 km；出勤 周一58/周二48/周三50/周四47/周五48；周六、周日 没跑。 ① 区块开工：2 块里他开工了 2 块；② 区块内执行率中位 82%（最弱一块 75%）；③ 区块星期一致 100%。 参考：覆盖 90%、同日 90%、相位 90%、量比 0.92。 结论：区块都开了、星期也守，但**区块内没做全**（存在欠访）。
NP0009462,上海市,"徐汇区×66, 长宁区×1",67,67,312,259,0.896,0.232,0.896,0.896,0.896,4.66,7,1,[67],"[{'块': '块1', '中心': '31.197,121.450', '计划店': 67, '跑到的计划店': 60, '执行率': 0.896, '计划星期': '周二', '实际主力星期': '周四'}]",1,1.0,0.896,0.896,1.0,,2.3,6.7,70.0,11,5,28.4,"[59, 63, 56, 62, 55, 17, 0]",1.06,1.0,219,40,区块全开·星期照做,"上海市（徐汇区×66, 长宁区×1）：计划 67 店 / 67 次，分成 1 个区块（最大区块 67 店）。 地盘东西 2.3 × 南北 6.7 km；区块内店距中位 70 m。 节奏：11 个工作日、平均每天 28.4 家店、一天 1.0 个区块、当天作业半径中位 1.06 km；出勤 周一59/周二63/周三56/周四62/周五55/周六17；周日 没跑。 ① 区块开工：1 块里他开工了 1 块；② 区块内执行率中位 90%（最弱一块 90%）；③ 区块星期一致 100%。 参考：覆盖 90%、同日 90%、相位 90%、量比 4.66。 结论：**计划怎么划他就怎么做**——区块全开工、区块内做全、星期按计划。"
NP0009527,合肥市,"包河区×135, 蜀山区×54",163,189,215,184,0.975,0.864,0.975,0.979,0.975,1.14,4,2,"[161, 2]","[{'块': '块1', '中心': '31.740,117.281', '计划店': 161, '跑到的计划店': 157, '执行率': 0.975, '计划星期': '周一', '实际主力星期': '周五'}, {'块': '块2', '中心': '31.821,117.293', '计划店': 2, '跑到的计划店': 2, '执行率': 1.0, '计划星期': '周三', '实际主力星期': '周三'}]",2,1.0,0.988,0.975,1.0,,8.4,13.7,69.0,19,10,11.3,"[46, 34, 43, 50, 42, 0, 0]",2.51,1.0,156,28,区块全开·星期照做,"合肥市（包河区×135, 蜀山区×54）：计划 163 店 / 189 次，分成 2 个区块（最大区块 161 店）。 地盘东西 8.4 × 南北 13.7 km；区块内店距中位 69 m。 节奏：19 个工作日、平均每天 11.3 家店、一天 1.0 个区块、当天作业半径中位 2.51 km；出勤 周一46/周二34/周三43/周四50/周五42；周六、周日 没跑。 ① 区块开工：2 块里他开工了 2 块；② 区块内执行率中位 99%（最弱一块 98%）；③ 区块星期一致 100%。 参考：覆盖 98%、同日 98%、相位 98%、量比 1.14。 结论：**计划怎么划他就怎么做**——区块全开工、区块内做全、星期按计划。"
NP0009568,石家庄市,"栾城区×140, 长安区×126",253,274,223,206,0.51,0.626,0.154,0.102,0.312,0.81,124,3,"[127, 125, 1]","[{'块': '块1', '中心': '38.065,114.512', '计划店': 127, '跑到的计划店': 64, '执行率': 0.504, '计划星期': '周三', '实际主力星期': '周二'}, {'块': '块2', '中心': '37.917,114.631', '计划店': 125, '跑到的计划店': 65, '执行率': 0.52, '计划星期': '周四', '实际主力星期': '周一'}, {'块': '块3', '中心': '38.004,114.640', '计划店': 1, '跑到的计划店': 0, '执行率': 0.0, '计划星期': '周一', '实际主力星期': '未开工'}]",2,0.667,0.504,0.0,1.0,区块×127店 仅执行 50%; 区块×125店 仅执行 52%,16.5,24.1,70.0,17,9,13.1,"[63, 51, 40, 47, 16, 6, 0]",6.1,1.0,191,15,区块缺了没开,"石家庄市（栾城区×140, 长安区×126）：计划 253 店 / 274 次，分成 3 个区块（最大区块 127 店）。 地盘东西 16.5 × 南北 24.1 km；区块内店距中位 70 m。 节奏：17 个工作日、平均每天 13.1 家店、一天 1.0 个区块、当天作业半径中位 6.1 km；出勤 周一63/周二51/周三40/周四47/周五16/周六6；周日 没跑。 ① 区块开工：3 块里他开工了 2 块；② 区块内执行率中位 50%（最弱一块 0%）；③ 区块星期一致 100%。 参考：覆盖 51%、同日 10%、相位 31%、量比 0.81。 结论：**有 1 个区块整块没开工**，但他开的那几块做得很好（执行率与星期都守）——先问为什么不去那几块。 最冷的区块（计划内执行率最低）：区块×127店 仅执行 50%; 区块×125店 仅执行 52%。"
NP0009581,成都市,"青羊区×31, 武侯区×6",36,37,280,206,1.0,0.175,1.0,1.0,1.0,7.57,0,1,[36],"[{'块': '块1', '中心': '30.667,103.975', '计划店': 36, '跑到的计划店': 36, '执行率': 1.0, '计划星期': '周三', '实际主力星期': '周一'}]",1,1.0,1.0,1.0,1.0,,4.4,3.1,110.0,17,3,16.5,"[67, 54, 50, 54, 25, 30, 0]",0.43,1.0,147,59,区块全开·星期照做,"成都市（青羊区×31, 武侯区×6）：计划 36 店 / 37 次，分成 1 个区块（最大区块 36 店）。 地盘东西 4.4 × 南北 3.1 km；区块内店距中位 110 m。 节奏：17 个工作日、平均每天 16.5 家店、一天 1.0 个区块、当天作业半径中位 0.43 km；出勤 周一67/周二54/周三50/周四54/周五25/周六30；周日 没跑。 ① 区块开工：1 块里他开工了 1 块；② 区块内执行率中位 100%（最弱一块 100%）；③ 区块星期一致 100%。 参考：覆盖 100%、同日 100%、相位 100%、量比 7.57。 结论：**计划怎么划他就怎么做**——区块全开工、区块内做全、星期按计划。"
NP0009660,福州市,仓山区×251,231,251,257,233,0.983,0.974,0.983,0.984,0.983,1.02,4,1,[231],"[{'块': '块1', '中心': '26.042,119.264', '计划店': 231, '跑到的计划店': 227, '执行率': 0.983, '计划星期': '周一', '实际主力星期': '周一'}]",1,1.0,0.983,0.983,1.0,,6.1,9.6,57.0,21,12,12.2,"[63, 48, 49, 49, 48, 0, 0]",1.12,1.0,209,24,区块全开·星期照做,福州市（仓山区×251）：计划 231 店 / 251 次，分成 1 个区块（最大区块 231 店）。 地盘东西 6.1 × 南北 9.6 km；区块内店距中位 57 m。 节奏：21 个工作日、平均每天 12.2 家店、一天 1.0 个区块、当天作业半径中位 1.12 km；出勤 周一63/周二48/周三49/周四49/周五48；周六、周日 没跑。 ① 区块开工：1 块里他开工了 1 块；② 区块内执行率中位 98%（最弱一块 98%）；③ 区块星期一致 100%。 参考：覆盖 98%、同日 98%、相位 98%、量比 1.02。 结论：**计划怎么划他就怎么做**——区块全开工、区块内做全、星期按计划。
NP0009668,杭州市,"拱墅区×137, 西湖区×115",232,252,197,179,0.677,0.877,0.659,0.615,0.664,0.78,75,1,[232],"[{'块': '块1', '中心': '30.296,120.127', '计划店': 232, '跑到的计划店': 157, '执行率': 0.677, '计划星期': '周一', '实际主力星期': '周一'}]",1,1.0,0.677,0.677,1.0,,7.4,6.0,51.0,21,9,9.4,"[47, 41, 38, 45, 26, 0, 0]",1.24,1.0,162,17,区块全开·区块内欠访,"杭州市（拱墅区×137, 西湖区×115）：计划 232 店 / 252 次，分成 1 个区块（最大区块 232 店）。 地盘东西 7.4 × 南北 6.0 km；区块内店距中位 51 m。 节奏：21 个工作日、平均每天 9.4 家店、一天 1.0 个区块、当天作业半径中位 1.24 km；出勤 周一47/周二41/周三38/周四45/周五26；周六、周日 没跑。 ① 区块开工：1 块里他开工了 1 块；② 区块内执行率中位 68%（最弱一块 68%）；③ 区块星期一致 100%。 参考：覆盖 68%、同日 62%、相位 66%、量比 0.78。 结论：区块都开了、星期也守，但**区块内没做全**（存在欠访）。"
NP0009672,上海市,奉贤区×129,127,129,201,184,0.717,0.495,0.661,0.643,0.709,1.56,36,8,"[95, 14, 8, 3, 2]","[{'块': '块1', '中心': '30.925,121.477', '计划店': 95, '跑到的计划店': 68, '执行率': 0.716, '计划星期': '周三', '实际主力星期': '周二'}, {'块': '块2', '中心': '30.828,121.524', '计划店': 14, '跑到的计划店': 12, '执行率': 0.857, '计划星期': '周四', '实际主力星期': '周四'}, {'块': '块3', '中心': '30.993,121.437', '计划店': 8, '跑到的计划店': 6, '执行率': 0.75, '计划星期': '周二', '实际主力星期': '周二'}, {'块': '块4', '中心': '30.889,121.395', '计划店': 3, '跑到的计划店': 1, '执行率': 0.333, '计划星期': '周四', '实际主力星期': '周四'}, {'块': '块5', '中心': '30.983,121.657', '计划店': 2, '跑到的计划店': 2, '执行率': 1.0, '计划星期': '周四', '实际主力星期': '周四'}, {'块': '块6', '中心': '30.922,121.579', '计划店': 2, '跑到的计划店': 0, '执行率': 0.0, '计划星期': '周三', '实际主力星期': '未开工'}, {'块': '块7', '中心': '30.905,121.637', '计划店': 2, '跑到的计划店': 2, '执行率': 1.0, '计划星期': '周一', '实际主力星期': '周一'}, {'块': '块8', '中心': '30.828,121.469', '计划店': 1, '跑到的计划店': 0, '执行率': 0.0, '计划星期': '周四', '实际主力星期': '未开工'}]",6,0.75,0.733,0.0,1.0,区块×3店 仅执行 33%,26.3,20.2,96.0,15,7,13.4,"[44, 45, 23, 50, 37, 2, 0]",1.83,1.0,168,16,区块缺了没开,上海市（奉贤区×129）：计划 127 店 / 129 次，分成 8 个区块（最大区块 95 店）。 地盘东西 26.3 × 南北 20.2 km；区块内店距中位 96 m。 节奏：15 个工作日、平均每天 13.4 家店、一天 1.0 个区块、当天作业半径中位 1.83 km；出勤 周一44/周二45/周三23/周四50/周五37/周六2；周日 没跑。 ① 区块开工：8 块里他开工了 6 块；② 区块内执行率中位 73%（最弱一块 0%）；③ 区块星期一致 100%。 参考：覆盖 72%、同日 64%、相位 71%、量比 1.56。 结论：**有 2 个区块整块没开工**，但他开的那几块做得很好（执行率与星期都守）——先问为什么不去那几块。 最冷的区块（计划内执行率最低）：区块×3店 仅执行 33%。
NP0009743,台州市,"临海市×149, 仙居县×45",204,204,232,193,0.706,0.746,0.529,0.52,0.623,1.14,60,8,"[109, 36, 35, 10, 10]","[{'块': '块1', '中心': '28.852,121.145', '计划店': 109, '跑到的计划店': 94, '执行率': 0.862, '计划星期': '周一', '实际主力星期': '周一'}, {'块': '块2', '中心': '28.758,121.499', '计划店': 36, '跑到的计划店': 12, '执行率': 0.333, '计划星期': '周四', '实际主力星期': '周四'}, {'块': '块3', '中心': '28.851,120.732', '计划店': 35, '跑到的计划店': 20, '执行率': 0.571, '计划星期': '周二', '实际主力星期': '周二'}, {'块': '块4', '中心': '29.103,121.394', '计划店': 10, '跑到的计划店': 6, '执行率': 0.6, '计划星期': '周三', '实际主力星期': '周四'}, {'块': '块5', '中心': '28.737,120.618', '计划店': 10, '跑到的计划店': 10, '执行率': 1.0, '计划星期': '周二', '实际主力星期': '周二'}, {'块': '块6', '中心': '28.022,120.651', '计划店': 2, '跑到的计划店': 1, '执行率': 0.5, '计划星期': '周五', '实际主力星期': '周五'}, {'块': '块7', '中心': '28.899,120.909', '计划店': 1, '跑到的计划店': 1, '执行率': 1.0, '计划星期': '周五', '实际主力星期': '周五'}, {'块': '块8', '中心': '28.741,121.108', '计划店': 1, '跑到的计划店': 0, '执行率': 0.0, '计划星期': '周五', '实际主力星期': '未开工'}]",7,0.875,0.586,0.0,1.0,区块×36店 仅执行 33%; 区块×2店 仅执行 50%; 区块×35店 仅执行 57%,87.6,121.2,70.0,23,8,10.1,"[41, 48, 42, 39, 47, 7, 8]",3.03,1.0,154,39,区块缺了没开,"台州市（临海市×149, 仙居县×45）：计划 204 店 / 204 次，分成 8 个区块（最大区块 109 店）。 地盘东西 87.6 × 南北 121.2 km；区块内店距中位 70 m。 节奏：23 个工作日、平均每天 10.1 家店、一天 1.0 个区块、当天作业半径中位 3.03 km；出勤 周一41/周二48/周三42/周四39/周五47/周六7/周日8。 ① 区块开工：8 块里他开工了 7 块；② 区块内执行率中位 59%（最弱一块 0%）；③ 区块星期一致 100%。 参考：覆盖 71%、同日 52%、相位 62%、量比 1.14。 结论：**有 1 个区块整块没开工**，但他开的那几块做得很好（执行率与星期都守）——先问为什么不去那几块。 最冷的区块（计划内执行率最低）：区块×36店 仅执行 33%; 区块×2店 仅执行 50%; 区块×35店 仅执行 57%。"
NP0009778,深圳市,宝安区×242,224,242,280,242,0.929,0.86,0.929,0.934,0.929,1.16,16,3,"[199, 13, 12]","[{'块': '块1', '中心': '22.670,113.820', '计划店': 199, '跑到的计划店': 187, '执行率': 0.94, '计划星期': '周一', '实际主力星期': '周一'}, {'块': '块2', '中心': '22.662,113.924', '计划店': 13, '跑到的计划店': 10, '执行率': 0.769, '计划星期': '周二', '实际主力星期': '周二'}, {'块': '块3', '中心': '22.582,113.918', '计划店': 12, '跑到的计划店': 11, '执行率': 0.917, '计划星期': '周二', '实际主力星期': '周二'}]",3,1.0,0.917,0.769,1.0,,16.4,17.6,65.0,21,12,13.3,"[60, 56, 52, 55, 57, 0, 0]",2.23,1.0,207,35,区块全开·星期照做,深圳市（宝安区×242）：计划 224 店 / 242 次，分成 3 个区块（最大区块 199 店）。 地盘东西 16.4 × 南北 17.6 km；区块内店距中位 65 m。 节奏：21 个工作日、平均每天 13.3 家店、一天 1.0 个区块、当天作业半径中位 2.23 km；出勤 周一60/周二56/周三52/周四55/周五57；周六、周日 没跑。 ① 区块开工：3 块里他开工了 3 块；② 区块内执行率中位 92%（最弱一块 77%）；③ 区块星期一致 100%。 参考：覆盖 93%、同日 93%、相位 93%、量比 1.16。 结论：**计划怎么划他就怎么做**——区块全开工、区块内做全、星期按计划。
NP0009832,三亚市,"吉阳区×136, 天涯区×110",226,246,249,229,0.956,0.943,0.956,0.947,0.947,1.01,10,1,[226],"[{'块': '块1', '中心': '18.245,109.514', '计划店': 226, '跑到的计划店': 216, '执行率': 0.956, '计划星期': '周一', '实际主力星期': '周三'}]",1,1.0,0.956,0.956,1.0,,7.6,6.7,26.0,20,12,12.4,"[50, 49, 49, 52, 49, 0, 0]",1.16,1.0,209,20,区块全开·星期照做,"三亚市（吉阳区×136, 天涯区×110）：计划 226 店 / 246 次，分成 1 个区块（最大区块 226 店）。 地盘东西 7.6 × 南北 6.7 km；区块内店距中位 26 m。 节奏：20 个工作日、平均每天 12.4 家店、一天 1.0 个区块、当天作业半径中位 1.16 km；出勤 周一50/周二49/周三49/周四52/周五49；周六、周日 没跑。 ① 区块开工：1 块里他开工了 1 块；② 区块内执行率中位 96%（最弱一块 96%）；③ 区块星期一致 100%。 参考：覆盖 96%、同日 95%、相位 95%、量比 1.01。 结论：**计划怎么划他就怎么做**——区块全开工、区块内做全、星期按计划。"
NP0009925,广州市,"海珠区×135, 番禺区×70",193,213,267,223,0.964,0.834,0.964,0.967,0.964,1.25,7,1,[193],"[{'块': '块1', '中心': '23.072,113.377', '计划店': 193, '跑到的计划店': 186, '执行率': 0.964, '计划星期': '周一', '实际主力星期': '周一'}]",1,1.0,0.964,0.964,1.0,,12.0,7.5,65.0,21,10,12.7,"[63, 59, 46, 51, 48, 0, 0]",1.73,1.0,183,40,区块全开·星期照做,"广州市（海珠区×135, 番禺区×70）：计划 193 店 / 213 次，分成 1 个区块（最大区块 193 店）。 地盘东西 12.0 × 南北 7.5 km；区块内店距中位 65 m。 节奏：21 个工作日、平均每天 12.7 家店、一天 1.0 个区块、当天作业半径中位 1.73 km；出勤 周一63/周二59/周三46/周四51/周五48；周六、周日 没跑。 ① 区块开工：1 块里他开工了 1 块；② 区块内执行率中位 96%（最弱一块 96%）；③ 区块星期一致 100%。 参考：覆盖 96%、同日 97%、相位 96%、量比 1.25。 结论：**计划怎么划他就怎么做**——区块全开工、区块内做全、星期按计划。"
NP0009959,大同市,平城区×175,175,175,196,187,0.469,0.439,0.429,0.4,0.417,1.12,93,1,[175],"[{'块': '块1', '中心': '40.078,113.275', '计划店': 175, '跑到的计划店': 82, '执行率': 0.469, '计划星期': '周一', '实际主力星期': '周一'}]",1,1.0,0.469,0.469,1.0,区块×175店 仅执行 47%,6.1,10.0,79.0,19,4,10.3,"[58, 41, 38, 33, 26, 0, 0]",0.85,1.0,178,9,区块全开·区块内欠访,大同市（平城区×175）：计划 175 店 / 175 次，分成 1 个区块（最大区块 175 店）。 地盘东西 6.1 × 南北 10.0 km；区块内店距中位 79 m。 节奏：19 个工作日、平均每天 10.3 家店、一天 1.0 个区块、当天作业半径中位 0.85 km；出勤 周一58/周二41/周三38/周四33/周五26；周六、周日 没跑。 ① 区块开工：1 块里他开工了 1 块；② 区块内执行率中位 47%（最弱一块 47%）；③ 区块星期一致 100%。 参考：覆盖 47%、同日 40%、相位 42%、量比 1.12。 结论：区块都开了、星期也守，但**区块内没做全**（存在欠访）。 最冷的区块（计划内执行率最低）：区块×175店 仅执行 47%。
NP0010006,邯郸市,"大名县×19, 临漳县×15",47,47,137,118,0.574,0.229,0.213,0.149,0.404,2.91,20,5,"[17, 15, 11, 2, 2]","[{'块': '块1', '中心': '36.288,115.164', '计划店': 17, '跑到的计划店': 11, '执行率': 0.647, '计划星期': '周二', '实际主力星期': '周四'}, {'块': '块2', '中心': '36.339,114.600', '计划店': 15, '跑到的计划店': 7, '执行率': 0.467, '计划星期': '周五', '实际主力星期': '周一'}, {'块': '块3', '中心': '36.446,114.680', '计划店': 11, '跑到的计划店': 7, '执行率': 0.636, '计划星期': '周四', '实际主力星期': '周三'}, {'块': '块4', '中心': '36.216,115.242', '计划店': 2, '跑到的计划店': 0, '执行率': 0.0, '计划星期': '周一', '实际主力星期': '未开工'}, {'块': '块5', '中心': '36.447,114.623', '计划店': 2, '跑到的计划店': 2, '执行率': 1.0, '计划星期': '周三', '实际主力星期': '周三'}]",4,0.8,0.636,0.0,0.5,区块×15店 仅执行 47%,59.4,27.2,454.0,13,3,10.5,"[31, 16, 32, 30, 28, 0, 0]",1.79,1.0,102,16,区块缺了没开,"邯郸市（大名县×19, 临漳县×15）：计划 47 店 / 47 次，分成 5 个区块（最大区块 17 店）。 地盘东西 59.4 × 南北 27.2 km；区块内店距中位 454 m。 节奏：13 个工作日、平均每天 10.5 家店、一天 1.0 个区块、当天作业半径中位 1.79 km；出勤 周一31/周二16/周三32/周四30/周五28；周六、周日 没跑。 ① 区块开工：5 块里他开工了 4 块；② 区块内执行率中位 64%（最弱一块 0%）；③ 区块星期一致 50%。 参考：覆盖 57%、同日 15%、相位 40%、量比 2.91。 结论：**有 1 个区块整块没开工**，但他开的那几块做得很好（执行率与星期都守）——先问为什么不去那几块。 最冷的区块（计划内执行率最低）：区块×15店 仅执行 47%。"
NP0010020,北京市,"海淀区×245, 丰台区×41",271,299,236,205,0.727,0.961,0.72,0.706,0.72,0.79,74,1,[271],"[{'块': '块1', '中心': '39.919,116.295', '计划店': 271, '跑到的计划店': 197, '执行率': 0.727, '计划星期': '周一', '实际主力星期': '周一'}]",1,1.0,0.727,0.727,1.0,,8.8,8.3,43.0,20,12,11.8,"[60, 48, 49, 48, 31, 0, 0]",1.87,1.0,175,30,区块全开·区块内欠访,"北京市（海淀区×245, 丰台区×41）：计划 271 店 / 299 次，分成 1 个区块（最大区块 271 店）。 地盘东西 8.8 × 南北 8.3 km；区块内店距中位 43 m。 节奏：20 个工作日、平均每天 11.8 家店、一天 1.0 个区块、当天作业半径中位 1.87 km；出勤 周一60/周二48/周三49/周四48/周五31；周六、周日 没跑。 ① 区块开工：1 块里他开工了 1 块；② 区块内执行率中位 73%（最弱一块 73%）；③ 区块星期一致 100%。 参考：覆盖 73%、同日 71%、相位 72%、量比 0.79。 结论：区块都开了、星期也守，但**区块内没做全**（存在欠访）。"
NP0010026,深圳市,"龙岗区×157, 坪山区×128",265,285,255,231,0.868,0.996,0.868,0.877,0.868,0.89,35,5,"[128, 107, 20, 6, 4]","[{'块': '块1', '中心': '22.701,114.352', '计划店': 128, '跑到的计划店': 111, '执行率': 0.867, '计划星期': '周一', '实际主力星期': '周一'}, {'块': '块2', '中心': '22.573,114.500', '计划店': 107, '跑到的计划店': 95, '执行率': 0.888, '计划星期': '周二', '实际主力星期': '周二'}, {'块': '块3', '中心': '22.630,114.424', '计划店': 20, '跑到的计划店': 18, '执行率': 0.9, '计划星期': '周四', '实际主力星期': '周四'}, {'块': '块4', '中心': '22.484,114.536', '计划店': 6, '跑到的计划店': 4, '执行率': 0.667, '计划星期': '周五', '实际主力星期': '周五'}, {'块': '块5', '中心': '22.609,114.367', '计划店': 4, '跑到的计划店': 2, '执行率': 0.5, '计划星期': '周四', '实际主力星期': '周四'}]",5,1.0,0.867,0.5,1.0,区块×4店 仅执行 50%,29.8,31.4,111.0,21,12,12.1,"[60, 48, 50, 49, 48, 0, 0]",3.66,1.0,207,24,区块全开·星期照做,"深圳市（龙岗区×157, 坪山区×128）：计划 265 店 / 285 次，分成 5 个区块（最大区块 128 店）。 地盘东西 29.8 × 南北 31.4 km；区块内店距中位 111 m。 节奏：21 个工作日、平均每天 12.1 家店、一天 1.0 个区块、当天作业半径中位 3.66 km；出勤 周一60/周二48/周三50/周四49/周五48；周六、周日 没跑。 ① 区块开工：5 块里他开工了 5 块；② 区块内执行率中位 87%（最弱一块 50%）；③ 区块星期一致 100%。 参考：覆盖 87%、同日 88%、相位 87%、量比 0.89。 结论：**计划怎么划他就怎么做**——区块全开工、区块内做全、星期按计划。 最冷的区块（计划内执行率最低）：区块×4店 仅执行 50%。"
NP0010054,成都市,"郫都区×51, 青羊区×39",109,113,242,182,0.817,0.489,0.817,0.823,0.817,2.14,20,1,[109],"[{'块': '块1', '中心': '30.724,103.985', '计划店': 109, '跑到的计划店': 89, '执行率': 0.817, '计划星期': '周三', '实际主力星期': '周四'}]",1,1.0,0.817,0.817,1.0,,9.1,11.6,147.0,20,7,12.1,"[52, 55, 52, 50, 32, 1, 0]",1.76,1.0,131,51,区块全开·区块内欠访,"成都市（郫都区×51, 青羊区×39）：计划 109 店 / 113 次，分成 1 个区块（最大区块 109 店）。 地盘东西 9.1 × 南北 11.6 km；区块内店距中位 147 m。 节奏：20 个工作日、平均每天 12.1 家店、一天 1.0 个区块、当天作业半径中位 1.76 km；出勤 周一52/周二55/周三52/周四50/周五32/周六1；周日 没跑。 ① 区块开工：1 块里他开工了 1 块；② 区块内执行率中位 82%（最弱一块 82%）；③ 区块星期一致 100%。 参考：覆盖 82%、同日 82%、相位 82%、量比 2.14。 结论：区块都开了、星期也守，但**区块内没做全**（存在欠访）。"
NP0010076,呼和浩特市,"赛罕区×155, 新城区×3",132,160,222,115,0.462,0.53,0.333,0.325,0.386,1.39,71,6,"[118, 5, 5, 2, 1]","[{'块': '块1', '中心': '40.810,111.725', '计划店': 118, '跑到的计划店': 60, '执行率': 0.508, '计划星期': '周二', '实际主力星期': '周四'}, {'块': '块2', '中心': '40.905,111.842', '计划店': 5, '跑到的计划店': 0, '执行率': 0.0, '计划星期': '周三', '实际主力星期': '未开工'}, {'块': '块3', '中心': '40.854,111.828', '计划店': 5, '跑到的计划店': 0, '执行率': 0.0, '计划星期': '周三', '实际主力星期': '未开工'}, {'块': '块4', '中心': '40.753,111.740', '计划店': 2, '跑到的计划店': 1, '执行率': 0.5, '计划星期': '周四', '实际主力星期': '周三'}, {'块': '块5', '中心': '40.906,111.878', '计划店': 1, '跑到的计划店': 0, '执行率': 0.0, '计划星期': '周三', '实际主力星期': '未开工'}, {'块': '块6', '中心': '40.787,111.809', '计划店': 1, '跑到的计划店': 0, '执行率': 0.0, '计划星期': '周三', '实际主力星期': '未开工'}]",2,0.333,0.0,0.0,1.0,区块×2店 仅执行 50%; 区块×118店 仅执行 51%,18.4,17.7,129.0,19,7,11.7,"[46, 36, 48, 50, 42, 0, 0]",3.03,1.0,59,56,区块大面积没开工,"呼和浩特市（赛罕区×155, 新城区×3）：计划 132 店 / 160 次，分成 6 个区块（最大区块 118 店）。 地盘东西 18.4 × 南北 17.7 km；区块内店距中位 129 m。 节奏：19 个工作日、平均每天 11.7 家店、一天 1.0 个区块、当天作业半径中位 3.03 km；出勤 周一46/周二36/周三48/周四50/周五42；周六、周日 没跑。 ① 区块开工：6 块里他开工了 2 块；② 区块内执行率中位 0%（最弱一块 0%）；③ 区块星期一致 100%。 参考：覆盖 46%、同日 32%、相位 39%、量比 1.39。 结论：**有区块整块没开工**（4 块），先问为什么不去，而不是谈执行率。 最冷的区块（计划内执行率最低）：区块×2店 仅执行 50%; 区块×118店 仅执行 51%。"
NP0010123,东莞市,东莞市×262,241,262,238,216,0.871,0.972,0.871,0.882,0.871,0.91,31,1,[241],"[{'块': '块1', '中心': '22.943,113.931', '计划店': 241, '跑到的计划店': 210, '执行率': 0.871, '计划星期': '周一', '实际主力星期': '周一'}]",1,1.0,0.871,0.871,1.0,,11.1,17.1,94.0,20,12,11.9,"[58, 48, 48, 48, 36, 0, 0]",2.32,1.0,194,22,区块全开·星期照做,东莞市（东莞市×262）：计划 241 店 / 262 次，分成 1 个区块（最大区块 241 店）。 地盘东西 11.1 × 南北 17.1 km；区块内店距中位 94 m。 节奏：20 个工作日、平均每天 11.9 家店、一天 1.0 个区块、当天作业半径中位 2.32 km；出勤 周一58/周二48/周三48/周四48/周五36；周六、周日 没跑。 ① 区块开工：1 块里他开工了 1 块；② 区块内执行率中位 87%（最弱一块 87%）；③ 区块星期一致 100%。 参考：覆盖 87%、同日 88%、相位 87%、量比 0.91。 结论：**计划怎么划他就怎么做**——区块全开工、区块内做全、星期按计划。
NP0010161,厦门市,"海沧区×137, 思明区×23",158,179,242,192,0.924,0.76,0.932,0.933,0.924,1.35,12,3,"[134, 23, 1]","[{'块': '块1', '中心': '24.511,117.995', '计划店': 134, '跑到的计划店': 122, '执行率': 0.91, '计划星期': '周一', '实际主力星期': '周一'}, {'块': '块2', '中心': '24.480,118.124', '计划店': 23, '跑到的计划店': 23, '执行率': 1.0, '计划星期': '周五', '实际主力星期': '周五'}, {'块': '块3', '中心': '24.548,118.106', '计划店': 1, '跑到的计划店': 1, '执行率': 1.0, '计划星期': '周一', '实际主力星期': '周一'}]",3,1.0,1.0,0.91,1.0,,24.5,15.7,122.0,20,11,12.1,"[60, 48, 45, 38, 51, 0, 0]",4.86,1.0,150,42,区块全开·星期照做,"厦门市（海沧区×137, 思明区×23）：计划 158 店 / 179 次，分成 3 个区块（最大区块 134 店）。 地盘东西 24.5 × 南北 15.7 km；区块内店距中位 122 m。 节奏：20 个工作日、平均每天 12.1 家店、一天 1.0 个区块、当天作业半径中位 4.86 km；出勤 周一60/周二48/周三45/周四38/周五51；周六、周日 没跑。 ① 区块开工：3 块里他开工了 3 块；② 区块内执行率中位 100%（最弱一块 91%）；③ 区块星期一致 100%。 参考：覆盖 92%、同日 93%、相位 92%、量比 1.35。 结论：**计划怎么划他就怎么做**——区块全开工、区块内做全、星期按计划。"
NP0010177,武汉市,"江汉区×139, 江岸区×58",189,203,233,186,0.889,0.903,0.889,0.887,0.884,1.15,21,1,[189],"[{'块': '块1', '中心': '30.600,114.270', '计划店': 189, '跑到的计划店': 168, '执行率': 0.889, '计划星期': '周一', '实际主力星期': '周一'}]",1,1.0,0.889,0.889,1.0,,6.9,4.9,33.0,20,11,11.7,"[61, 36, 34, 51, 50, 0, 1]",1.67,1.0,154,32,区块全开·星期照做,"武汉市（江汉区×139, 江岸区×58）：计划 189 店 / 203 次，分成 1 个区块（最大区块 189 店）。 地盘东西 6.9 × 南北 4.9 km；区块内店距中位 33 m。 节奏：20 个工作日、平均每天 11.7 家店、一天 1.0 个区块、当天作业半径中位 1.67 km；出勤 周一61/周二36/周三34/周四51/周五50/周日1；周六 没跑。 ① 区块开工：1 块里他开工了 1 块；② 区块内执行率中位 89%（最弱一块 89%）；③ 区块星期一致 100%。 参考：覆盖 89%、同日 89%、相位 88%、量比 1.15。 结论：**计划怎么划他就怎么做**——区块全开工、区块内做全、星期按计划。"
NP0010210,泰州市,"泰兴市×176, 高港区×44",223,223,163,155,0.48,0.69,0.305,0.274,0.377,0.73,116,15,"[122, 41, 14, 11, 7]","[{'块': '块1', '中心': '32.169,120.030', '计划店': 122, '跑到的计划店': 75, '执行率': 0.615, '计划星期': '周二', '实际主力星期': '周二'}, {'块': '块2', '中心': '32.329,119.889', '计划店': 41, '跑到的计划店': 15, '执行率': 0.366, '计划星期': '周四', '实际主力星期': '周五'}, {'块': '块3', '中心': '32.241,120.235', '计划店': 14, '跑到的计划店': 1, '执行率': 0.071, '计划星期': '周五', '实际主力星期': '周四'}, {'块': '块4', '中心': '32.151,119.970', '计划店': 11, '跑到的计划店': 3, '执行率': 0.273, '计划星期': '周一', '实际主力星期': '周三'}, {'块': '块5', '中心': '32.297,119.995', '计划店': 7, '跑到的计划店': 3, '执行率': 0.429, '计划星期': '周四', '实际主力星期': '周二'}, {'块': '块6', '中心': '32.399,119.913', '计划店': 5, '跑到的计划店': 1, '执行率': 0.2, '计划星期': '周一', '实际主力星期': '周五'}, {'块': '块7', '中心': '32.023,120.023', '计划店': 4, '跑到的计划店': 0, '执行率': 0.0, '计划星期': '周五', '实际主力星期': '未开工'}, {'块': '块8', '中心': '32.236,119.965', '计划店': 4, '跑到的计划店': 2, '执行率': 0.5, '计划星期': '周四', '实际主力星期': '周四'}, {'块': '块9', '中心': '32.327,120.179', '计划店': 4, '跑到的计划店': 0, '执行率': 0.0, '计划星期': '周三', '实际主力星期': '未开工'}, {'块': '块10', '中心': '32.099,120.165', '计划店': 3, '跑到的计划店': 3, '执行率': 1.0, '计划星期': '周一', '实际主力星期': '周一'}, {'块': '块11', '中心': '32.336,120.118', '计划店': 3, '跑到的计划店': 1, '执行率': 0.333, '计划星期': '周三', '实际主力星期': '周一'}, {'块': '块12', '中心': '32.212,120.077', '计划店': 2, '跑到的计划店': 2, '执行率': 1.0, '计划星期': '周一', '实际主力星期': '周一'}, {'块': '块13', '中心': '32.267,120.077', '计划店': 1, '跑到的计划店': 1, '执行率': 1.0, '计划星期': '周二', '实际主力星期': '周一'}, {'块': '块14', '中心': '32.175,120.320', '计划店': 1, '跑到的计划店': 0, '执行率': 0.0, '计划星期': '周五', '实际主力星期': '未开工'}, {'块': '块15', '中心': '32.407,119.950', '计划店': 1, '跑到的计划店': 0, '执行率': 0.0, '计划星期': '周二', '实际主力星期': '未开工'}]",11,0.733,0.333,0.0,0.455,区块×14店 仅执行 7%; 区块×5店 仅执行 20%; 区块×11店 仅执行 27%,42.2,42.8,147.0,17,7,9.6,"[43, 40, 20, 29, 31, 0, 0]",4.23,2.0,148,7,区块缺了没开,"泰州市（泰兴市×176, 高港区×44）：计划 223 店 / 223 次，分成 15 个区块（最大区块 122 店）。 地盘东西 42.2 × 南北 42.8 km；区块内店距中位 147 m。 节奏：17 个工作日、平均每天 9.6 家店、一天 2.0 个区块、当天作业半径中位 4.23 km；出勤 周一43/周二40/周三20/周四29/周五31；周六、周日 没跑。 ① 区块开工：15 块里他开工了 11 块；② 区块内执行率中位 33%（最弱一块 0%）；③ 区块星期一致 46%。 参考：覆盖 48%、同日 27%、相位 38%、量比 0.73。 结论：**有 4 个区块整块没开工**，但他开的那几块做得很好（执行率与星期都守）——先问为什么不去那几块。 最冷的区块（计划内执行率最低）：区块×14店 仅执行 7%; 区块×5店 仅执行 20%; 区块×11店 仅执行 27%。"
NP0010233,柳州市,"鱼峰区×105, 城中区×99",172,204,406,317,0.727,0.394,0.572,0.534,0.634,1.99,47,3,"[168, 2, 2]","[{'块': '块1', '中心': '24.323,109.440', '计划店': 168, '跑到的计划店': 121, '执行率': 0.72, '计划星期': '周三', '实际主力星期': '周四'}, {'块': '块2', '中心': '24.366,109.523', '计划店': 2, '跑到的计划店': 2, '执行率': 1.0, '计划星期': '周五', '实际主力星期': '周五'}, {'块': '块3', '中心': '24.383,109.572', '计划店': 2, '跑到的计划店': 2, '执行率': 1.0, '计划星期': '周五', '实际主力星期': '周五'}]",3,1.0,1.0,0.72,1.0,,14.9,10.6,40.0,21,7,19.3,"[53, 38, 92, 73, 96, 2, 52]",2.66,1.0,242,75,区块全开·星期照做,"柳州市（鱼峰区×105, 城中区×99）：计划 172 店 / 204 次，分成 3 个区块（最大区块 168 店）。 地盘东西 14.9 × 南北 10.6 km；区块内店距中位 40 m。 节奏：21 个工作日、平均每天 19.3 家店、一天 1.0 个区块、当天作业半径中位 2.66 km；出勤 周一53/周二38/周三92/周四73/周五96/周六2/周日52。 ① 区块开工：3 块里他开工了 3 块；② 区块内执行率中位 100%（最弱一块 72%）；③ 区块星期一致 100%。 参考：覆盖 73%、同日 53%、相位 63%、量比 1.99。 结论：**计划怎么划他就怎么做**——区块全开工、区块内做全、星期按计划。"
NP0010236,沧州市,"河间市×67, 任丘市×43",108,126,161,141,0.463,0.355,0.274,0.23,0.398,1.28,58,8,"[56, 32, 11, 4, 2]","[{'块': '块1', '中心': '38.442,116.105', '计划店': 56, '跑到的计划店': 28, '执行率': 0.5, '计划星期': '周一', '实际主力星期': '周五'}, {'块': '块2', '中心': '38.689,116.101', '计划店': 32, '跑到的计划店': 11, '执行率': 0.344, '计划星期': '周二', '实际主力星期': '周六'}, {'块': '块3', '中心': '38.183,116.131', '计划店': 11, '跑到的计划店': 6, '执行率': 0.545, '计划星期': '周三', '实际主力星期': '周二'}, {'块': '块4', '中心': '38.605,116.044', '计划店': 4, '跑到的计划店': 2, '执行率': 0.5, '计划星期': '周四', '实际主力星期': '周三'}, {'块': '块5', '中心': '38.303,116.093', '计划店': 2, '跑到的计划店': 1, '执行率': 0.5, '计划星期': '周三', '实际主力星期': '周五'}, {'块': '块6', '中心': '38.542,116.087', '计划店': 1, '跑到的计划店': 1, '执行率': 1.0, '计划星期': '周五', '实际主力星期': '周六'}, {'块': '块7', '中心': '38.480,116.140', '计划店': 1, '跑到的计划店': 1, '执行率': 1.0, '计划星期': '周四', '实际主力星期': '周四'}, {'块': '块8', '中心': '38.720,116.019', '计划店': 1, '跑到的计划店': 0, '执行率': 0.0, '计划星期': '周四', '实际主力星期': '未开工'}]",7,0.875,0.5,0.0,0.714,区块×32店 仅执行 34%; 区块×56店 仅执行 50%; 区块×4店 仅执行 50%,12.0,61.3,239.0,15,4,10.7,"[33, 24, 33, 29, 26, 16, 0]",4.01,1.0,123,18,区块缺了没开,"沧州市（河间市×67, 任丘市×43）：计划 108 店 / 126 次，分成 8 个区块（最大区块 56 店）。 地盘东西 12.0 × 南北 61.3 km；区块内店距中位 239 m。 节奏：15 个工作日、平均每天 10.7 家店、一天 1.0 个区块、当天作业半径中位 4.01 km；出勤 周一33/周二24/周三33/周四29/周五26/周六16；周日 没跑。 ① 区块开工：8 块里他开工了 7 块；② 区块内执行率中位 50%（最弱一块 0%）；③ 区块星期一致 71%。 参考：覆盖 46%、同日 23%、相位 40%、量比 1.28。 结论：**有 1 个区块整块没开工**，但他开的那几块做得很好（执行率与星期都守）——先问为什么不去那几块。 最冷的区块（计划内执行率最低）：区块×32店 仅执行 34%; 区块×56店 仅执行 50%; 区块×4店 仅执行 50%。"
NP0010249,上海市,"闵行区×84, 浦东新区×68",142,152,266,212,0.845,0.566,0.845,0.842,0.831,1.75,22,6,"[117, 12, 4, 4, 4]","[{'块': '块1', '中心': '31.096,121.537', '计划店': 117, '跑到的计划店': 101, '执行率': 0.863, '计划星期': '周二', '实际主力星期': '周二'}, {'块': '块2', '中心': '31.026,121.518', '计划店': 12, '跑到的计划店': 10, '执行率': 0.833, '计划星期': '周一', '实际主力星期': '周一'}, {'块': '块3', '中心': '31.176,121.750', '计划店': 4, '跑到的计划店': 3, '执行率': 0.75, '计划星期': '周五', '实际主力星期': '周五'}, {'块': '块4', '中心': '31.109,121.712', '计划店': 4, '跑到的计划店': 1, '执行率': 0.25, '计划星期': '周一', '实际主力星期': '周一'}, {'块': '块5', '中心': '31.113,121.763', '计划店': 4, '跑到的计划店': 4, '执行率': 1.0, '计划星期': '周一', '实际主力星期': '周一'}, {'块': '块6', '中心': '31.152,121.758', '计划店': 1, '跑到的计划店': 1, '执行率': 1.0, '计划星期': '周五', '实际主力星期': '周五'}]",6,1.0,0.848,0.25,1.0,区块×4店 仅执行 25%,28.1,17.1,49.0,19,10,14.0,"[53, 49, 52, 53, 48, 11, 0]",4.74,1.0,161,51,区块全开·区块内欠访,"上海市（闵行区×84, 浦东新区×68）：计划 142 店 / 152 次，分成 6 个区块（最大区块 117 店）。 地盘东西 28.1 × 南北 17.1 km；区块内店距中位 49 m。 节奏：19 个工作日、平均每天 14.0 家店、一天 1.0 个区块、当天作业半径中位 4.74 km；出勤 周一53/周二49/周三52/周四53/周五48/周六11；周日 没跑。 ① 区块开工：6 块里他开工了 6 块；② 区块内执行率中位 85%（最弱一块 25%）；③ 区块星期一致 100%。 参考：覆盖 84%、同日 84%、相位 83%、量比 1.75。 结论：区块都开了、星期也守，但**区块内没做全**（存在欠访）。 最冷的区块（计划内执行率最低）：区块×4店 仅执行 25%。"
NP0010283,莆田市,"荔城区×216, 涵江区×5",199,221,240,210,0.99,0.938,0.986,0.986,0.99,1.09,2,2,"[198, 1]","[{'块': '块1', '中心': '25.425,119.041', '计划店': 198, '跑到的计划店': 196, '执行率': 0.99, '计划星期': '周二', '实际主力星期': '周一'}, {'块': '块2', '中心': '25.506,119.058', '计划店': 1, '跑到的计划店': 1, '执行率': 1.0, '计划星期': '周一', '实际主力星期': '周五'}]",2,1.0,0.995,0.99,0.5,,8.1,15.7,66.0,20,12,12.0,"[60, 48, 48, 48, 36, 0, 0]",2.96,1.0,181,29,区块全开·星期自己定,"莆田市（荔城区×216, 涵江区×5）：计划 199 店 / 221 次，分成 2 个区块（最大区块 198 店）。 地盘东西 8.1 × 南北 15.7 km；区块内店距中位 66 m。 节奏：20 个工作日、平均每天 12.0 家店、一天 1.0 个区块、当天作业半径中位 2.96 km；出勤 周一60/周二48/周三48/周四48/周五36；周六、周日 没跑。 ① 区块开工：2 块里他开工了 2 块；② 区块内执行率中位 100%（最弱一块 99%）；③ 区块星期一致 50%。 参考：覆盖 99%、同日 99%、相位 99%、量比 1.09。 结论：区块都开了但**星期由他自己排**，周内顺序不跟计划。"
NP0010285,成都市,"双流区×92, 武侯区×9",101,104,273,223,0.851,0.386,0.851,0.856,0.851,2.62,15,2,"[100, 1]","[{'块': '块1', '中心': '30.516,104.084', '计划店': 100, '跑到的计划店': 86, '执行率': 0.86, '计划星期': '周二', '实际主力星期': '周二'}, {'块': '块2', '中心': '30.465,104.154', '计划店': 1, '跑到的计划店': 0, '执行率': 0.0, '计划星期': '周五', '实际主力星期': '未开工'}]",1,0.5,0.43,0.0,1.0,,7.9,11.1,85.0,20,4,13.7,"[65, 51, 51, 49, 31, 26, 0]",0.58,1.0,182,41,区块大面积没开工,"成都市（双流区×92, 武侯区×9）：计划 101 店 / 104 次，分成 2 个区块（最大区块 100 店）。 地盘东西 7.9 × 南北 11.1 km；区块内店距中位 85 m。 节奏：20 个工作日、平均每天 13.7 家店、一天 1.0 个区块、当天作业半径中位 0.58 km；出勤 周一65/周二51/周三51/周四49/周五31/周六26；周日 没跑。 ① 区块开工：2 块里他开工了 1 块；② 区块内执行率中位 43%（最弱一块 0%）；③ 区块星期一致 100%。 参考：覆盖 85%、同日 86%、相位 85%、量比 2.62。 结论：**有区块整块没开工**（1 块），先问为什么不去，而不是谈执行率。"
NP0010307,威海市,"文登区×71, 荣成市×60",104,131,144,113,0.442,0.407,0.26,0.221,0.346,1.1,58,9,"[54, 27, 15, 3, 1]","[{'块': '块1', '中心': '37.194,122.065', '计划店': 54, '跑到的计划店': 30, '执行率': 0.556, '计划星期': '周一', '实际主力星期': '周一'}, {'块': '块2', '中心': '37.154,122.447', '计划店': 27, '跑到的计划店': 12, '执行率': 0.444, '计划星期': '周三', '实际主力星期': '周五'}, {'块': '块3', '中心': '37.391,122.424', '计划店': 15, '跑到的计划店': 1, '执行率': 0.067, '计划星期': '周五', '实际主力星期': '周四'}, {'块': '块4', '中心': '36.886,122.430', '计划店': 3, '跑到的计划店': 1, '执行率': 0.333, '计划星期': '周三', '实际主力星期': '周四'}, {'块': '块5', '中心': '36.924,122.401', '计划店': 1, '跑到的计划店': 0, '执行率': 0.0, '计划星期': '周三', '实际主力星期': '未开工'}, {'块': '块6', '中心': '36.927,122.436', '计划店': 1, '跑到的计划店': 1, '执行率': 1.0, '计划星期': '周三', '实际主力星期': '周二'}, {'块': '块7', '中心': '37.260,122.103', '计划店': 1, '跑到的计划店': 0, '执行率': 0.0, '计划星期': '周三', '实际主力星期': '未开工'}, {'块': '块8', '中心': '37.161,122.516', '计划店': 1, '跑到的计划店': 1, '执行率': 1.0, '计划星期': '周五', '实际主力星期': '周二'}, {'块': '块9', '中心': '37.112,122.470', '计划店': 1, '跑到的计划店': 0, '执行率': 0.0, '计划星期': '周三', '实际主力星期': '未开工'}]",6,0.667,0.333,0.0,0.167,区块×15店 仅执行 7%; 区块×3店 仅执行 33%; 区块×27店 仅执行 44%,42.8,58.5,133.0,13,5,11.1,"[50, 27, 12, 12, 31, 12, 0]",2.43,1.0,89,24,区块缺了没开,"威海市（文登区×71, 荣成市×60）：计划 104 店 / 131 次，分成 9 个区块（最大区块 54 店）。 地盘东西 42.8 × 南北 58.5 km；区块内店距中位 133 m。 节奏：13 个工作日、平均每天 11.1 家店、一天 1.0 个区块、当天作业半径中位 2.43 km；出勤 周一50/周二27/周三12/周四12/周五31/周六12；周日 没跑。 ① 区块开工：9 块里他开工了 6 块；② 区块内执行率中位 33%（最弱一块 0%）；③ 区块星期一致 17%。 参考：覆盖 44%、同日 22%、相位 35%、量比 1.1。 结论：**有 3 个区块整块没开工**，但他开的那几块做得很好（执行率与星期都守）——先问为什么不去那几块。 最冷的区块（计划内执行率最低）：区块×15店 仅执行 7%; 区块×3店 仅执行 33%; 区块×27店 仅执行 44%。"
NP0010323,曲靖市,"麒麟区×140, 富源县×15",145,155,262,210,1.0,0.69,1.0,1.0,1.0,1.69,0,4,"[131, 12, 1, 1]","[{'块': '块1', '中心': '25.471,103.804', '计划店': 131, '跑到的计划店': 131, '执行率': 1.0, '计划星期': '周二', '实际主力星期': '周一'}, {'块': '块2', '中心': '25.671,104.258', '计划店': 12, '跑到的计划店': 12, '执行率': 1.0, '计划星期': '周一', '实际主力星期': '周一'}, {'块': '块3', '中心': '25.137,104.578', '计划店': 1, '跑到的计划店': 1, '执行率': 1.0, '计划星期': '周一', '实际主力星期': '周一'}, {'块': '块4', '中心': '25.795,104.297', '计划店': 1, '跑到的计划店': 1, '执行率': 1.0, '计划星期': '周一', '实际主力星期': '周一'}]",4,1.0,1.0,1.0,1.0,,80.2,73.1,75.0,20,10,13.1,"[74, 52, 53, 43, 36, 4, 0]",1.56,1.0,175,35,区块全开·星期照做,"曲靖市（麒麟区×140, 富源县×15）：计划 145 店 / 155 次，分成 4 个区块（最大区块 131 店）。 地盘东西 80.2 × 南北 73.1 km；区块内店距中位 75 m。 节奏：20 个工作日、平均每天 13.1 家店、一天 1.0 个区块、当天作业半径中位 1.56 km；出勤 周一74/周二52/周三53/周四43/周五36/周六4；周日 没跑。 ① 区块开工：4 块里他开工了 4 块；② 区块内执行率中位 100%（最弱一块 100%）；③ 区块星期一致 100%。 参考：覆盖 100%、同日 100%、相位 100%、量比 1.69。 结论：**计划怎么划他就怎么做**——区块全开工、区块内做全、星期按计划。"
NP0010380,泰州市,兴化市×244,244,244,71,71,0.283,0.972,0.266,0.266,0.27,0.29,175,3,"[237, 6, 1]","[{'块': '块1', '中心': '32.921,119.842', '计划店': 237, '跑到的计划店': 69, '执行率': 0.291, '计划星期': '周一', '实际主力星期': '周四'}, {'块': '块2', '中心': '32.729,120.136', '计划店': 6, '跑到的计划店': 0, '执行率': 0.0, '计划星期': '周五', '实际主力星期': '未开工'}, {'块': '块3', '中心': '32.738,120.072', '计划店': 1, '跑到的计划店': 0, '执行率': 0.0, '计划星期': '周五', '实际主力星期': '未开工'}]",1,0.333,0.0,0.0,1.0,区块×237店 仅执行 29%,30.2,25.4,44.0,15,5,4.7,"[11, 13, 16, 18, 13, 0, 0]",0.43,1.0,71,0,计划与实际几乎不相交,泰州市（兴化市×244）：计划 244 店 / 244 次，分成 3 个区块（最大区块 237 店）。 地盘东西 30.2 × 南北 25.4 km；区块内店距中位 44 m。 节奏：15 个工作日、平均每天 4.7 家店、一天 1.0 个区块、当天作业半径中位 0.43 km；出勤 周一11/周二13/周三16/周四18/周五13；周六、周日 没跑。 ① 区块开工：3 块里他开工了 1 块；② 区块内执行率中位 0%（最弱一块 0%）；③ 区块星期一致 100%。 参考：覆盖 28%、同日 27%、相位 27%、量比 0.29。 结论：计划与实际几乎不相交——先查这块地盘是不是搞错了（管辖/门店清单），再谈行为。 最冷的区块（计划内执行率最低）：区块×237店 仅执行 29%。
NP0010444,深圳市,"龙华区×180, 龙岗区×91",252,272,256,218,0.833,0.963,0.833,0.846,0.833,0.94,42,1,[252],"[{'块': '块1', '中心': '22.627,114.045', '计划店': 252, '跑到的计划店': 210, '执行率': 0.833, '计划星期': '周一', '实际主力星期': '周一'}]",1,1.0,0.833,0.833,1.0,,9.0,6.8,80.0,21,12,12.2,"[61, 48, 50, 49, 48, 0, 0]",1.69,1.0,181,37,区块全开·区块内欠访,"深圳市（龙华区×180, 龙岗区×91）：计划 252 店 / 272 次，分成 1 个区块（最大区块 252 店）。 地盘东西 9.0 × 南北 6.8 km；区块内店距中位 80 m。 节奏：21 个工作日、平均每天 12.2 家店、一天 1.0 个区块、当天作业半径中位 1.69 km；出勤 周一61/周二48/周三50/周四49/周五48；周六、周日 没跑。 ① 区块开工：1 块里他开工了 1 块；② 区块内执行率中位 83%（最弱一块 83%）；③ 区块星期一致 100%。 参考：覆盖 83%、同日 85%、相位 83%、量比 0.94。 结论：区块都开了、星期也守，但**区块内没做全**（存在欠访）。"
NP0010481,无锡市,"锡山区×176, 惠山区×33",196,216,202,183,0.898,0.962,0.898,0.856,0.862,0.94,20,5,"[167, 12, 10, 4, 3]","[{'块': '块1', '中心': '31.614,120.406', '计划店': 167, '跑到的计划店': 150, '执行率': 0.898, '计划星期': '周三', '实际主力星期': '周一'}, {'块': '块2', '中心': '31.702,120.543', '计划店': 12, '跑到的计划店': 12, '执行率': 1.0, '计划星期': '周二', '实际主力星期': '周二'}, {'块': '块3', '中心': '31.676,120.310', '计划店': 10, '跑到的计划店': 10, '执行率': 1.0, '计划星期': '周四', '实际主力星期': '周四'}, {'块': '块4', '中心': '31.569,120.491', '计划店': 4, '跑到的计划店': 1, '执行率': 0.25, '计划星期': '周五', '实际主力星期': '周五'}, {'块': '块5', '中心': '31.671,120.491', '计划店': 3, '跑到的计划店': 3, '执行率': 1.0, '计划星期': '周一', '实际主力星期': '周一'}]",5,1.0,1.0,0.25,1.0,区块×4店 仅执行 25%,24.0,16.1,84.0,19,10,10.6,"[52, 43, 44, 33, 30, 0, 0]",3.96,1.0,165,18,区块全开·星期照做,"无锡市（锡山区×176, 惠山区×33）：计划 196 店 / 216 次，分成 5 个区块（最大区块 167 店）。 地盘东西 24.0 × 南北 16.1 km；区块内店距中位 84 m。 节奏：19 个工作日、平均每天 10.6 家店、一天 1.0 个区块、当天作业半径中位 3.96 km；出勤 周一52/周二43/周三44/周四33/周五30；周六、周日 没跑。 ① 区块开工：5 块里他开工了 5 块；② 区块内执行率中位 100%（最弱一块 25%）；③ 区块星期一致 100%。 参考：覆盖 90%、同日 86%、相位 86%、量比 0.94。 结论：**计划怎么划他就怎么做**——区块全开工、区块内做全、星期按计划。 最冷的区块（计划内执行率最低）：区块×4店 仅执行 25%。"
NP0010485,德州市,371402×36,36,36,85,83,0.139,0.06,0.111,0.111,0.139,2.36,31,1,[36],"[{'块': '块1', '中心': '37.443,116.321', '计划店': 36, '跑到的计划店': 5, '执行率': 0.139, '计划星期': '周四', '实际主力星期': '周四'}]",1,1.0,0.139,0.139,1.0,区块×36店 仅执行 14%,8.3,5.8,320.0,2,2,42.5,"[24, 16, 17, 6, 17, 0, 5]",0.89,1.0,81,2,计划与实际几乎不相交,德州市（371402×36）：计划 36 店 / 36 次，分成 1 个区块（最大区块 36 店）。 地盘东西 8.3 × 南北 5.8 km；区块内店距中位 320 m。 节奏：2 个工作日、平均每天 42.5 家店、一天 1.0 个区块、当天作业半径中位 0.89 km；出勤 周一24/周二16/周三17/周四6/周五17/周日5；周六 没跑。 ① 区块开工：1 块里他开工了 1 块；② 区块内执行率中位 14%（最弱一块 14%）；③ 区块星期一致 100%。 参考：覆盖 14%、同日 11%、相位 14%、量比 2.36。 结论：计划与实际几乎不相交——先查这块地盘是不是搞错了（管辖/门店清单），再谈行为。 最冷的区块（计划内执行率最低）：区块×36店 仅执行 14%。
NP0010486,德州市,"371402×24, 371423×7",36,36,107,106,0.333,0.113,0.111,0.0,0.222,2.97,24,4,"[24, 7, 4, 1]","[{'块': '块1', '中心': '37.432,116.379', '计划店': 24, '跑到的计划店': 12, '执行率': 0.5, '计划星期': '周四', '实际主力星期': '周四'}, {'块': '块2', '中心': '37.775,117.388', '计划店': 7, '跑到的计划店': 0, '执行率': 0.0, '计划星期': '周一', '实际主力星期': '未开工'}, {'块': '块3', '中心': '37.728,117.224', '计划店': 4, '跑到的计划店': 0, '执行率': 0.0, '计划星期': '周一', '实际主力星期': '未开工'}, {'块': '块4', '中心': '37.787,117.192', '计划店': 1, '跑到的计划店': 0, '执行率': 0.0, '计划星期': '周一', '实际主力星期': '未开工'}]",1,0.25,0.0,0.0,1.0,区块×24店 仅执行 50%,92.5,41.2,203.0,8,1,13.4,"[33, 9, 16, 25, 24, 0, 0]",1.28,1.0,105,1,区块大面积没开工,"德州市（371402×24, 371423×7）：计划 36 店 / 36 次，分成 4 个区块（最大区块 24 店）。 地盘东西 92.5 × 南北 41.2 km；区块内店距中位 203 m。 节奏：8 个工作日、平均每天 13.4 家店、一天 1.0 个区块、当天作业半径中位 1.28 km；出勤 周一33/周二9/周三16/周四25/周五24；周六、周日 没跑。 ① 区块开工：4 块里他开工了 1 块；② 区块内执行率中位 0%（最弱一块 0%）；③ 区块星期一致 100%。 参考：覆盖 33%、同日 0%、相位 22%、量比 2.97。 结论：**有区块整块没开工**（3 块），先问为什么不去，而不是谈执行率。 最冷的区块（计划内执行率最低）：区块×24店 仅执行 50%。"
NP0010498,广州市,"增城区×238, 白云区×1",221,239,284,256,0.995,0.859,0.995,0.996,0.995,1.19,1,2,"[192, 29]","[{'块': '块1', '中心': '23.232,113.817', '计划店': 192, '跑到的计划店': 191, '执行率': 0.995, '计划星期': '周一', '实际主力星期': '周一'}, {'块': '块2', '中心': '23.162,113.842', '计划店': 29, '跑到的计划店': 29, '执行率': 1.0, '计划星期': '周二', '实际主力星期': '周二'}]",2,1.0,0.997,0.995,1.0,,13.7,18.5,59.0,21,12,13.5,"[71, 56, 51, 56, 49, 0, 1]",1.11,1.0,229,27,区块全开·星期照做,"广州市（增城区×238, 白云区×1）：计划 221 店 / 239 次，分成 2 个区块（最大区块 192 店）。 地盘东西 13.7 × 南北 18.5 km；区块内店距中位 59 m。 节奏：21 个工作日、平均每天 13.5 家店、一天 1.0 个区块、当天作业半径中位 1.11 km；出勤 周一71/周二56/周三51/周四56/周五49/周日1；周六 没跑。 ① 区块开工：2 块里他开工了 2 块；② 区块内执行率中位 100%（最弱一块 100%）；③ 区块星期一致 100%。 参考：覆盖 100%、同日 100%、相位 100%、量比 1.19。 结论：**计划怎么划他就怎么做**——区块全开工、区块内做全、星期按计划。"
NP0010660,武汉市,"汉阳区×160, 蔡甸区×51",197,212,254,217,0.893,0.811,0.893,0.901,0.893,1.2,21,5,"[169, 19, 7, 1, 1]","[{'块': '块1', '中心': '30.538,114.226', '计划店': 169, '跑到的计划店': 148, '执行率': 0.876, '计划星期': '周一', '实际主力星期': '周一'}, {'块': '块2', '中心': '30.573,114.032', '计划店': 19, '跑到的计划店': 19, '执行率': 1.0, '计划星期': '周四', '实际主力星期': '周四'}, {'块': '块3', '中心': '30.465,114.103', '计划店': 7, '跑到的计划店': 7, '执行率': 1.0, '计划星期': '周四', '实际主力星期': '周四'}, {'块': '块4', '中心': '30.448,114.057', '计划店': 1, '跑到的计划店': 1, '执行率': 1.0, '计划星期': '周四', '实际主力星期': '周四'}, {'块': '块5', '中心': '30.445,114.018', '计划店': 1, '跑到的计划店': 1, '执行率': 1.0, '计划星期': '周四', '实际主力星期': '周四'}]",5,1.0,1.0,0.876,1.0,,25.8,15.3,116.0,21,10,12.1,"[67, 46, 48, 49, 44, 0, 0]",2.86,1.0,184,33,区块全开·星期照做,"武汉市（汉阳区×160, 蔡甸区×51）：计划 197 店 / 212 次，分成 5 个区块（最大区块 169 店）。 地盘东西 25.8 × 南北 15.3 km；区块内店距中位 116 m。 节奏：21 个工作日、平均每天 12.1 家店、一天 1.0 个区块、当天作业半径中位 2.86 km；出勤 周一67/周二46/周三48/周四49/周五44；周六、周日 没跑。 ① 区块开工：5 块里他开工了 5 块；② 区块内执行率中位 100%（最弱一块 88%）；③ 区块星期一致 100%。 参考：覆盖 89%、同日 90%、相位 89%、量比 1.2。 结论：**计划怎么划他就怎么做**——区块全开工、区块内做全、星期按计划。"
NP0010665,武汉市,"洪山区×79, 青山区×73",203,222,254,213,0.931,0.887,0.931,0.937,0.931,1.14,14,1,[203],"[{'块': '块1', '中心': '30.604,114.372', '计划店': 203, '跑到的计划店': 189, '执行率': 0.931, '计划星期': '周一', '实际主力星期': '周一'}]",1,1.0,0.931,0.931,1.0,,9.6,9.3,72.0,21,11,12.1,"[57, 50, 42, 53, 52, 0, 0]",2.14,1.0,175,38,区块全开·星期照做,"武汉市（洪山区×79, 青山区×73）：计划 203 店 / 222 次，分成 1 个区块（最大区块 203 店）。 地盘东西 9.6 × 南北 9.3 km；区块内店距中位 72 m。 节奏：21 个工作日、平均每天 12.1 家店、一天 1.0 个区块、当天作业半径中位 2.14 km；出勤 周一57/周二50/周三42/周四53/周五52；周六、周日 没跑。 ① 区块开工：1 块里他开工了 1 块；② 区块内执行率中位 93%（最弱一块 93%）；③ 区块星期一致 100%。 参考：覆盖 93%、同日 94%、相位 93%、量比 1.14。 结论：**计划怎么划他就怎么做**——区块全开工、区块内做全、星期按计划。"
NP0010670,佛山市,"南海区×241, 禅城区×9",227,251,277,234,0.899,0.872,0.899,0.904,0.899,1.1,23,1,[227],"[{'块': '块1', '中心': '23.039,113.152', '计划店': 227, '跑到的计划店': 204, '执行率': 0.899, '计划星期': '周一', '实际主力星期': '周一'}]",1,1.0,0.899,0.899,1.0,,5.4,8.9,62.0,22,11,12.6,"[72, 54, 44, 51, 52, 4, 0]",1.16,1.0,192,42,区块全开·星期照做,"佛山市（南海区×241, 禅城区×9）：计划 227 店 / 251 次，分成 1 个区块（最大区块 227 店）。 地盘东西 5.4 × 南北 8.9 km；区块内店距中位 62 m。 节奏：22 个工作日、平均每天 12.6 家店、一天 1.0 个区块、当天作业半径中位 1.16 km；出勤 周一72/周二54/周三44/周四51/周五52/周六4；周日 没跑。 ① 区块开工：1 块里他开工了 1 块；② 区块内执行率中位 90%（最弱一块 90%）；③ 区块星期一致 100%。 参考：覆盖 90%、同日 90%、相位 90%、量比 1.1。 结论：**计划怎么划他就怎么做**——区块全开工、区块内做全、星期按计划。"
NP0010674,常州市,"天宁区×101, 武进区×57",172,178,221,210,0.715,0.586,0.645,0.584,0.61,1.24,49,3,"[146, 14, 12]","[{'块': '块1', '中心': '31.764,119.977', '计划店': 146, '跑到的计划店': 106, '执行率': 0.726, '计划星期': '周一', '实际主力星期': '周一'}, {'块': '块2', '中心': '31.762,120.101', '计划店': 14, '跑到的计划店': 5, '执行率': 0.357, '计划星期': '周三', '实际主力星期': '周五'}, {'块': '块3', '中心': '31.822,120.080', '计划店': 12, '跑到的计划店': 12, '执行率': 1.0, '计划星期': '周三', '实际主力星期': '周三'}]",3,1.0,0.726,0.357,0.667,区块×14店 仅执行 36%,17.4,11.2,88.0,18,7,12.3,"[66, 38, 40, 37, 40, 0, 0]",1.44,1.0,199,11,区块全开·店和星期都有欠,"常州市（天宁区×101, 武进区×57）：计划 172 店 / 178 次，分成 3 个区块（最大区块 146 店）。 地盘东西 17.4 × 南北 11.2 km；区块内店距中位 88 m。 节奏：18 个工作日、平均每天 12.3 家店、一天 1.0 个区块、当天作业半径中位 1.44 km；出勤 周一66/周二38/周三40/周四37/周五40；周六、周日 没跑。 ① 区块开工：3 块里他开工了 3 块；② 区块内执行率中位 73%（最弱一块 36%）；③ 区块星期一致 67%。 参考：覆盖 72%、同日 58%、相位 61%、量比 1.24。 结论：区块开了，但店没做全、星期也没守——属于执行力不足，要具体看到底缺在哪块。 最冷的区块（计划内执行率最低）：区块×14店 仅执行 36%。"
NP0010683,昆明市,"西山区×86, 官渡区×12",107,107,268,231,0.832,0.385,0.832,0.832,0.832,2.5,18,3,"[94, 12, 1]","[{'块': '块1', '中心': '25.020,102.689', '计划店': 94, '跑到的计划店': 80, '执行率': 0.851, '计划星期': '周二', '实际主力星期': '周二'}, {'块': '块2', '中心': '24.922,102.790', '计划店': 12, '跑到的计划店': 9, '执行率': 0.75, '计划星期': '周四', '实际主力星期': '周四'}, {'块': '块3', '中心': '24.995,102.616', '计划店': 1, '跑到的计划店': 0, '执行率': 0.0, '计划星期': '周二', '实际主力星期': '未开工'}]",2,0.667,0.75,0.0,1.0,,21.8,15.6,128.0,17,7,15.8,"[75, 52, 51, 53, 37, 0, 0]",1.04,1.0,197,34,区块缺了没开,"昆明市（西山区×86, 官渡区×12）：计划 107 店 / 107 次，分成 3 个区块（最大区块 94 店）。 地盘东西 21.8 × 南北 15.6 km；区块内店距中位 128 m。 节奏：17 个工作日、平均每天 15.8 家店、一天 1.0 个区块、当天作业半径中位 1.04 km；出勤 周一75/周二52/周三51/周四53/周五37；周六、周日 没跑。 ① 区块开工：3 块里他开工了 2 块；② 区块内执行率中位 75%（最弱一块 0%）；③ 区块星期一致 100%。 参考：覆盖 83%、同日 83%、相位 83%、量比 2.5。 结论：**有 1 个区块整块没开工**，但他开的那几块做得很好（执行率与星期都守）——先问为什么不去那几块。"
NP0010688,成都市,郫都区×23,23,23,248,163,1.0,0.141,1.0,1.0,1.0,10.78,0,5,"[13, 7, 1, 1, 1]","[{'块': '块1', '中心': '30.801,103.880', '计划店': 13, '跑到的计划店': 13, '执行率': 1.0, '计划星期': '周二', '实际主力星期': '周二'}, {'块': '块2', '中心': '30.786,103.955', '计划店': 7, '跑到的计划店': 7, '执行率': 1.0, '计划星期': '周五', '实际主力星期': '周五'}, {'块': '块3', '中心': '30.863,103.809', '计划店': 1, '跑到的计划店': 1, '执行率': 1.0, '计划星期': '周三', '实际主力星期': '周三'}, {'块': '块4', '中心': '30.829,103.903', '计划店': 1, '跑到的计划店': 1, '执行率': 1.0, '计划星期': '周一', '实际主力星期': '周一'}, {'块': '块5', '中心': '30.868,103.914', '计划店': 1, '跑到的计划店': 1, '执行率': 1.0, '计划星期': '周三', '实际主力星期': '周三'}]",5,1.0,1.0,1.0,1.0,,14.6,10.3,458.0,12,3,20.7,"[61, 50, 50, 50, 33, 4, 0]",4.77,2.0,106,57,区块全开·星期照做,成都市（郫都区×23）：计划 23 店 / 23 次，分成 5 个区块（最大区块 13 店）。 地盘东西 14.6 × 南北 10.3 km；区块内店距中位 458 m。 节奏：12 个工作日、平均每天 20.7 家店、一天 2.0 个区块、当天作业半径中位 4.77 km；出勤 周一61/周二50/周三50/周四50/周五33/周六4；周日 没跑。 ① 区块开工：5 块里他开工了 5 块；② 区块内执行率中位 100%（最弱一块 100%）；③ 区块星期一致 100%。 参考：覆盖 100%、同日 100%、相位 100%、量比 10.78。 结论：**计划怎么划他就怎么做**——区块全开工、区块内做全、星期按计划。
NP0010748,商丘市,"梁园区×113, 夏邑县×20",128,142,213,134,0.898,0.858,0.903,0.901,0.898,1.5,13,3,"[109, 18, 1]","[{'块': '块1', '中心': '34.409,115.691', '计划店': 109, '跑到的计划店': 96, '执行率': 0.881, '计划星期': '周一', '实际主力星期': '周二'}, {'块': '块2', '中心': '34.225,116.130', '计划店': 18, '跑到的计划店': 18, '执行率': 1.0, '计划星期': '周五', '实际主力星期': '周三'}, {'块': '块3', '中心': '34.098,116.074', '计划店': 1, '跑到的计划店': 1, '执行率': 1.0, '计划星期': '周五', '实际主力星期': '周五'}]",3,1.0,1.0,0.881,1.0,,44.7,41.2,77.0,20,9,10.7,"[45, 39, 43, 44, 42, 0, 0]",2.59,1.0,81,53,区块全开·星期照做,"商丘市（梁园区×113, 夏邑县×20）：计划 128 店 / 142 次，分成 3 个区块（最大区块 109 店）。 地盘东西 44.7 × 南北 41.2 km；区块内店距中位 77 m。 节奏：20 个工作日、平均每天 10.7 家店、一天 1.0 个区块、当天作业半径中位 2.59 km；出勤 周一45/周二39/周三43/周四44/周五42；周六、周日 没跑。 ① 区块开工：3 块里他开工了 3 块；② 区块内执行率中位 100%（最弱一块 88%）；③ 区块星期一致 100%。 参考：覆盖 90%、同日 90%、相位 90%、量比 1.5。 结论：**计划怎么划他就怎么做**——区块全开工、区块内做全、星期按计划。"
NP0010807,清远市,清城区×212,191,212,253,221,1.0,0.864,1.0,1.0,1.0,1.19,0,6,"[163, 11, 8, 7, 1]","[{'块': '块1', '中心': '23.680,113.040', '计划店': 163, '跑到的计划店': 163, '执行率': 1.0, '计划星期': '周三', '实际主力星期': '周三'}, {'块': '块2', '中心': '23.556,113.133', '计划店': 11, '跑到的计划店': 11, '执行率': 1.0, '计划星期': '周五', '实际主力星期': '周五'}, {'块': '块3', '中心': '23.557,112.970', '计划店': 8, '跑到的计划店': 8, '执行率': 1.0, '计划星期': '周五', '实际主力星期': '周五'}, {'块': '块4', '中心': '23.475,113.005', '计划店': 7, '跑到的计划店': 7, '执行率': 1.0, '计划星期': '周五', '实际主力星期': '周五'}, {'块': '块5', '中心': '23.741,113.060', '计划店': 1, '跑到的计划店': 1, '执行率': 1.0, '计划星期': '周二', '实际主力星期': '周二'}, {'块': '块6', '中心': '23.512,113.107', '计划店': 1, '跑到的计划店': 1, '执行率': 1.0, '计划星期': '周五', '实际主力星期': '周五'}]",6,1.0,1.0,1.0,1.0,,19.4,30.8,134.0,21,11,12.0,"[59, 49, 50, 47, 48, 0, 0]",1.73,1.0,190,31,区块全开·星期照做,清远市（清城区×212）：计划 191 店 / 212 次，分成 6 个区块（最大区块 163 店）。 地盘东西 19.4 × 南北 30.8 km；区块内店距中位 134 m。 节奏：21 个工作日、平均每天 12.0 家店、一天 1.0 个区块、当天作业半径中位 1.73 km；出勤 周一59/周二49/周三50/周四47/周五48；周六、周日 没跑。 ① 区块开工：6 块里他开工了 6 块；② 区块内执行率中位 100%（最弱一块 100%）；③ 区块星期一致 100%。 参考：覆盖 100%、同日 100%、相位 100%、量比 1.19。 结论：**计划怎么划他就怎么做**——区块全开工、区块内做全、星期按计划。
NP0010842,兰州市,"城关区×15, 七里河区×2",17,17,262,223,1.0,0.076,1.0,1.0,1.0,15.41,0,4,"[12, 2, 2, 1]","[{'块': '块1', '中心': '36.061,103.822', '计划店': 12, '跑到的计划店': 12, '执行率': 1.0, '计划星期': '周三', '实际主力星期': '周三'}, {'块': '块2', '中心': '36.102,103.908', '计划店': 2, '跑到的计划店': 2, '执行率': 1.0, '计划星期': '周五', '实际主力星期': '周五'}, {'块': '块3', '中心': '36.074,103.779', '计划店': 2, '跑到的计划店': 2, '执行率': 1.0, '计划星期': '周四', '实际主力星期': '周五'}, {'块': '块4', '中心': '36.067,103.881', '计划店': 1, '跑到的计划店': 1, '执行率': 1.0, '计划星期': '周一', '实际主力星期': '周一'}]",4,1.0,1.0,1.0,1.0,,12.5,6.1,115.0,11,1,23.8,"[64, 45, 62, 47, 44, 0, 0]",0.36,1.0,186,37,区块全开·星期照做,"兰州市（城关区×15, 七里河区×2）：计划 17 店 / 17 次，分成 4 个区块（最大区块 12 店）。 地盘东西 12.5 × 南北 6.1 km；区块内店距中位 115 m。 节奏：11 个工作日、平均每天 23.8 家店、一天 1.0 个区块、当天作业半径中位 0.36 km；出勤 周一64/周二45/周三62/周四47/周五44；周六、周日 没跑。 ① 区块开工：4 块里他开工了 4 块；② 区块内执行率中位 100%（最弱一块 100%）；③ 区块星期一致 100%。 参考：覆盖 100%、同日 100%、相位 100%、量比 15.41。 结论：**计划怎么划他就怎么做**——区块全开工、区块内做全、星期按计划。"
NP0010891,无锡市,"梁溪区×113, 滨湖区×53",167,183,162,139,0.689,0.827,0.671,0.656,0.653,0.89,52,1,[167],"[{'块': '块1', '中心': '31.582,120.285', '计划店': 167, '跑到的计划店': 115, '执行率': 0.689, '计划星期': '周三', '实际主力星期': '周一'}]",1,1.0,0.689,0.689,1.0,,11.8,17.1,115.0,19,8,8.5,"[41, 33, 36, 32, 19, 0, 1]",2.15,1.0,119,20,区块全开·区块内欠访,"无锡市（梁溪区×113, 滨湖区×53）：计划 167 店 / 183 次，分成 1 个区块（最大区块 167 店）。 地盘东西 11.8 × 南北 17.1 km；区块内店距中位 115 m。 节奏：19 个工作日、平均每天 8.5 家店、一天 1.0 个区块、当天作业半径中位 2.15 km；出勤 周一41/周二33/周三36/周四32/周五19/周日1；周六 没跑。 ① 区块开工：1 块里他开工了 1 块；② 区块内执行率中位 69%（最弱一块 69%）；③ 区块星期一致 100%。 参考：覆盖 69%、同日 66%、相位 65%、量比 0.89。 结论：区块都开了、星期也守，但**区块内没做全**（存在欠访）。"
NP0010900,青岛市,"市南区×152, 市北区×129",266,281,279,208,0.564,0.721,0.541,0.541,0.553,0.99,116,1,[266],"[{'块': '块1', '中心': '36.081,120.365', '计划店': 266, '跑到的计划店': 150, '执行率': 0.564, '计划星期': '周一', '实际主力星期': '周一'}]",1,1.0,0.564,0.564,1.0,区块×266店 仅执行 56%,9.9,10.6,82.0,18,11,15.5,"[61, 64, 31, 46, 61, 16, 0]",3.83,1.0,154,54,区块全开·区块内欠访,"青岛市（市南区×152, 市北区×129）：计划 266 店 / 281 次，分成 1 个区块（最大区块 266 店）。 地盘东西 9.9 × 南北 10.6 km；区块内店距中位 82 m。 节奏：18 个工作日、平均每天 15.5 家店、一天 1.0 个区块、当天作业半径中位 3.83 km；出勤 周一61/周二64/周三31/周四46/周五61/周六16；周日 没跑。 ① 区块开工：1 块里他开工了 1 块；② 区块内执行率中位 56%（最弱一块 56%）；③ 区块星期一致 100%。 参考：覆盖 56%、同日 54%、相位 55%、量比 0.99。 结论：区块都开了、星期也守，但**区块内没做全**（存在欠访）。 最冷的区块（计划内执行率最低）：区块×266店 仅执行 56%。"
NP0010920,曲靖市,"宣威市×69, 会泽县×1",69,70,241,219,1.0,0.315,1.0,1.0,1.0,3.44,0,4,"[66, 1, 1, 1]","[{'块': '块1', '中心': '26.233,104.099', '计划店': 66, '跑到的计划店': 66, '执行率': 1.0, '计划星期': '周一', '实际主力星期': '周一'}, {'块': '块2', '中心': '26.422,103.284', '计划店': 1, '跑到的计划店': 1, '执行率': 1.0, '计划星期': '周二', '实际主力星期': '周二'}, {'块': '块3', '中心': '25.520,103.823', '计划店': 1, '跑到的计划店': 1, '执行率': 1.0, '计划星期': '周五', '实际主力星期': '周五'}, {'块': '块4', '中心': '26.185,104.102', '计划店': 1, '跑到的计划店': 1, '执行率': 1.0, '计划星期': '周四', '实际主力星期': '周四'}]",4,1.0,1.0,1.0,1.0,,83.5,100.1,62.0,14,4,17.2,"[61, 48, 49, 36, 36, 11, 0]",2.4,1.0,199,20,区块全开·星期照做,"曲靖市（宣威市×69, 会泽县×1）：计划 69 店 / 70 次，分成 4 个区块（最大区块 66 店）。 地盘东西 83.5 × 南北 100.1 km；区块内店距中位 62 m。 节奏：14 个工作日、平均每天 17.2 家店、一天 1.0 个区块、当天作业半径中位 2.4 km；出勤 周一61/周二48/周三49/周四36/周五36/周六11；周日 没跑。 ① 区块开工：4 块里他开工了 4 块；② 区块内执行率中位 100%（最弱一块 100%）；③ 区块星期一致 100%。 参考：覆盖 100%、同日 100%、相位 100%、量比 3.44。 结论：**计划怎么划他就怎么做**——区块全开工、区块内做全、星期按计划。"
NP0010987,滨州市,滨城区×83,83,83,131,102,0.277,0.225,0.133,0.108,0.229,1.58,60,2,"[77, 6]","[{'块': '块1', '中心': '37.391,118.006', '计划店': 77, '跑到的计划店': 22, '执行率': 0.286, '计划星期': '周三', '实际主力星期': '周一'}, {'块': '块2', '中心': '37.470,117.992', '计划店': 6, '跑到的计划店': 1, '执行率': 0.167, '计划星期': '周四', '实际主力星期': '周四'}]",2,1.0,0.226,0.167,1.0,区块×6店 仅执行 17%; 区块×77店 仅执行 29%,10.3,12.7,100.0,10,3,13.1,"[33, 21, 21, 19, 30, 3, 4]",1.65,1.0,74,28,计划与实际几乎不相交,滨州市（滨城区×83）：计划 83 店 / 83 次，分成 2 个区块（最大区块 77 店）。 地盘东西 10.3 × 南北 12.7 km；区块内店距中位 100 m。 节奏：10 个工作日、平均每天 13.1 家店、一天 1.0 个区块、当天作业半径中位 1.65 km；出勤 周一33/周二21/周三21/周四19/周五30/周六3/周日4。 ① 区块开工：2 块里他开工了 2 块；② 区块内执行率中位 23%（最弱一块 17%）；③ 区块星期一致 100%。 参考：覆盖 28%、同日 11%、相位 23%、量比 1.58。 结论：计划与实际几乎不相交——先查这块地盘是不是搞错了（管辖/门店清单），再谈行为。 最冷的区块（计划内执行率最低）：区块×6店 仅执行 17%; 区块×77店 仅执行 29%。
NP0010989,秦皇岛市,"海港区×50, 昌黎县×43",93,93,106,74,0.344,0.432,0.204,0.172,0.247,1.14,61,7,"[50, 36, 3, 1, 1]","[{'块': '块1', '中心': '39.923,119.559', '计划店': 50, '跑到的计划店': 29, '执行率': 0.58, '计划星期': '周二', '实际主力星期': '周五'}, {'块': '块2', '中心': '39.716,119.177', '计划店': 36, '跑到的计划店': 3, '执行率': 0.083, '计划星期': '周一', '实际主力星期': '周三'}, {'块': '块3', '中心': '39.699,119.338', '计划店': 3, '跑到的计划店': 0, '执行率': 0.0, '计划星期': '周四', '实际主力星期': '未开工'}, {'块': '块4', '中心': '39.693,119.222', '计划店': 1, '跑到的计划店': 0, '执行率': 0.0, '计划星期': '周一', '实际主力星期': '未开工'}, {'块': '块5', '中心': '39.657,119.308', '计划店': 1, '跑到的计划店': 0, '执行率': 0.0, '计划星期': '周三', '实际主力星期': '未开工'}, {'块': '块6', '中心': '39.533,119.100', '计划店': 1, '跑到的计划店': 0, '执行率': 0.0, '计划星期': '周五', '实际主力星期': '未开工'}, {'块': '块7', '中心': '39.760,119.248', '计划店': 1, '跑到的计划店': 0, '执行率': 0.0, '计划星期': '周一', '实际主力星期': '未开工'}]",2,0.286,0.0,0.0,0.5,区块×36店 仅执行 8%; 区块×50店 仅执行 58%,40.2,46.0,108.0,18,2,5.9,"[16, 19, 26, 18, 23, 4, 0]",1.4,1.0,48,26,区块大面积没开工,"秦皇岛市（海港区×50, 昌黎县×43）：计划 93 店 / 93 次，分成 7 个区块（最大区块 50 店）。 地盘东西 40.2 × 南北 46.0 km；区块内店距中位 108 m。 节奏：18 个工作日、平均每天 5.9 家店、一天 1.0 个区块、当天作业半径中位 1.4 km；出勤 周一16/周二19/周三26/周四18/周五23/周六4；周日 没跑。 ① 区块开工：7 块里他开工了 2 块；② 区块内执行率中位 0%（最弱一块 0%）；③ 区块星期一致 50%。 参考：覆盖 34%、同日 17%、相位 25%、量比 1.14。 结论：**有区块整块没开工**（5 块），先问为什么不去，而不是谈执行率。 最冷的区块（计划内执行率最低）：区块×36店 仅执行 8%; 区块×50店 仅执行 58%。"
NP0010995,合肥市,"蜀山区×23, 庐阳区×17",45,46,162,123,0.467,0.171,0.435,0.283,0.467,3.52,24,1,[45],"[{'块': '块1', '中心': '31.865,117.247', '计划店': 45, '跑到的计划店': 21, '执行率': 0.467, '计划星期': '周二', '实际主力星期': '周二'}]",1,1.0,0.467,0.467,1.0,区块×45店 仅执行 47%,5.6,4.8,121.0,10,2,16.2,"[41, 18, 32, 34, 37, 0, 0]",1.15,1.0,93,30,区块全开·区块内欠访,"合肥市（蜀山区×23, 庐阳区×17）：计划 45 店 / 46 次，分成 1 个区块（最大区块 45 店）。 地盘东西 5.6 × 南北 4.8 km；区块内店距中位 121 m。 节奏：10 个工作日、平均每天 16.2 家店、一天 1.0 个区块、当天作业半径中位 1.15 km；出勤 周一41/周二18/周三32/周四34/周五37；周六、周日 没跑。 ① 区块开工：1 块里他开工了 1 块；② 区块内执行率中位 47%（最弱一块 47%）；③ 区块星期一致 100%。 参考：覆盖 47%、同日 28%、相位 47%、量比 3.52。 结论：区块都开了、星期也守，但**区块内没做全**（存在欠访）。 最冷的区块（计划内执行率最低）：区块×45店 仅执行 47%。"
NP0011002,西安市,"灞桥区×107, 未央区×18",105,125,304,229,0.457,0.21,0.286,0.168,0.257,2.43,57,1,[105],"[{'块': '块1', '中心': '34.337,109.048', '计划店': 105, '跑到的计划店': 48, '执行率': 0.457, '计划星期': '周二', '实际主力星期': '周一'}]",1,1.0,0.457,0.457,1.0,区块×105店 仅执行 46%,5.9,11.3,91.0,18,5,16.9,"[76, 46, 67, 62, 52, 1, 0]",2.09,1.0,178,51,区块全开·区块内欠访,"西安市（灞桥区×107, 未央区×18）：计划 105 店 / 125 次，分成 1 个区块（最大区块 105 店）。 地盘东西 5.9 × 南北 11.3 km；区块内店距中位 91 m。 节奏：18 个工作日、平均每天 16.9 家店、一天 1.0 个区块、当天作业半径中位 2.09 km；出勤 周一76/周二46/周三67/周四62/周五52/周六1；周日 没跑。 ① 区块开工：1 块里他开工了 1 块；② 区块内执行率中位 46%（最弱一块 46%）；③ 区块星期一致 100%。 参考：覆盖 46%、同日 17%、相位 26%、量比 2.43。 结论：区块都开了、星期也守，但**区块内没做全**（存在欠访）。 最冷的区块（计划内执行率最低）：区块×105店 仅执行 46%。"
NP0011031,眉山市,仁寿县×136,126,136,263,213,1.0,0.592,1.0,0.993,1.0,1.93,0,6,"[109, 5, 5, 3, 3]","[{'块': '块1', '中心': '30.001,104.161', '计划店': 109, '跑到的计划店': 109, '执行率': 1.0, '计划星期': '周一', '实际主力星期': '周一'}, {'块': '块2', '中心': '29.926,104.299', '计划店': 5, '跑到的计划店': 5, '执行率': 1.0, '计划星期': '周五', '实际主力星期': '周五'}, {'块': '块3', '中心': '29.735,104.337', '计划店': 5, '跑到的计划店': 5, '执行率': 1.0, '计划星期': '周五', '实际主力星期': '周五'}, {'块': '块4', '中心': '30.079,104.240', '计划店': 3, '跑到的计划店': 3, '执行率': 1.0, '计划星期': '周四', '实际主力星期': '周四'}, {'块': '块5', '中心': '30.170,104.165', '计划店': 3, '跑到的计划店': 3, '执行率': 1.0, '计划星期': '周四', '实际主力星期': '周四'}, {'块': '块6', '中心': '29.805,104.305', '计划店': 1, '跑到的计划店': 1, '执行率': 1.0, '计划星期': '周五', '实际主力星期': '周五'}]",6,1.0,1.0,1.0,1.0,,20.6,49.0,200.0,22,9,12.0,"[60, 48, 38, 45, 48, 24, 0]",2.69,1.0,171,42,区块全开·星期照做,眉山市（仁寿县×136）：计划 126 店 / 136 次，分成 6 个区块（最大区块 109 店）。 地盘东西 20.6 × 南北 49.0 km；区块内店距中位 200 m。 节奏：22 个工作日、平均每天 12.0 家店、一天 1.0 个区块、当天作业半径中位 2.69 km；出勤 周一60/周二48/周三38/周四45/周五48/周六24；周日 没跑。 ① 区块开工：6 块里他开工了 6 块；② 区块内执行率中位 100%（最弱一块 100%）；③ 区块星期一致 100%。 参考：覆盖 100%、同日 99%、相位 100%、量比 1.93。 结论：**计划怎么划他就怎么做**——区块全开工、区块内做全、星期按计划。
NP0011048,台州市,"椒江区×173, 玉环市×53",245,245,239,230,0.706,0.752,0.645,0.645,0.686,0.98,72,9,"[164, 25, 24, 15, 10]","[{'块': '块1', '中心': '28.654,121.420', '计划店': 164, '跑到的计划店': 144, '执行率': 0.878, '计划星期': '周一', '实际主力星期': '周一'}, {'块': '块2', '中心': '28.229,121.279', '计划店': 25, '跑到的计划店': 3, '执行率': 0.12, '计划星期': '周五', '实际主力星期': '周二'}, {'块': '块3', '中心': '28.581,121.370', '计划店': 24, '跑到的计划店': 15, '执行率': 0.625, '计划星期': '周二', '实际主力星期': '周四'}, {'块': '块4', '中心': '28.119,121.232', '计划店': 15, '跑到的计划店': 2, '执行率': 0.133, '计划星期': '周二', '实际主力星期': '周二'}, {'块': '块5', '中心': '28.082,121.273', '计划店': 10, '跑到的计划店': 4, '执行率': 0.4, '计划星期': '周一', '实际主力星期': '周六'}, {'块': '块6', '中心': '28.609,121.455', '计划店': 3, '跑到的计划店': 3, '执行率': 1.0, '计划星期': '周四', '实际主力星期': '周四'}, {'块': '块7', '中心': '28.709,121.417', '计划店': 2, '跑到的计划店': 2, '执行率': 1.0, '计划星期': '周五', '实际主力星期': '周五'}, {'块': '块8', '中心': '28.264,121.304', '计划店': 1, '跑到的计划店': 0, '执行率': 0.0, '计划星期': '周四', '实际主力星期': '未开工'}, {'块': '块9', '中心': '28.233,121.334', '计划店': 1, '跑到的计划店': 0, '执行率': 0.0, '计划星期': '周四', '实际主力星期': '未开工'}]",7,0.778,0.4,0.0,0.571,区块×25店 仅执行 12%; 区块×15店 仅执行 13%; 区块×10店 仅执行 40%,24.8,70.0,57.0,19,12,12.6,"[35, 51, 41, 50, 37, 17, 8]",2.78,1.0,222,8,区块缺了没开,"台州市（椒江区×173, 玉环市×53）：计划 245 店 / 245 次，分成 9 个区块（最大区块 164 店）。 地盘东西 24.8 × 南北 70.0 km；区块内店距中位 57 m。 节奏：19 个工作日、平均每天 12.6 家店、一天 1.0 个区块、当天作业半径中位 2.78 km；出勤 周一35/周二51/周三41/周四50/周五37/周六17/周日8。 ① 区块开工：9 块里他开工了 7 块；② 区块内执行率中位 40%（最弱一块 0%）；③ 区块星期一致 57%。 参考：覆盖 71%、同日 64%、相位 69%、量比 0.98。 结论：**有 2 个区块整块没开工**，但他开的那几块做得很好（执行率与星期都守）——先问为什么不去那几块。 最冷的区块（计划内执行率最低）：区块×25店 仅执行 12%; 区块×15店 仅执行 13%; 区块×10店 仅执行 40%。"
NP0011053,台州市,温岭市×169,169,169,178,175,0.574,0.554,0.379,0.349,0.497,1.05,72,9,"[133, 10, 9, 6, 4]","[{'块': '块1', '中心': '28.414,121.370', '计划店': 133, '跑到的计划店': 76, '执行率': 0.571, '计划星期': '周四', '实际主力星期': '周一'}, {'块': '块2', '中心': '28.339,121.608', '计划店': 10, '跑到的计划店': 4, '执行率': 0.4, '计划星期': '周二', '实际主力星期': '周二'}, {'块': '块3', '中心': '28.466,121.457', '计划店': 9, '跑到的计划店': 2, '执行率': 0.222, '计划星期': '周二', '实际主力星期': '周二'}, {'块': '块4', '中心': '28.278,121.613', '计划店': 6, '跑到的计划店': 4, '执行率': 0.667, '计划星期': '周三', '实际主力星期': '周三'}, {'块': '块5', '中心': '28.463,121.262', '计划店': 4, '跑到的计划店': 4, '执行率': 1.0, '计划星期': '周一', '实际主力星期': '周一'}, {'块': '块6', '中心': '28.397,121.523', '计划店': 3, '跑到的计划店': 3, '执行率': 1.0, '计划星期': '周二', '实际主力星期': '周二'}, {'块': '块7', '中心': '28.405,121.661', '计划店': 2, '跑到的计划店': 2, '执行率': 1.0, '计划星期': '周二', '实际主力星期': '周二'}, {'块': '块8', '中心': '28.347,121.578', '计划店': 1, '跑到的计划店': 1, '执行率': 1.0, '计划星期': '周二', '实际主力星期': '周二'}, {'块': '块9', '中心': '28.487,121.211', '计划店': 1, '跑到的计划店': 1, '执行率': 1.0, '计划星期': '周一', '实际主力星期': '周一'}]",9,1.0,1.0,0.222,1.0,区块×9店 仅执行 22%; 区块×10店 仅执行 40%; 区块×133店 仅执行 57%,43.9,26.4,175.0,18,6,9.9,"[39, 25, 26, 35, 32, 21, 0]",7.69,1.0,172,3,区块全开·星期照做,台州市（温岭市×169）：计划 169 店 / 169 次，分成 9 个区块（最大区块 133 店）。 地盘东西 43.9 × 南北 26.4 km；区块内店距中位 175 m。 节奏：18 个工作日、平均每天 9.9 家店、一天 1.0 个区块、当天作业半径中位 7.69 km；出勤 周一39/周二25/周三26/周四35/周五32/周六21；周日 没跑。 ① 区块开工：9 块里他开工了 9 块；② 区块内执行率中位 100%（最弱一块 22%）；③ 区块星期一致 100%。 参考：覆盖 57%、同日 35%、相位 50%、量比 1.05。 结论：**计划怎么划他就怎么做**——区块全开工、区块内做全、星期按计划。 最冷的区块（计划内执行率最低）：区块×9店 仅执行 22%; 区块×10店 仅执行 40%; 区块×133店 仅执行 57%。
NP0011086,北京市,"丰台区×244, 石景山区×24",268,268,146,123,0.291,0.634,0.239,0.228,0.265,0.54,190,1,[268],"[{'块': '块1', '中心': '39.853,116.288', '计划店': 268, '跑到的计划店': 78, '执行率': 0.291, '计划星期': '周一', '实际主力星期': '周一'}]",1,1.0,0.291,0.291,1.0,区块×268店 仅执行 29%,11.7,12.7,50.0,20,4,7.3,"[38, 31, 24, 29, 24, 0, 0]",0.69,1.0,100,23,计划与实际几乎不相交,"北京市（丰台区×244, 石景山区×24）：计划 268 店 / 268 次，分成 1 个区块（最大区块 268 店）。 地盘东西 11.7 × 南北 12.7 km；区块内店距中位 50 m。 节奏：20 个工作日、平均每天 7.3 家店、一天 1.0 个区块、当天作业半径中位 0.69 km；出勤 周一38/周二31/周三24/周四29/周五24；周六、周日 没跑。 ① 区块开工：1 块里他开工了 1 块；② 区块内执行率中位 29%（最弱一块 29%）；③ 区块星期一致 100%。 参考：覆盖 29%、同日 23%、相位 26%、量比 0.54。 结论：计划与实际几乎不相交——先查这块地盘是不是搞错了（管辖/门店清单），再谈行为。 最冷的区块（计划内执行率最低）：区块×268店 仅执行 29%。"
NP0011095,武汉市,"洪山区×74, 江夏区×73",136,147,246,211,0.757,0.488,0.75,0.735,0.735,1.67,33,3,"[61, 60, 15]","[{'块': '块1', '中心': '30.450,114.435', '计划店': 61, '跑到的计划店': 43, '执行率': 0.705, '计划星期': '周二', '实际主力星期': '周三'}, {'块': '块2', '中心': '30.486,114.508', '计划店': 60, '跑到的计划店': 46, '执行率': 0.767, '计划星期': '周一', '实际主力星期': '周一'}, {'块': '块3', '中心': '30.492,114.619', '计划店': 15, '跑到的计划店': 14, '执行率': 0.933, '计划星期': '周五', '实际主力星期': '周五'}]",3,1.0,0.767,0.705,1.0,,19.5,8.3,98.0,17,12,14.5,"[63, 36, 51, 48, 48, 0, 0]",1.47,1.0,176,35,区块全开·区块内欠访,"武汉市（洪山区×74, 江夏区×73）：计划 136 店 / 147 次，分成 3 个区块（最大区块 61 店）。 地盘东西 19.5 × 南北 8.3 km；区块内店距中位 98 m。 节奏：17 个工作日、平均每天 14.5 家店、一天 1.0 个区块、当天作业半径中位 1.47 km；出勤 周一63/周二36/周三51/周四48/周五48；周六、周日 没跑。 ① 区块开工：3 块里他开工了 3 块；② 区块内执行率中位 77%（最弱一块 70%）；③ 区块星期一致 100%。 参考：覆盖 76%、同日 74%、相位 74%、量比 1.67。 结论：区块都开了、星期也守，但**区块内没做全**（存在欠访）。"
NP0011110,西安市,"未央区×116, 长安区×69",196,214,336,285,0.939,0.646,0.939,0.939,0.934,1.57,12,5,"[158, 30, 4, 3, 1]","[{'块': '块1', '中心': '34.285,108.831', '计划店': 158, '跑到的计划店': 153, '执行率': 0.968, '计划星期': '周五', '实际主力星期': '周二'}, {'块': '块2', '中心': '34.181,108.847', '计划店': 30, '跑到的计划店': 24, '执行率': 0.8, '计划星期': '周一', '实际主力星期': '周一'}, {'块': '块3', '中心': '34.228,108.744', '计划店': 4, '跑到的计划店': 4, '执行率': 1.0, '计划星期': '周一', '实际主力星期': '周一'}, {'块': '块4', '中心': '34.108,108.745', '计划店': 3, '跑到的计划店': 3, '执行率': 1.0, '计划星期': '周一', '实际主力星期': '周一'}, {'块': '块5', '中心': '34.155,108.802', '计划店': 1, '跑到的计划店': 0, '执行率': 0.0, '计划星期': '周一', '实际主力星期': '未开工'}]",4,0.8,0.968,0.0,1.0,,17.9,25.3,79.0,21,11,16.0,"[80, 64, 64, 64, 64, 0, 0]",3.88,1.0,237,48,区块缺了没开,"西安市（未央区×116, 长安区×69）：计划 196 店 / 214 次，分成 5 个区块（最大区块 158 店）。 地盘东西 17.9 × 南北 25.3 km；区块内店距中位 79 m。 节奏：21 个工作日、平均每天 16.0 家店、一天 1.0 个区块、当天作业半径中位 3.88 km；出勤 周一80/周二64/周三64/周四64/周五64；周六、周日 没跑。 ① 区块开工：5 块里他开工了 4 块；② 区块内执行率中位 97%（最弱一块 0%）；③ 区块星期一致 100%。 参考：覆盖 94%、同日 94%、相位 93%、量比 1.57。 结论：**有 1 个区块整块没开工**，但他开的那几块做得很好（执行率与星期都守）——先问为什么不去那几块。"
NP0011136,玉林市,"玉州区×144, 福绵区×27",212,216,248,226,0.92,0.863,0.889,0.889,0.91,1.15,17,2,"[205, 7]","[{'块': '块1', '中心': '22.643,110.172', '计划店': 205, '跑到的计划店': 188, '执行率': 0.917, '计划星期': '周二', '实际主力星期': '周五'}, {'块': '块2', '中心': '22.582,110.048', '计划店': 7, '跑到的计划店': 7, '执行率': 1.0, '计划星期': '周一', '实际主力星期': '周六'}]",2,1.0,0.959,0.917,1.0,,21.3,13.5,105.0,19,12,13.1,"[51, 38, 26, 50, 50, 21, 12]",4.16,1.0,205,21,区块全开·星期照做,"玉林市（玉州区×144, 福绵区×27）：计划 212 店 / 216 次，分成 2 个区块（最大区块 205 店）。 地盘东西 21.3 × 南北 13.5 km；区块内店距中位 105 m。 节奏：19 个工作日、平均每天 13.1 家店、一天 1.0 个区块、当天作业半径中位 4.16 km；出勤 周一51/周二38/周三26/周四50/周五50/周六21/周日12。 ① 区块开工：2 块里他开工了 2 块；② 区块内执行率中位 96%（最弱一块 92%）；③ 区块星期一致 100%。 参考：覆盖 92%、同日 89%、相位 91%、量比 1.15。 结论：**计划怎么划他就怎么做**——区块全开工、区块内做全、星期按计划。"
NP0011145,泰安市,"岱岳区×112, 泰山区×109",235,235,89,86,0.179,0.488,0.038,0.03,0.098,0.38,193,4,"[220, 13, 1, 1]","[{'块': '块1', '中心': '36.163,117.097', '计划店': 220, '跑到的计划店': 41, '执行率': 0.186, '计划星期': '周一', '实际主力星期': '周日'}, {'块': '块2', '中心': '35.762,116.808', '计划店': 13, '跑到的计划店': 1, '执行率': 0.077, '计划星期': '周二', '实际主力星期': '周日'}, {'块': '块3', '中心': '35.909,117.008', '计划店': 1, '跑到的计划店': 0, '执行率': 0.0, '计划星期': '周三', '实际主力星期': '未开工'}, {'块': '块4', '中心': '36.123,117.051', '计划店': 1, '跑到的计划店': 0, '执行率': 0.0, '计划星期': '周一', '实际主力星期': '未开工'}]",2,0.5,0.038,0.0,0.5,区块×13店 仅执行 8%; 区块×220店 仅执行 19%,32.8,49.9,96.0,12,3,7.4,"[22, 0, 12, 14, 13, 11, 17]",4.92,1.0,83,3,计划与实际几乎不相交,"泰安市（岱岳区×112, 泰山区×109）：计划 235 店 / 235 次，分成 4 个区块（最大区块 220 店）。 地盘东西 32.8 × 南北 49.9 km；区块内店距中位 96 m。 节奏：12 个工作日、平均每天 7.4 家店、一天 1.0 个区块、当天作业半径中位 4.92 km；出勤 周一22/周三12/周四14/周五13/周六11/周日17；周二 没跑。 ① 区块开工：4 块里他开工了 2 块；② 区块内执行率中位 4%（最弱一块 0%）；③ 区块星期一致 50%。 参考：覆盖 18%、同日 3%、相位 10%、量比 0.38。 结论：计划与实际几乎不相交——先查这块地盘是不是搞错了（管辖/门店清单），再谈行为。 最冷的区块（计划内执行率最低）：区块×13店 仅执行 8%; 区块×220店 仅执行 19%。"
NP0011152,杭州市,"西湖区×138, 余杭区×77",194,215,192,167,0.479,0.557,0.438,0.391,0.428,0.89,101,2,"[193, 1]","[{'块': '块1', '中心': '30.228,120.051', '计划店': 193, '跑到的计划店': 93, '执行率': 0.482, '计划星期': '周一', '实际主力星期': '周一'}, {'块': '块2', '中心': '30.245,119.894', '计划店': 1, '跑到的计划店': 0, '执行率': 0.0, '计划星期': '周四', '实际主力星期': '未开工'}]",1,0.5,0.241,0.0,1.0,区块×193店 仅执行 48%,22.4,22.6,78.0,19,6,10.1,"[46, 35, 36, 37, 38, 0, 0]",1.59,1.0,148,19,区块大面积没开工,"杭州市（西湖区×138, 余杭区×77）：计划 194 店 / 215 次，分成 2 个区块（最大区块 193 店）。 地盘东西 22.4 × 南北 22.6 km；区块内店距中位 78 m。 节奏：19 个工作日、平均每天 10.1 家店、一天 1.0 个区块、当天作业半径中位 1.59 km；出勤 周一46/周二35/周三36/周四37/周五38；周六、周日 没跑。 ① 区块开工：2 块里他开工了 1 块；② 区块内执行率中位 24%（最弱一块 0%）；③ 区块星期一致 100%。 参考：覆盖 48%、同日 39%、相位 43%、量比 0.89。 结论：**有区块整块没开工**（1 块），先问为什么不去，而不是谈执行率。 最冷的区块（计划内执行率最低）：区块×193店 仅执行 48%。"
NP0011171,深圳市,宝安区×201,181,201,242,184,0.663,0.652,0.663,0.697,0.663,1.2,61,2,"[180, 1]","[{'块': '块1', '中心': '22.725,113.817', '计划店': 180, '跑到的计划店': 119, '执行率': 0.661, '计划星期': '周二', '实际主力星期': '周二'}, {'块': '块2', '中心': '22.643,113.864', '计划店': 1, '跑到的计划店': 1, '执行率': 1.0, '计划星期': '周四', '实际主力星期': '周四'}]",2,1.0,0.831,0.661,1.0,,8.5,15.4,147.0,20,8,12.1,"[60, 49, 43, 46, 44, 0, 0]",2.44,1.0,139,45,区块全开·区块内欠访,深圳市（宝安区×201）：计划 181 店 / 201 次，分成 2 个区块（最大区块 180 店）。 地盘东西 8.5 × 南北 15.4 km；区块内店距中位 147 m。 节奏：20 个工作日、平均每天 12.1 家店、一天 1.0 个区块、当天作业半径中位 2.44 km；出勤 周一60/周二49/周三43/周四46/周五44；周六、周日 没跑。 ① 区块开工：2 块里他开工了 2 块；② 区块内执行率中位 83%（最弱一块 66%）；③ 区块星期一致 100%。 参考：覆盖 66%、同日 70%、相位 66%、量比 1.2。 结论：区块都开了、星期也守，但**区块内没做全**（存在欠访）。
NP0011193,芜湖市,"鸠江区×132, 镜湖区×108",235,243,137,137,0.57,0.978,0.554,0.551,0.57,0.56,101,2,"[223, 12]","[{'块': '块1', '中心': '31.368,118.389', '计划店': 223, '跑到的计划店': 122, '执行率': 0.547, '计划星期': '周一', '实际主力星期': '周三'}, {'块': '块2', '中心': '31.468,118.404', '计划店': 12, '跑到的计划店': 12, '执行率': 1.0, '计划星期': '周五', '实际主力星期': '周五'}]",2,1.0,0.774,0.547,1.0,区块×223店 仅执行 55%,6.4,15.5,28.0,12,12,11.4,"[24, 28, 36, 36, 13, 0, 0]",1.33,1.0,137,0,区块全开·区块内欠访,"芜湖市（鸠江区×132, 镜湖区×108）：计划 235 店 / 243 次，分成 2 个区块（最大区块 223 店）。 地盘东西 6.4 × 南北 15.5 km；区块内店距中位 28 m。 节奏：12 个工作日、平均每天 11.4 家店、一天 1.0 个区块、当天作业半径中位 1.33 km；出勤 周一24/周二28/周三36/周四36/周五13；周六、周日 没跑。 ① 区块开工：2 块里他开工了 2 块；② 区块内执行率中位 77%（最弱一块 55%）；③ 区块星期一致 100%。 参考：覆盖 57%、同日 55%、相位 57%、量比 0.56。 结论：区块都开了、星期也守，但**区块内没做全**（存在欠访）。 最冷的区块（计划内执行率最低）：区块×223店 仅执行 55%。"
NP0011290,德州市,"371403×18, 371402×13",36,36,47,46,0.556,0.435,0.028,0.0,0.333,1.31,16,6,"[18, 12, 2, 2, 1]","[{'块': '块1', '中心': '37.333,116.560', '计划店': 18, '跑到的计划店': 18, '执行率': 1.0, '计划星期': '周一', '实际主力星期': '周三'}, {'块': '块2', '中心': '37.443,116.323', '计划店': 12, '跑到的计划店': 1, '执行率': 0.083, '计划星期': '周四', '实际主力星期': '周五'}, {'块': '块3', '中心': '37.161,116.444', '计划店': 2, '跑到的计划店': 0, '执行率': 0.0, '计划星期': '周五', '实际主力星期': '未开工'}, {'块': '块4', '中心': '37.409,116.411', '计划店': 2, '跑到的计划店': 1, '执行率': 0.5, '计划星期': '周五', '实际主力星期': '周一'}, {'块': '块5', '中心': '37.323,116.323', '计划店': 1, '跑到的计划店': 0, '执行率': 0.0, '计划星期': '周五', '实际主力星期': '未开工'}, {'块': '块6', '中心': '37.368,116.366', '计划店': 1, '跑到的计划店': 0, '执行率': 0.0, '计划星期': '周五', '实际主力星期': '未开工'}]",3,0.5,0.042,0.0,0.0,区块×12店 仅执行 8%; 区块×2店 仅执行 50%,24.7,36.3,378.0,8,2,5.9,"[8, 7, 6, 8, 14, 4, 0]",1.58,1.0,45,1,区块大面积没开工,"德州市（371403×18, 371402×13）：计划 36 店 / 36 次，分成 6 个区块（最大区块 18 店）。 地盘东西 24.7 × 南北 36.3 km；区块内店距中位 378 m。 节奏：8 个工作日、平均每天 5.9 家店、一天 1.0 个区块、当天作业半径中位 1.58 km；出勤 周一8/周二7/周三6/周四8/周五14/周六4；周日 没跑。 ① 区块开工：6 块里他开工了 3 块；② 区块内执行率中位 4%（最弱一块 0%）；③ 区块星期一致 0%。 参考：覆盖 56%、同日 0%、相位 33%、量比 1.31。 结论：**有区块整块没开工**（3 块），先问为什么不去，而不是谈执行率。 最冷的区块（计划内执行率最低）：区块×12店 仅执行 8%; 区块×2店 仅执行 50%。"
NP0011299,合肥市,"包河区×58, 蜀山区×8",65,66,3,3,0.0,0.0,0.0,0.0,0.0,0.05,65,1,[65],"[{'块': '块1', '中心': '31.829,117.291', '计划店': 65, '跑到的计划店': 0, '执行率': 0.0, '计划星期': '周三', '实际主力星期': '未开工'}]",0,0.0,0.0,0.0,0.0,,6.6,5.0,57.0,0,0,3.0,"[0, 0, 0, 0, 3, 0, 0]",,,3,0,计划与实际几乎不相交,"合肥市（包河区×58, 蜀山区×8）：计划 65 店 / 66 次，分成 1 个区块（最大区块 65 店）。 地盘东西 6.6 × 南北 5.0 km；区块内店距中位 57 m。 节奏：0 个工作日、平均每天 3.0 家店、一天 None 个区块、当天作业半径中位 None km；出勤 周五3；周一、周二、周三、周四、周六、周日 没跑。 ① 区块开工：1 块里他开工了 0 块；② 区块内执行率中位 0%（最弱一块 0%）；③ 区块星期一致 0%。 参考：覆盖 0%、同日 0%、相位 0%、量比 0.05。 结论：计划与实际几乎不相交——先查这块地盘是不是搞错了（管辖/门店清单），再谈行为。"
NP0011348,南宁市,"青秀区×118, 良庆区×104",231,248,273,229,0.874,0.882,0.874,0.883,0.874,1.1,29,2,"[227, 4]","[{'块': '块1', '中心': '22.782,108.394', '计划店': 227, '跑到的计划店': 198, '执行率': 0.872, '计划星期': '周二', '实际主力星期': '周二'}, {'块': '块2', '中心': '23.143,108.292', '计划店': 4, '跑到的计划店': 4, '执行率': 1.0, '计划星期': '周五', '实际主力星期': '周五'}]",2,1.0,0.936,0.872,1.0,,23.2,50.5,90.0,21,12,13.0,"[62, 56, 51, 51, 53, 0, 0]",5.39,1.0,190,39,区块全开·星期照做,"南宁市（青秀区×118, 良庆区×104）：计划 231 店 / 248 次，分成 2 个区块（最大区块 227 店）。 地盘东西 23.2 × 南北 50.5 km；区块内店距中位 90 m。 节奏：21 个工作日、平均每天 13.0 家店、一天 1.0 个区块、当天作业半径中位 5.39 km；出勤 周一62/周二56/周三51/周四51/周五53；周六、周日 没跑。 ① 区块开工：2 块里他开工了 2 块；② 区块内执行率中位 94%（最弱一块 87%）；③ 区块星期一致 100%。 参考：覆盖 87%、同日 88%、相位 87%、量比 1.1。 结论：**计划怎么划他就怎么做**——区块全开工、区块内做全、星期按计划。"
NP0011350,北京市,"通州区×277, 朝阳区×1",265,278,159,148,0.34,0.608,0.253,0.234,0.283,0.57,175,1,[265],"[{'块': '块1', '中心': '39.906,116.672', '计划店': 265, '跑到的计划店': 90, '执行率': 0.34, '计划星期': '周三', '实际主力星期': '周二'}]",1,1.0,0.34,0.34,1.0,区块×265店 仅执行 34%,9.2,12.7,39.0,19,5,8.4,"[42, 30, 22, 34, 31, 0, 0]",1.79,1.0,137,11,区块全开·区块内欠访,"北京市（通州区×277, 朝阳区×1）：计划 265 店 / 278 次，分成 1 个区块（最大区块 265 店）。 地盘东西 9.2 × 南北 12.7 km；区块内店距中位 39 m。 节奏：19 个工作日、平均每天 8.4 家店、一天 1.0 个区块、当天作业半径中位 1.79 km；出勤 周一42/周二30/周三22/周四34/周五31；周六、周日 没跑。 ① 区块开工：1 块里他开工了 1 块；② 区块内执行率中位 34%（最弱一块 34%）；③ 区块星期一致 100%。 参考：覆盖 34%、同日 23%、相位 28%、量比 0.57。 结论：区块都开了、星期也守，但**区块内没做全**（存在欠访）。 最冷的区块（计划内执行率最低）：区块×265店 仅执行 34%。"
NP0011376,成都市,"温江区×10, 郫都区×3",13,13,290,183,0.923,0.066,0.923,0.923,0.923,22.31,1,2,"[10, 3]","[{'块': '块1', '中心': '30.682,103.874', '计划店': 10, '跑到的计划店': 10, '执行率': 1.0, '计划星期': '周三', '实际主力星期': '周三'}, {'块': '块2', '中心': '30.751,103.918', '计划店': 3, '跑到的计划店': 2, '执行率': 0.667, '计划星期': '周五', '实际主力星期': '周五'}]",2,1.0,0.833,0.667,1.0,,6.6,10.6,720.0,13,1,22.3,"[60, 61, 56, 54, 28, 31, 0]",0.37,1.0,95,88,区块全开·区块内欠访,"成都市（温江区×10, 郫都区×3）：计划 13 店 / 13 次，分成 2 个区块（最大区块 10 店）。 地盘东西 6.6 × 南北 10.6 km；区块内店距中位 720 m。 节奏：13 个工作日、平均每天 22.3 家店、一天 1.0 个区块、当天作业半径中位 0.37 km；出勤 周一60/周二61/周三56/周四54/周五28/周六31；周日 没跑。 ① 区块开工：2 块里他开工了 2 块；② 区块内执行率中位 83%（最弱一块 67%）；③ 区块星期一致 100%。 参考：覆盖 92%、同日 92%、相位 92%、量比 22.31。 结论：区块都开了、星期也守，但**区块内没做全**（存在欠访）。"
NP0011405,北京市,"丰台区×203, 大兴区×69",284,284,96,92,0.151,0.467,0.049,0.007,0.095,0.34,241,1,[284],"[{'块': '块1', '中心': '39.830,116.390', '计划店': 284, '跑到的计划店': 43, '执行率': 0.151, '计划星期': '周一', '实际主力星期': '周一'}]",1,1.0,0.151,0.151,1.0,区块×284店 仅执行 15%,11.7,11.7,39.0,15,2,6.4,"[25, 21, 19, 29, 0, 0, 2]",0.71,1.0,89,3,计划与实际几乎不相交,"北京市（丰台区×203, 大兴区×69）：计划 284 店 / 284 次，分成 1 个区块（最大区块 284 店）。 地盘东西 11.7 × 南北 11.7 km；区块内店距中位 39 m。 节奏：15 个工作日、平均每天 6.4 家店、一天 1.0 个区块、当天作业半径中位 0.71 km；出勤 周一25/周二21/周三19/周四29/周日2；周五、周六 没跑。 ① 区块开工：1 块里他开工了 1 块；② 区块内执行率中位 15%（最弱一块 15%）；③ 区块星期一致 100%。 参考：覆盖 15%、同日 1%、相位 10%、量比 0.34。 结论：计划与实际几乎不相交——先查这块地盘是不是搞错了（管辖/门店清单），再谈行为。 最冷的区块（计划内执行率最低）：区块×284店 仅执行 15%。"
NP0011431,北京市,"朝阳区×190, 通州区×40",214,259,111,111,0.168,0.324,0.086,0.073,0.14,0.43,178,1,[214],"[{'块': '块1', '中心': '39.849,116.512', '计划店': 214, '跑到的计划店': 36, '执行率': 0.168, '计划星期': '周一', '实际主力星期': '周一'}]",1,1.0,0.168,0.168,1.0,区块×214店 仅执行 17%,13.9,7.8,29.0,14,2,7.9,"[27, 27, 13, 21, 12, 11, 0]",0.38,1.0,111,0,计划与实际几乎不相交,"北京市（朝阳区×190, 通州区×40）：计划 214 店 / 259 次，分成 1 个区块（最大区块 214 店）。 地盘东西 13.9 × 南北 7.8 km；区块内店距中位 29 m。 节奏：14 个工作日、平均每天 7.9 家店、一天 1.0 个区块、当天作业半径中位 0.38 km；出勤 周一27/周二27/周三13/周四21/周五12/周六11；周日 没跑。 ① 区块开工：1 块里他开工了 1 块；② 区块内执行率中位 17%（最弱一块 17%）；③ 区块星期一致 100%。 参考：覆盖 17%、同日 7%、相位 14%、量比 0.43。 结论：计划与实际几乎不相交——先查这块地盘是不是搞错了（管辖/门店清单），再谈行为。 最冷的区块（计划内执行率最低）：区块×214店 仅执行 17%。"
NP0011436,东莞市,东莞市×266,252,266,229,210,0.806,0.967,0.802,0.812,0.806,0.86,49,2,"[218, 34]","[{'块': '块1', '中心': '22.820,113.684', '计划店': 218, '跑到的计划店': 169, '执行率': 0.775, '计划星期': '周一', '实际主力星期': '周四'}, {'块': '块2', '中心': '22.906,113.614', '计划店': 34, '跑到的计划店': 34, '执行率': 1.0, '计划星期': '周三', '实际主力星期': '周三'}]",2,1.0,0.888,0.775,1.0,,17.3,20.2,113.0,18,12,12.7,"[49, 38, 48, 49, 45, 0, 0]",2.83,1.0,193,17,区块全开·星期照做,东莞市（东莞市×266）：计划 252 店 / 266 次，分成 2 个区块（最大区块 218 店）。 地盘东西 17.3 × 南北 20.2 km；区块内店距中位 113 m。 节奏：18 个工作日、平均每天 12.7 家店、一天 1.0 个区块、当天作业半径中位 2.83 km；出勤 周一49/周二38/周三48/周四49/周五45；周六、周日 没跑。 ① 区块开工：2 块里他开工了 2 块；② 区块内执行率中位 89%（最弱一块 78%）；③ 区块星期一致 100%。 参考：覆盖 81%、同日 81%、相位 81%、量比 0.86。 结论：**计划怎么划他就怎么做**——区块全开工、区块内做全、星期按计划。
NP0011437,西宁市,"城东区×107, 城中区×61",156,169,228,211,0.987,0.73,0.987,0.988,0.987,1.35,2,2,"[149, 7]","[{'块': '块1', '中心': '36.607,101.802', '计划店': 149, '跑到的计划店': 147, '执行率': 0.987, '计划星期': '周一', '实际主力星期': '周一'}, {'块': '块2', '中心': '36.565,101.880', '计划店': 7, '跑到的计划店': 7, '执行率': 1.0, '计划星期': '周四', '实际主力星期': '周四'}]",2,1.0,0.993,0.987,1.0,,9.4,7.4,44.0,15,12,15.2,"[69, 35, 38, 47, 39, 0, 0]",1.16,1.0,196,15,区块全开·星期照做,"西宁市（城东区×107, 城中区×61）：计划 156 店 / 169 次，分成 2 个区块（最大区块 149 店）。 地盘东西 9.4 × 南北 7.4 km；区块内店距中位 44 m。 节奏：15 个工作日、平均每天 15.2 家店、一天 1.0 个区块、当天作业半径中位 1.16 km；出勤 周一69/周二35/周三38/周四47/周五39；周六、周日 没跑。 ① 区块开工：2 块里他开工了 2 块；② 区块内执行率中位 99%（最弱一块 99%）；③ 区块星期一致 100%。 参考：覆盖 99%、同日 99%、相位 99%、量比 1.35。 结论：**计划怎么划他就怎么做**——区块全开工、区块内做全、星期按计划。"
NP0011469,宝鸡市,"金台区×151, 眉县×10",161,161,283,259,0.826,0.514,0.609,0.491,0.665,1.76,28,2,"[151, 10]","[{'块': '块1', '中心': '34.370,107.187', '计划店': 151, '跑到的计划店': 124, '执行率': 0.821, '计划星期': '周一', '实际主力星期': '周二'}, {'块': '块2', '中心': '34.275,107.758', '计划店': 10, '跑到的计划店': 9, '执行率': 0.9, '计划星期': '周一', '实际主力星期': '周一'}]",2,1.0,0.861,0.821,1.0,,61.4,16.8,60.0,17,9,16.6,"[58, 61, 59, 61, 44, 0, 0]",1.17,1.0,235,24,区块全开·星期照做,"宝鸡市（金台区×151, 眉县×10）：计划 161 店 / 161 次，分成 2 个区块（最大区块 151 店）。 地盘东西 61.4 × 南北 16.8 km；区块内店距中位 60 m。 节奏：17 个工作日、平均每天 16.6 家店、一天 1.0 个区块、当天作业半径中位 1.17 km；出勤 周一58/周二61/周三59/周四61/周五44；周六、周日 没跑。 ① 区块开工：2 块里他开工了 2 块；② 区块内执行率中位 86%（最弱一块 82%）；③ 区块星期一致 100%。 参考：覆盖 83%、同日 49%、相位 66%、量比 1.76。 结论：**计划怎么划他就怎么做**——区块全开工、区块内做全、星期按计划。"
NP0011478,苏州市,"虎丘区×151, 吴中区×2",154,154,87,81,0.305,0.58,0.266,0.26,0.286,0.56,107,3,"[129, 14, 11]","[{'块': '块1', '中心': '31.324,120.528', '计划店': 129, '跑到的计划店': 41, '执行率': 0.318, '计划星期': '周一', '实际主力星期': '周五'}, {'块': '块2', '中心': '31.324,120.421', '计划店': 14, '跑到的计划店': 6, '执行率': 0.429, '计划星期': '周二', '实际主力星期': '周一'}, {'块': '块3', '中心': '31.328,120.337', '计划店': 11, '跑到的计划店': 0, '执行率': 0.0, '计划星期': '周二', '实际主力星期': '未开工'}]",2,0.667,0.318,0.0,1.0,区块×129店 仅执行 32%; 区块×14店 仅执行 43%,26.1,11.7,56.0,10,5,8.7,"[14, 21, 21, 13, 18, 0, 0]",1.14,1.0,76,5,区块缺了没开,"苏州市（虎丘区×151, 吴中区×2）：计划 154 店 / 154 次，分成 3 个区块（最大区块 129 店）。 地盘东西 26.1 × 南北 11.7 km；区块内店距中位 56 m。 节奏：10 个工作日、平均每天 8.7 家店、一天 1.0 个区块、当天作业半径中位 1.14 km；出勤 周一14/周二21/周三21/周四13/周五18；周六、周日 没跑。 ① 区块开工：3 块里他开工了 2 块；② 区块内执行率中位 32%（最弱一块 0%）；③ 区块星期一致 100%。 参考：覆盖 30%、同日 26%、相位 29%、量比 0.56。 结论：**有 1 个区块整块没开工**，但他开的那几块做得很好（执行率与星期都守）——先问为什么不去那几块。 最冷的区块（计划内执行率最低）：区块×129店 仅执行 32%; 区块×14店 仅执行 43%。"
NP0011525,肇庆市,"鼎湖区×98, 高要区×89",172,187,301,216,0.826,0.657,0.826,0.84,0.826,1.61,30,15,"[75, 31, 12, 10, 9]","[{'块': '块1', '中心': '23.177,112.575', '计划店': 75, '跑到的计划店': 59, '执行率': 0.787, '计划星期': '周二', '实际主力星期': '周二'}, {'块': '块2', '中心': '23.022,112.456', '计划店': 31, '跑到的计划店': 29, '执行率': 0.935, '计划星期': '周一', '实际主力星期': '周一'}, {'块': '块3', '中心': '22.969,112.610', '计划店': 12, '跑到的计划店': 7, '执行率': 0.583, '计划星期': '周五', '实际主力星期': '周五'}, {'块': '块4', '中心': '23.263,112.685', '计划店': 10, '跑到的计划店': 10, '执行率': 1.0, '计划星期': '周四', '实际主力星期': '周四'}, {'块': '块5', '中心': '22.945,112.353', '计划店': 9, '跑到的计划店': 7, '执行率': 0.778, '计划星期': '周一', '实际主力星期': '周一'}, {'块': '块6', '中心': '23.045,112.538', '计划店': 6, '跑到的计划店': 6, '执行率': 1.0, '计划星期': '周五', '实际主力星期': '周五'}, {'块': '块7', '中心': '22.891,112.609', '计划店': 6, '跑到的计划店': 6, '执行率': 1.0, '计划星期': '周五', '实际主力星期': '周五'}, {'块': '块8', '中心': '22.949,112.416', '计划店': 6, '跑到的计划店': 4, '执行率': 0.667, '计划星期': '周一', '实际主力星期': '周一'}, {'块': '块9', '中心': '23.143,112.711', '计划店': 5, '跑到的计划店': 5, '执行率': 1.0, '计划星期': '周四', '实际主力星期': '周四'}, {'块': '块10', '中心': '23.049,112.398', '计划店': 4, '跑到的计划店': 3, '执行率': 0.75, '计划星期': '周一', '实际主力星期': '周一'}, {'块': '块11', '中心': '23.163,112.746', '计划店': 3, '跑到的计划店': 2, '执行率': 0.667, '计划星期': '周四', '实际主力星期': '周四'}, {'块': '块12', '中心': '23.174,112.286', '计划店': 2, '跑到的计划店': 2, '执行率': 1.0, '计划星期': '周一', '实际主力星期': '周一'}, {'块': '块13', '中心': '23.039,112.590', '计划店': 1, '跑到的计划店': 1, '执行率': 1.0, '计划星期': '周五', '实际主力星期': '周五'}, {'块': '块14', '中心': '23.156,112.665', '计划店': 1, '跑到的计划店': 1, '执行率': 1.0, '计划星期': '周四', '实际主力星期': '周四'}, {'块': '块15', '中心': '23.111,112.773', '计划店': 1, '跑到的计划店': 0, '执行率': 0.0, '计划星期': '周四', '实际主力星期': '未开工'}]",14,0.933,0.935,0.0,1.0,区块×12店 仅执行 58%,49.8,42.9,161.0,21,10,14.3,"[77, 55, 48, 60, 60, 0, 1]",4.33,1.0,158,58,区块全开·星期照做,"肇庆市（鼎湖区×98, 高要区×89）：计划 172 店 / 187 次，分成 15 个区块（最大区块 75 店）。 地盘东西 49.8 × 南北 42.9 km；区块内店距中位 161 m。 节奏：21 个工作日、平均每天 14.3 家店、一天 1.0 个区块、当天作业半径中位 4.33 km；出勤 周一77/周二55/周三48/周四60/周五60/周日1；周六 没跑。 ① 区块开工：15 块里他开工了 14 块；② 区块内执行率中位 94%（最弱一块 0%）；③ 区块星期一致 100%。 参考：覆盖 83%、同日 84%、相位 83%、量比 1.61。 结论：**计划怎么划他就怎么做**——区块全开工、区块内做全、星期按计划。 最冷的区块（计划内执行率最低）：区块×12店 仅执行 58%。"
NP0011547,厦门市,"思明区×119, 湖里区×7",107,126,227,116,0.879,0.81,0.822,0.754,0.841,1.8,13,1,[107],"[{'块': '块1', '中心': '24.458,118.154', '计划店': 107, '跑到的计划店': 94, '执行率': 0.879, '计划星期': '周一', '实际主力星期': '周一'}]",1,1.0,0.879,0.879,1.0,,12.9,8.9,52.0,20,9,11.3,"[55, 43, 44, 31, 54, 0, 0]",7.18,1.0,48,68,区块全开·星期照做,"厦门市（思明区×119, 湖里区×7）：计划 107 店 / 126 次，分成 1 个区块（最大区块 107 店）。 地盘东西 12.9 × 南北 8.9 km；区块内店距中位 52 m。 节奏：20 个工作日、平均每天 11.3 家店、一天 1.0 个区块、当天作业半径中位 7.18 km；出勤 周一55/周二43/周三44/周四31/周五54；周六、周日 没跑。 ① 区块开工：1 块里他开工了 1 块；② 区块内执行率中位 88%（最弱一块 88%）；③ 区块星期一致 100%。 参考：覆盖 88%、同日 75%、相位 84%、量比 1.8。 结论：**计划怎么划他就怎么做**——区块全开工、区块内做全、星期按计划。"
NP0011578,曲靖市,"沾益区×14, 530324×7",21,21,255,182,1.0,0.115,1.0,1.0,1.0,12.14,0,3,"[13, 7, 1]","[{'块': '块1', '中心': '25.546,103.824', '计划店': 13, '跑到的计划店': 13, '执行率': 1.0, '计划星期': '周二', '实际主力星期': '周二'}, {'块': '块2', '中心': '24.881,104.311', '计划店': 7, '跑到的计划店': 7, '执行率': 1.0, '计划星期': '周五', '实际主力星期': '周五'}, {'块': '块3', '中心': '25.593,103.821', '计划店': 1, '跑到的计划店': 1, '执行率': 1.0, '计划星期': '周二', '实际主力星期': '周二'}]",3,1.0,1.0,1.0,1.0,,51.7,80.2,498.0,14,2,18.2,"[58, 54, 52, 38, 45, 8, 0]",1.44,1.0,130,52,区块全开·星期照做,"曲靖市（沾益区×14, 530324×7）：计划 21 店 / 21 次，分成 3 个区块（最大区块 13 店）。 地盘东西 51.7 × 南北 80.2 km；区块内店距中位 498 m。 节奏：14 个工作日、平均每天 18.2 家店、一天 1.0 个区块、当天作业半径中位 1.44 km；出勤 周一58/周二54/周三52/周四38/周五45/周六8；周日 没跑。 ① 区块开工：3 块里他开工了 3 块；② 区块内执行率中位 100%（最弱一块 100%）；③ 区块星期一致 100%。 参考：覆盖 100%、同日 100%、相位 100%、量比 12.14。 结论：**计划怎么划他就怎么做**——区块全开工、区块内做全、星期按计划。"
NP0011681,北京市,朝阳区×156,155,156,106,98,0.181,0.286,0.052,0.038,0.116,0.68,127,1,[155],"[{'块': '块1', '中心': '39.930,116.520', '计划店': 155, '跑到的计划店': 28, '执行率': 0.181, '计划星期': '周一', '实际主力星期': '周一'}]",1,1.0,0.181,0.181,1.0,区块×155店 仅执行 18%,7.3,6.6,54.0,10,3,10.6,"[24, 16, 16, 40, 10, 0, 0]",0.3,1.0,90,8,计划与实际几乎不相交,北京市（朝阳区×156）：计划 155 店 / 156 次，分成 1 个区块（最大区块 155 店）。 地盘东西 7.3 × 南北 6.6 km；区块内店距中位 54 m。 节奏：10 个工作日、平均每天 10.6 家店、一天 1.0 个区块、当天作业半径中位 0.3 km；出勤 周一24/周二16/周三16/周四40/周五10；周六、周日 没跑。 ① 区块开工：1 块里他开工了 1 块；② 区块内执行率中位 18%（最弱一块 18%）；③ 区块星期一致 100%。 参考：覆盖 18%、同日 4%、相位 12%、量比 0.68。 结论：计划与实际几乎不相交——先查这块地盘是不是搞错了（管辖/门店清单），再谈行为。 最冷的区块（计划内执行率最低）：区块×155店 仅执行 18%。
NP0011736,北京市,"海淀区×65, 昌平区×50",104,115,72,69,0.25,0.377,0.136,0.13,0.183,0.63,78,2,"[78, 26]","[{'块': '块1', '中心': '40.058,116.296', '计划店': 78, '跑到的计划店': 18, '执行率': 0.231, '计划星期': '周一', '实际主力星期': '周四'}, {'块': '块2', '中心': '40.102,116.373', '计划店': 26, '跑到的计划店': 8, '执行率': 0.308, '计划星期': '周三', '实际主力星期': '周一'}]",2,1.0,0.269,0.231,0.5,区块×78店 仅执行 23%; 区块×26店 仅执行 31%,15.0,11.2,124.0,6,2,12.0,"[27, 17, 4, 18, 6, 0, 0]",2.08,1.0,66,3,计划与实际几乎不相交,"北京市（海淀区×65, 昌平区×50）：计划 104 店 / 115 次，分成 2 个区块（最大区块 78 店）。 地盘东西 15.0 × 南北 11.2 km；区块内店距中位 124 m。 节奏：6 个工作日、平均每天 12.0 家店、一天 1.0 个区块、当天作业半径中位 2.08 km；出勤 周一27/周二17/周三4/周四18/周五6；周六、周日 没跑。 ① 区块开工：2 块里他开工了 2 块；② 区块内执行率中位 27%（最弱一块 23%）；③ 区块星期一致 50%。 参考：覆盖 25%、同日 13%、相位 18%、量比 0.63。 结论：计划与实际几乎不相交——先查这块地盘是不是搞错了（管辖/门店清单），再谈行为。 最冷的区块（计划内执行率最低）：区块×78店 仅执行 23%; 区块×26店 仅执行 31%。"
NP0011803,北京市,朝阳区×132,132,132,50,46,0.152,0.435,0.068,0.023,0.083,0.38,112,2,"[120, 12]","[{'块': '块1', '中心': '39.918,116.584', '计划店': 120, '跑到的计划店': 20, '执行率': 0.167, '计划星期': '周一', '实际主力星期': '周四'}, {'块': '块2', '中心': '39.873,116.535', '计划店': 12, '跑到的计划店': 0, '执行率': 0.0, '计划星期': '周二', '实际主力星期': '未开工'}]",1,0.5,0.083,0.0,1.0,区块×120店 仅执行 17%,7.5,6.6,26.0,6,4,8.3,"[15, 8, 0, 26, 1, 0, 0]",1.98,1.0,42,4,计划与实际几乎不相交,北京市（朝阳区×132）：计划 132 店 / 132 次，分成 2 个区块（最大区块 120 店）。 地盘东西 7.5 × 南北 6.6 km；区块内店距中位 26 m。 节奏：6 个工作日、平均每天 8.3 家店、一天 1.0 个区块、当天作业半径中位 1.98 km；出勤 周一15/周二8/周四26/周五1；周三、周六、周日 没跑。 ① 区块开工：2 块里他开工了 1 块；② 区块内执行率中位 8%（最弱一块 0%）；③ 区块星期一致 100%。 参考：覆盖 15%、同日 2%、相位 8%、量比 0.38。 结论：计划与实际几乎不相交——先查这块地盘是不是搞错了（管辖/门店清单），再谈行为。 最冷的区块（计划内执行率最低）：区块×120店 仅执行 17%。
NP0011810,宁波市,"镇海区×118, 北仑区×1",119,119,41,40,0.151,0.45,0.118,0.118,0.126,0.34,101,2,"[107, 12]","[{'块': '块1', '中心': '29.952,121.629', '计划店': 107, '跑到的计划店': 17, '执行率': 0.159, '计划星期': '周二', '实际主力星期': '周二'}, {'块': '块2', '中心': '30.020,121.599', '计划店': 12, '跑到的计划店': 1, '执行率': 0.083, '计划星期': '周三', '实际主力星期': '周四'}]",2,1.0,0.121,0.083,0.5,区块×12店 仅执行 8%; 区块×107店 仅执行 16%,14.2,12.7,42.0,7,2,5.9,"[8, 10, 9, 12, 2, 0, 0]",0.22,1.0,39,1,计划与实际几乎不相交,"宁波市（镇海区×118, 北仑区×1）：计划 119 店 / 119 次，分成 2 个区块（最大区块 107 店）。 地盘东西 14.2 × 南北 12.7 km；区块内店距中位 42 m。 节奏：7 个工作日、平均每天 5.9 家店、一天 1.0 个区块、当天作业半径中位 0.22 km；出勤 周一8/周二10/周三9/周四12/周五2；周六、周日 没跑。 ① 区块开工：2 块里他开工了 2 块；② 区块内执行率中位 12%（最弱一块 8%）；③ 区块星期一致 50%。 参考：覆盖 15%、同日 12%、相位 13%、量比 0.34。 结论：计划与实际几乎不相交——先查这块地盘是不是搞错了（管辖/门店清单），再谈行为。 最冷的区块（计划内执行率最低）：区块×12店 仅执行 8%; 区块×107店 仅执行 16%。"
NP0011816,重庆市,"渝中区×129, 九龙坡区×1",108,131,177,117,0.824,0.761,0.842,0.855,0.824,1.35,19,1,[108],"[{'块': '块1', '中心': '29.553,106.553', '计划店': 108, '跑到的计划店': 89, '执行率': 0.824, '计划星期': '周一', '实际主力星期': '周一'}]",1,1.0,0.824,0.824,1.0,,7.6,3.6,47.0,12,11,14.8,"[40, 29, 29, 40, 39, 0, 0]",1.25,1.0,76,41,区块全开·区块内欠访,"重庆市（渝中区×129, 九龙坡区×1）：计划 108 店 / 131 次，分成 1 个区块（最大区块 108 店）。 地盘东西 7.6 × 南北 3.6 km；区块内店距中位 47 m。 节奏：12 个工作日、平均每天 14.8 家店、一天 1.0 个区块、当天作业半径中位 1.25 km；出勤 周一40/周二29/周三29/周四40/周五39；周六、周日 没跑。 ① 区块开工：1 块里他开工了 1 块；② 区块内执行率中位 82%（最弱一块 82%）；③ 区块星期一致 100%。 参考：覆盖 82%、同日 86%、相位 82%、量比 1.35。 结论：区块都开了、星期也守，但**区块内没做全**（存在欠访）。"
NP0011874,佛山市,顺德区×61,61,61,63,60,0.623,0.633,0.623,0.623,0.623,1.03,23,2,"[37, 24]","[{'块': '块1', '中心': '22.867,113.079', '计划店': 37, '跑到的计划店': 25, '执行率': 0.676, '计划星期': '周四', '实际主力星期': '周四'}, {'块': '块2', '中心': '22.954,113.101', '计划店': 24, '跑到的计划店': 13, '执行率': 0.542, '计划星期': '周三', '实际主力星期': '周五'}]",2,1.0,0.609,0.542,1.0,区块×24店 仅执行 54%,6.3,13.0,116.0,6,6,10.5,"[10, 11, 9, 18, 15, 0, 0]",1.23,1.0,57,3,区块全开·区块内欠访,佛山市（顺德区×61）：计划 61 店 / 61 次，分成 2 个区块（最大区块 37 店）。 地盘东西 6.3 × 南北 13.0 km；区块内店距中位 116 m。 节奏：6 个工作日、平均每天 10.5 家店、一天 1.0 个区块、当天作业半径中位 1.23 km；出勤 周一10/周二11/周三9/周四18/周五15；周六、周日 没跑。 ① 区块开工：2 块里他开工了 2 块；② 区块内执行率中位 61%（最弱一块 54%）；③ 区块星期一致 100%。 参考：覆盖 62%、同日 62%、相位 62%、量比 1.03。 结论：区块都开了、星期也守，但**区块内没做全**（存在欠访）。 最冷的区块（计划内执行率最低）：区块×24店 仅执行 54%。
NP0011994,佛山市,"禅城区×23, 南海区×1",24,24,35,35,0.75,0.514,0.75,0.75,0.75,1.46,6,1,[24],"[{'块': '块1', '中心': '23.020,113.129', '计划店': 24, '跑到的计划店': 18, '执行率': 0.75, '计划星期': '周五', '实际主力星期': '周一'}]",1,1.0,0.75,0.75,1.0,,2.3,5.0,58.0,2,9,17.5,"[11, 0, 0, 11, 13, 0, 0]",1.06,1.0,35,0,区块全开·区块内欠访,"佛山市（禅城区×23, 南海区×1）：计划 24 店 / 24 次，分成 1 个区块（最大区块 24 店）。 地盘东西 2.3 × 南北 5.0 km；区块内店距中位 58 m。 节奏：2 个工作日、平均每天 17.5 家店、一天 1.0 个区块、当天作业半径中位 1.06 km；出勤 周一11/周四11/周五13；周二、周三、周六、周日 没跑。 ① 区块开工：1 块里他开工了 1 块；② 区块内执行率中位 75%（最弱一块 75%）；③ 区块星期一致 100%。 参考：覆盖 75%、同日 75%、相位 75%、量比 1.46。 结论：区块都开了、星期也守，但**区块内没做全**（存在欠访）。"
NP0011998,杭州市,"330108×64, 萧山区×8",72,72,105,101,0.986,0.703,0.986,0.986,0.986,1.46,1,3,"[59, 12, 1]","[{'块': '块1', '中心': '30.194,120.210', '计划店': 59, '跑到的计划店': 59, '执行率': 1.0, '计划星期': '周一', '实际主力星期': '周一'}, {'块': '块2', '中心': '30.145,120.161', '计划店': 12, '跑到的计划店': 12, '执行率': 1.0, '计划星期': '周四', '实际主力星期': '周四'}, {'块': '块3', '中心': '30.147,120.234', '计划店': 1, '跑到的计划店': 0, '执行率': 0.0, '计划星期': '周五', '实际主力星期': '未开工'}]",2,0.667,1.0,0.0,1.0,,9.3,10.8,61.0,7,12,15.0,"[32, 16, 14, 16, 27, 0, 0]",1.05,1.0,97,4,区块缺了没开,"杭州市（330108×64, 萧山区×8）：计划 72 店 / 72 次，分成 3 个区块（最大区块 59 店）。 地盘东西 9.3 × 南北 10.8 km；区块内店距中位 61 m。 节奏：7 个工作日、平均每天 15.0 家店、一天 1.0 个区块、当天作业半径中位 1.05 km；出勤 周一32/周二16/周三14/周四16/周五27；周六、周日 没跑。 ① 区块开工：3 块里他开工了 2 块；② 区块内执行率中位 100%（最弱一块 0%）；③ 区块星期一致 100%。 参考：覆盖 99%、同日 99%、相位 99%、量比 1.46。 结论：**有 1 个区块整块没开工**，但他开的那几块做得很好（执行率与星期都守）——先问为什么不去那几块。"
NP0012033,南京市,溧水区×12,12,12,17,17,0.25,0.176,0.25,0.25,0.25,1.42,9,2,"[8, 4]","[{'块': '块1', '中心': '31.646,119.046', '计划店': 8, '跑到的计划店': 3, '执行率': 0.375, '计划星期': '周五', '实际主力星期': '周五'}, {'块': '块2', '中心': '31.645,119.107', '计划店': 4, '跑到的计划店': 0, '执行率': 0.0, '计划星期': '周五', '实际主力星期': '未开工'}]",1,0.5,0.188,0.0,1.0,区块×8店 仅执行 38%,7.2,1.9,325.0,1,3,17.0,"[13, 0, 0, 0, 4, 0, 0]",0.61,1.0,17,0,计划与实际几乎不相交,南京市（溧水区×12）：计划 12 店 / 12 次，分成 2 个区块（最大区块 8 店）。 地盘东西 7.2 × 南北 1.9 km；区块内店距中位 325 m。 节奏：1 个工作日、平均每天 17.0 家店、一天 1.0 个区块、当天作业半径中位 0.61 km；出勤 周一13/周五4；周二、周三、周四、周六、周日 没跑。 ① 区块开工：2 块里他开工了 1 块；② 区块内执行率中位 19%（最弱一块 0%）；③ 区块星期一致 100%。 参考：覆盖 25%、同日 25%、相位 25%、量比 1.42。 结论：计划与实际几乎不相交——先查这块地盘是不是搞错了（管辖/门店清单），再谈行为。 最冷的区块（计划内执行率最低）：区块×8店 仅执行 38%。
NP8800017,泉州市,石狮市×228,214,228,240,216,0.935,0.926,0.925,0.93,0.93,1.05,14,1,[214],"[{'块': '块1', '中心': '24.736,118.638', '计划店': 214, '跑到的计划店': 200, '执行率': 0.935, '计划星期': '周一', '实际主力星期': '周一'}]",1,1.0,0.935,0.935,1.0,,6.3,6.7,74.0,19,12,12.6,"[62, 50, 50, 37, 41, 0, 0]",0.91,1.0,192,24,区块全开·星期照做,泉州市（石狮市×228）：计划 214 店 / 228 次，分成 1 个区块（最大区块 214 店）。 地盘东西 6.3 × 南北 6.7 km；区块内店距中位 74 m。 节奏：19 个工作日、平均每天 12.6 家店、一天 1.0 个区块、当天作业半径中位 0.91 km；出勤 周一62/周二50/周三50/周四37/周五41；周六、周日 没跑。 ① 区块开工：1 块里他开工了 1 块；② 区块内执行率中位 94%（最弱一块 94%）；③ 区块星期一致 100%。 参考：覆盖 94%、同日 93%、相位 93%、量比 1.05。 结论：**计划怎么划他就怎么做**——区块全开工、区块内做全、星期按计划。
NP8800018,泉州市,"洛江区×139, 丰泽区×107",230,250,249,224,0.913,0.938,0.904,0.9,0.909,1.0,20,3,"[150, 62, 18]","[{'块': '块1', '中心': '24.924,118.648', '计划店': 150, '跑到的计划店': 130, '执行率': 0.867, '计划星期': '周四', '实际主力星期': '周四'}, {'块': '块2', '中心': '25.007,118.620', '计划店': 62, '跑到的计划店': 62, '执行率': 1.0, '计划星期': '周一', '实际主力星期': '周一'}, {'块': '块3', '中心': '25.127,118.624', '计划店': 18, '跑到的计划店': 18, '执行率': 1.0, '计划星期': '周一', '实际主力星期': '周一'}]",3,1.0,1.0,0.867,1.0,,7.5,29.6,72.0,19,12,13.1,"[65, 41, 53, 50, 40, 0, 0]",3.77,1.0,200,24,区块全开·星期照做,"泉州市（洛江区×139, 丰泽区×107）：计划 230 店 / 250 次，分成 3 个区块（最大区块 150 店）。 地盘东西 7.5 × 南北 29.6 km；区块内店距中位 72 m。 节奏：19 个工作日、平均每天 13.1 家店、一天 1.0 个区块、当天作业半径中位 3.77 km；出勤 周一65/周二41/周三53/周四50/周五40；周六、周日 没跑。 ① 区块开工：3 块里他开工了 3 块；② 区块内执行率中位 100%（最弱一块 87%）；③ 区块星期一致 100%。 参考：覆盖 91%、同日 90%、相位 91%、量比 1.0。 结论：**计划怎么划他就怎么做**——区块全开工、区块内做全、星期按计划。"
NP8800045,昆明市,"盘龙区×101, 五华区×9",119,121,279,237,0.95,0.477,0.95,0.95,0.95,2.31,6,1,[119],"[{'块': '块1', '中心': '25.059,102.727', '计划店': 119, '跑到的计划店': 113, '执行率': 0.95, '计划星期': '周四', '实际主力星期': '周四'}]",1,1.0,0.95,0.95,1.0,,4.7,7.9,34.0,17,10,16.4,"[69, 51, 53, 53, 52, 0, 1]",0.78,1.0,198,39,区块全开·星期照做,"昆明市（盘龙区×101, 五华区×9）：计划 119 店 / 121 次，分成 1 个区块（最大区块 119 店）。 地盘东西 4.7 × 南北 7.9 km；区块内店距中位 34 m。 节奏：17 个工作日、平均每天 16.4 家店、一天 1.0 个区块、当天作业半径中位 0.78 km；出勤 周一69/周二51/周三53/周四53/周五52/周日1；周六 没跑。 ① 区块开工：1 块里他开工了 1 块；② 区块内执行率中位 95%（最弱一块 95%）；③ 区块星期一致 100%。 参考：覆盖 95%、同日 95%、相位 95%、量比 2.31。 结论：**计划怎么划他就怎么做**——区块全开工、区块内做全、星期按计划。"
NP8800052,佛山市,"南海区×102, 顺德区×51",141,153,248,217,0.965,0.627,0.965,0.967,0.965,1.62,5,3,"[88, 44, 9]","[{'块': '块1', '中心': '23.039,113.197', '计划店': 88, '跑到的计划店': 83, '执行率': 0.943, '计划星期': '周一', '实际主力星期': '周一'}, {'块': '块2', '中心': '22.961,113.238', '计划店': 44, '跑到的计划店': 44, '执行率': 1.0, '计划星期': '周四', '实际主力星期': '周四'}, {'块': '块3', '中心': '22.979,113.158', '计划店': 9, '跑到的计划店': 9, '执行率': 1.0, '计划星期': '周二', '实际主力星期': '周二'}]",3,1.0,1.0,0.943,1.0,,11.6,13.2,72.0,18,10,13.8,"[58, 50, 50, 44, 46, 0, 0]",2.19,1.0,188,29,区块全开·星期照做,"佛山市（南海区×102, 顺德区×51）：计划 141 店 / 153 次，分成 3 个区块（最大区块 88 店）。 地盘东西 11.6 × 南北 13.2 km；区块内店距中位 72 m。 节奏：18 个工作日、平均每天 13.8 家店、一天 1.0 个区块、当天作业半径中位 2.19 km；出勤 周一58/周二50/周三50/周四44/周五46；周六、周日 没跑。 ① 区块开工：3 块里他开工了 3 块；② 区块内执行率中位 100%（最弱一块 94%）；③ 区块星期一致 100%。 参考：覆盖 96%、同日 97%、相位 96%、量比 1.62。 结论：**计划怎么划他就怎么做**——区块全开工、区块内做全、星期按计划。"
NP8800054,湛江市,"麻章区×116, 坡头区×64",206,231,262,226,1.0,0.912,1.0,1.0,1.0,1.13,0,9,"[95, 78, 10, 9, 5]","[{'块': '块1', '中心': '21.241,110.435', '计划店': 95, '跑到的计划店': 95, '执行率': 1.0, '计划星期': '周一', '实际主力星期': '周一'}, {'块': '块2', '中心': '21.267,110.323', '计划店': 78, '跑到的计划店': 78, '执行率': 1.0, '计划星期': '周三', '实际主力星期': '周三'}, {'块': '块3', '中心': '21.015,110.486', '计划店': 10, '跑到的计划店': 10, '执行率': 1.0, '计划星期': '周二', '实际主力星期': '周二'}, {'块': '块4', '中心': '21.166,110.267', '计划店': 9, '跑到的计划店': 9, '执行率': 1.0, '计划星期': '周二', '实际主力星期': '周二'}, {'块': '块5', '中心': '21.029,110.394', '计划店': 5, '跑到的计划店': 5, '执行率': 1.0, '计划星期': '周二', '实际主力星期': '周二'}, {'块': '块6', '中心': '21.393,110.410', '计划店': 3, '跑到的计划店': 3, '执行率': 1.0, '计划星期': '周五', '实际主力星期': '周五'}, {'块': '块7', '中心': '21.037,110.349', '计划店': 3, '跑到的计划店': 3, '执行率': 1.0, '计划星期': '周二', '实际主力星期': '周二'}, {'块': '块8', '中心': '21.282,110.369', '计划店': 2, '跑到的计划店': 2, '执行率': 1.0, '计划星期': '周五', '实际主力星期': '周五'}, {'块': '块9', '中心': '21.205,110.288', '计划店': 1, '跑到的计划店': 1, '执行率': 1.0, '计划星期': '周二', '实际主力星期': '周二'}]",9,1.0,1.0,1.0,1.0,,27.5,42.6,95.0,22,11,11.9,"[60, 48, 49, 48, 48, 9, 0]",3.07,1.0,191,35,区块全开·星期照做,"湛江市（麻章区×116, 坡头区×64）：计划 206 店 / 231 次，分成 9 个区块（最大区块 95 店）。 地盘东西 27.5 × 南北 42.6 km；区块内店距中位 95 m。 节奏：22 个工作日、平均每天 11.9 家店、一天 1.0 个区块、当天作业半径中位 3.07 km；出勤 周一60/周二48/周三49/周四48/周五48/周六9；周日 没跑。 ① 区块开工：9 块里他开工了 9 块；② 区块内执行率中位 100%（最弱一块 100%）；③ 区块星期一致 100%。 参考：覆盖 100%、同日 100%、相位 100%、量比 1.13。 结论：**计划怎么划他就怎么做**——区块全开工、区块内做全、星期按计划。"
NP8800075,郑州市,"二七区×136, 管城回族区×40",162,183,229,165,0.79,0.776,0.741,0.765,0.778,1.25,34,1,[162],"[{'块': '块1', '中心': '34.695,113.658', '计划店': 162, '跑到的计划店': 128, '执行率': 0.79, '计划星期': '周一', '实际主力星期': '周一'}]",1,1.0,0.79,0.79,1.0,,13.2,14.2,88.0,20,9,11.4,"[59, 42, 45, 37, 46, 0, 0]",4.03,1.0,115,50,区块全开·区块内欠访,"郑州市（二七区×136, 管城回族区×40）：计划 162 店 / 183 次，分成 1 个区块（最大区块 162 店）。 地盘东西 13.2 × 南北 14.2 km；区块内店距中位 88 m。 节奏：20 个工作日、平均每天 11.4 家店、一天 1.0 个区块、当天作业半径中位 4.03 km；出勤 周一59/周二42/周三45/周四37/周五46；周六、周日 没跑。 ① 区块开工：1 块里他开工了 1 块；② 区块内执行率中位 79%（最弱一块 79%）；③ 区块星期一致 100%。 参考：覆盖 79%、同日 76%、相位 78%、量比 1.25。 结论：区块都开了、星期也守，但**区块内没做全**（存在欠访）。"
NP8800079,武汉市,"东西湖区×150, 硚口区×62",196,214,267,227,0.918,0.793,0.918,0.925,0.918,1.25,16,1,[196],"[{'块': '块1', '中心': '30.631,114.191', '计划店': 196, '跑到的计划店': 180, '执行率': 0.918, '计划星期': '周一', '实际主力星期': '周一'}]",1,1.0,0.918,0.918,1.0,,16.8,11.1,125.0,21,11,12.7,"[63, 55, 53, 48, 47, 0, 1]",3.7,1.0,189,38,区块全开·星期照做,"武汉市（东西湖区×150, 硚口区×62）：计划 196 店 / 214 次，分成 1 个区块（最大区块 196 店）。 地盘东西 16.8 × 南北 11.1 km；区块内店距中位 125 m。 节奏：21 个工作日、平均每天 12.7 家店、一天 1.0 个区块、当天作业半径中位 3.7 km；出勤 周一63/周二55/周三53/周四48/周五47/周日1；周六 没跑。 ① 区块开工：1 块里他开工了 1 块；② 区块内执行率中位 92%（最弱一块 92%）；③ 区块星期一致 100%。 参考：覆盖 92%、同日 92%、相位 92%、量比 1.25。 结论：**计划怎么划他就怎么做**——区块全开工、区块内做全、星期按计划。"
NP8800110,上海市,"嘉定区×253, 普陀区×5",246,259,165,147,0.447,0.748,0.35,0.317,0.386,0.64,136,3,"[189, 56, 1]","[{'块': '块1', '中心': '31.266,121.330', '计划店': 189, '跑到的计划店': 94, '执行率': 0.497, '计划星期': '周一', '实际主力星期': '周二'}, {'块': '块2', '中心': '31.285,121.176', '计划店': 56, '跑到的计划店': 16, '执行率': 0.286, '计划星期': '周五', '实际主力星期': '周五'}, {'块': '块3', '中心': '31.320,121.276', '计划店': 1, '跑到的计划店': 0, '执行率': 0.0, '计划星期': '周四', '实际主力星期': '未开工'}]",2,0.667,0.286,0.0,1.0,区块×56店 仅执行 29%; 区块×189店 仅执行 50%,22.1,10.1,59.0,19,6,8.7,"[28, 44, 25, 35, 33, 0, 0]",2.26,1.0,133,14,区块缺了没开,"上海市（嘉定区×253, 普陀区×5）：计划 246 店 / 259 次，分成 3 个区块（最大区块 189 店）。 地盘东西 22.1 × 南北 10.1 km；区块内店距中位 59 m。 节奏：19 个工作日、平均每天 8.7 家店、一天 1.0 个区块、当天作业半径中位 2.26 km；出勤 周一28/周二44/周三25/周四35/周五33；周六、周日 没跑。 ① 区块开工：3 块里他开工了 2 块；② 区块内执行率中位 29%（最弱一块 0%）；③ 区块星期一致 100%。 参考：覆盖 45%、同日 32%、相位 39%、量比 0.64。 结论：**有 1 个区块整块没开工**，但他开的那几块做得很好（执行率与星期都守）——先问为什么不去那几块。 最冷的区块（计划内执行率最低）：区块×56店 仅执行 29%; 区块×189店 仅执行 50%。"
NP8800114,无锡市,"滨湖区×220, 梁溪区×3",208,223,177,170,0.707,0.865,0.649,0.614,0.697,0.79,61,1,[208],"[{'块': '块1', '中心': '31.512,120.284', '计划店': 208, '跑到的计划店': 147, '执行率': 0.707, '计划星期': '周一', '实际主力星期': '周三'}]",1,1.0,0.707,0.707,1.0,,10.3,15.6,53.0,20,8,8.8,"[18, 30, 46, 46, 35, 0, 2]",1.84,1.0,165,5,区块全开·区块内欠访,"无锡市（滨湖区×220, 梁溪区×3）：计划 208 店 / 223 次，分成 1 个区块（最大区块 208 店）。 地盘东西 10.3 × 南北 15.6 km；区块内店距中位 53 m。 节奏：20 个工作日、平均每天 8.8 家店、一天 1.0 个区块、当天作业半径中位 1.84 km；出勤 周一18/周二30/周三46/周四46/周五35/周日2；周六 没跑。 ① 区块开工：1 块里他开工了 1 块；② 区块内执行率中位 71%（最弱一块 71%）；③ 区块星期一致 100%。 参考：覆盖 71%、同日 61%、相位 70%、量比 0.79。 结论：区块都开了、星期也守，但**区块内没做全**（存在欠访）。"
NP8800119,惠州市,"惠城区×229, 惠阳区×2",216,231,265,242,0.894,0.798,0.894,0.896,0.894,1.15,23,3,"[214, 1, 1]","[{'块': '块1', '中心': '23.072,114.416', '计划店': 214, '跑到的计划店': 192, '执行率': 0.897, '计划星期': '周一', '实际主力星期': '周一'}, {'块': '块2', '中心': '22.973,114.347', '计划店': 1, '跑到的计划店': 0, '执行率': 0.0, '计划星期': '周四', '实际主力星期': '未开工'}, {'块': '块3', '中心': '22.990,114.484', '计划店': 1, '跑到的计划店': 1, '执行率': 1.0, '计划星期': '周四', '实际主力星期': '周四'}]",2,0.667,0.897,0.0,1.0,,14.0,15.7,81.0,21,12,12.6,"[63, 48, 53, 55, 46, 0, 0]",1.28,1.0,220,22,区块缺了没开,"惠州市（惠城区×229, 惠阳区×2）：计划 216 店 / 231 次，分成 3 个区块（最大区块 214 店）。 地盘东西 14.0 × 南北 15.7 km；区块内店距中位 81 m。 节奏：21 个工作日、平均每天 12.6 家店、一天 1.0 个区块、当天作业半径中位 1.28 km；出勤 周一63/周二48/周三53/周四55/周五46；周六、周日 没跑。 ① 区块开工：3 块里他开工了 2 块；② 区块内执行率中位 90%（最弱一块 0%）；③ 区块星期一致 100%。 参考：覆盖 89%、同日 90%、相位 89%、量比 1.15。 结论：**有 1 个区块整块没开工**，但他开的那几块做得很好（执行率与星期都守）——先问为什么不去那几块。"
NP8800166,西宁市,"城西区×31, 城中区×17",63,63,289,232,0.937,0.254,0.937,0.937,0.937,4.59,4,2,"[51, 12]","[{'块': '块1', '中心': '36.625,101.781', '计划店': 51, '跑到的计划店': 47, '执行率': 0.922, '计划星期': '周一', '实际主力星期': '周一'}, {'块': '块2', '中心': '36.647,101.710', '计划店': 12, '跑到的计划店': 12, '执行率': 1.0, '计划星期': '周二', '实际主力星期': '周二'}]",2,1.0,0.961,0.922,1.0,,9.4,8.6,80.0,11,5,26.3,"[69, 53, 54, 58, 55, 0, 0]",0.64,1.0,191,41,区块全开·星期照做,"西宁市（城西区×31, 城中区×17）：计划 63 店 / 63 次，分成 2 个区块（最大区块 51 店）。 地盘东西 9.4 × 南北 8.6 km；区块内店距中位 80 m。 节奏：11 个工作日、平均每天 26.3 家店、一天 1.0 个区块、当天作业半径中位 0.64 km；出勤 周一69/周二53/周三54/周四58/周五55；周六、周日 没跑。 ① 区块开工：2 块里他开工了 2 块；② 区块内执行率中位 96%（最弱一块 92%）；③ 区块星期一致 100%。 参考：覆盖 94%、同日 94%、相位 94%、量比 4.59。 结论：**计划怎么划他就怎么做**——区块全开工、区块内做全、星期按计划。"
NP8800190,嘉兴市,"秀洲区×32, 南湖区×24",56,56,229,191,0.964,0.283,0.929,0.911,0.964,4.09,2,6,"[21, 12, 11, 10, 1]","[{'块': '块1', '中心': '30.754,120.709', '计划店': 21, '跑到的计划店': 20, '执行率': 0.952, '计划星期': '周二', '实际主力星期': '周二'}, {'块': '块2', '中心': '30.821,120.759', '计划店': 12, '跑到的计划店': 12, '执行率': 1.0, '计划星期': '周五', '实际主力星期': '周五'}, {'块': '块3', '中心': '30.737,120.796', '计划店': 11, '跑到的计划店': 10, '执行率': 0.909, '计划星期': '周一', '实际主力星期': '周一'}, {'块': '块4', '中心': '30.623,120.724', '计划店': 10, '跑到的计划店': 10, '执行率': 1.0, '计划星期': '周三', '实际主力星期': '周三'}, {'块': '块5', '中心': '30.695,120.728', '计划店': 1, '跑到的计划店': 1, '执行率': 1.0, '计划星期': '周二', '实际主力星期': '周二'}, {'块': '块6', '中心': '30.667,120.744', '计划店': 1, '跑到的计划店': 1, '执行率': 1.0, '计划星期': '周三', '实际主力星期': '周三'}]",6,1.0,1.0,0.909,1.0,,10.9,23.4,95.0,15,3,15.3,"[36, 60, 46, 41, 33, 0, 13]",5.51,2.0,159,32,区块全开·星期照做,"嘉兴市（秀洲区×32, 南湖区×24）：计划 56 店 / 56 次，分成 6 个区块（最大区块 21 店）。 地盘东西 10.9 × 南北 23.4 km；区块内店距中位 95 m。 节奏：15 个工作日、平均每天 15.3 家店、一天 2.0 个区块、当天作业半径中位 5.51 km；出勤 周一36/周二60/周三46/周四41/周五33/周日13；周六 没跑。 ① 区块开工：6 块里他开工了 6 块；② 区块内执行率中位 100%（最弱一块 91%）；③ 区块星期一致 100%。 参考：覆盖 96%、同日 91%、相位 96%、量比 4.09。 结论：**计划怎么划他就怎么做**——区块全开工、区块内做全、星期按计划。"
NP8800197,襄阳市,"襄州区×132, 樊城区×120",219,252,214,212,0.667,0.689,0.376,0.294,0.452,0.85,73,1,[219],"[{'块': '块1', '中心': '32.070,112.170', '计划店': 219, '跑到的计划店': 146, '执行率': 0.667, '计划星期': '周一', '实际主力星期': '周三'}]",1,1.0,0.667,0.667,1.0,,12.1,10.7,71.0,15,10,14.3,"[51, 40, 49, 24, 50, 0, 0]",1.73,1.0,210,2,区块全开·区块内欠访,"襄阳市（襄州区×132, 樊城区×120）：计划 219 店 / 252 次，分成 1 个区块（最大区块 219 店）。 地盘东西 12.1 × 南北 10.7 km；区块内店距中位 71 m。 节奏：15 个工作日、平均每天 14.3 家店、一天 1.0 个区块、当天作业半径中位 1.73 km；出勤 周一51/周二40/周三49/周四24/周五50；周六、周日 没跑。 ① 区块开工：1 块里他开工了 1 块；② 区块内执行率中位 67%（最弱一块 67%）；③ 区块星期一致 100%。 参考：覆盖 67%、同日 29%、相位 45%、量比 0.85。 结论：区块都开了、星期也守，但**区块内没做全**（存在欠访）。"
NP8800212,洛阳市,"涧西区×166, 孟津区×34",185,202,354,244,0.768,0.582,0.632,0.599,0.649,1.75,43,2,"[154, 31]","[{'块': '块1', '中心': '34.654,112.396', '计划店': 154, '跑到的计划店': 141, '执行率': 0.916, '计划星期': '周一', '实际主力星期': '周二'}, {'块': '块2', '中心': '34.822,112.444', '计划店': 31, '跑到的计划店': 1, '执行率': 0.032, '计划星期': '周三', '实际主力星期': '周二'}]",2,1.0,0.474,0.032,0.5,区块×31店 仅执行 3%,10.7,22.5,58.0,23,10,15.4,"[70, 58, 54, 50, 59, 55, 8]",2.63,1.0,163,81,区块全开·店和星期都有欠,"洛阳市（涧西区×166, 孟津区×34）：计划 185 店 / 202 次，分成 2 个区块（最大区块 154 店）。 地盘东西 10.7 × 南北 22.5 km；区块内店距中位 58 m。 节奏：23 个工作日、平均每天 15.4 家店、一天 1.0 个区块、当天作业半径中位 2.63 km；出勤 周一70/周二58/周三54/周四50/周五59/周六55/周日8。 ① 区块开工：2 块里他开工了 2 块；② 区块内执行率中位 47%（最弱一块 3%）；③ 区块星期一致 50%。 参考：覆盖 77%、同日 60%、相位 65%、量比 1.75。 结论：区块开了，但店没做全、星期也没守——属于执行力不足，要具体看到底缺在哪块。 最冷的区块（计划内执行率最低）：区块×31店 仅执行 3%。"
NP8800236,商丘市,"梁园区×95, 睢阳区×28",124,147,183,151,0.677,0.556,0.329,0.272,0.435,1.24,40,5,"[97, 17, 8, 1, 1]","[{'块': '块1', '中心': '34.434,115.646', '计划店': 97, '跑到的计划店': 73, '执行率': 0.753, '计划星期': '周三', '实际主力星期': '周五'}, {'块': '块2', '中心': '34.396,115.836', '计划店': 17, '跑到的计划店': 10, '执行率': 0.588, '计划星期': '周一', '实际主力星期': '周四'}, {'块': '块3', '中心': '34.476,115.646', '计划店': 8, '跑到的计划店': 0, '执行率': 0.0, '计划星期': '周四', '实际主力星期': '未开工'}, {'块': '块4', '中心': '34.397,115.769', '计划店': 1, '跑到的计划店': 1, '执行率': 1.0, '计划星期': '周五', '实际主力星期': '周三'}, {'块': '块5', '中心': '34.189,115.827', '计划店': 1, '跑到的计划店': 0, '执行率': 0.0, '计划星期': '周二', '实际主力星期': '未开工'}]",3,0.6,0.588,0.0,0.333,区块×17店 仅执行 59%,25.5,32.2,108.0,20,6,9.2,"[32, 38, 37, 39, 37, 0, 0]",2.53,1.0,122,29,区块缺了没开,"商丘市（梁园区×95, 睢阳区×28）：计划 124 店 / 147 次，分成 5 个区块（最大区块 97 店）。 地盘东西 25.5 × 南北 32.2 km；区块内店距中位 108 m。 节奏：20 个工作日、平均每天 9.2 家店、一天 1.0 个区块、当天作业半径中位 2.53 km；出勤 周一32/周二38/周三37/周四39/周五37；周六、周日 没跑。 ① 区块开工：5 块里他开工了 3 块；② 区块内执行率中位 59%（最弱一块 0%）；③ 区块星期一致 33%。 参考：覆盖 68%、同日 27%、相位 44%、量比 1.24。 结论：**有 2 个区块整块没开工**，但他开的那几块做得很好（执行率与星期都守）——先问为什么不去那几块。 最冷的区块（计划内执行率最低）：区块×17店 仅执行 59%。"
NP8800246,衡阳市,"蒸湘区×137, 雁峰区×92",212,239,281,240,0.991,0.875,0.987,0.987,0.991,1.18,2,1,[212],"[{'块': '块1', '中心': '26.890,112.584', '计划店': 212, '跑到的计划店': 210, '执行率': 0.991, '计划星期': '周一', '实际主力星期': '周一'}]",1,1.0,0.991,0.991,1.0,,9.3,8.0,77.0,21,12,13.4,"[67, 56, 55, 52, 51, 0, 0]",3.11,1.0,202,38,区块全开·星期照做,"衡阳市（蒸湘区×137, 雁峰区×92）：计划 212 店 / 239 次，分成 1 个区块（最大区块 212 店）。 地盘东西 9.3 × 南北 8.0 km；区块内店距中位 77 m。 节奏：21 个工作日、平均每天 13.4 家店、一天 1.0 个区块、当天作业半径中位 3.11 km；出勤 周一67/周二56/周三55/周四52/周五51；周六、周日 没跑。 ① 区块开工：1 块里他开工了 1 块；② 区块内执行率中位 99%（最弱一块 99%）；③ 区块星期一致 100%。 参考：覆盖 99%、同日 99%、相位 99%、量比 1.18。 结论：**计划怎么划他就怎么做**——区块全开工、区块内做全、星期按计划。"
NP8800253,天津市,津南区×182,162,182,219,181,0.5,0.448,0.074,0.027,0.265,1.2,81,6,"[111, 21, 14, 14, 1]","[{'块': '块1', '中心': '39.002,117.361', '计划店': 111, '跑到的计划店': 57, '执行率': 0.514, '计划星期': '周二', '实际主力星期': '周三'}, {'块': '块2', '中心': '38.917,117.436', '计划店': 21, '跑到的计划店': 11, '执行率': 0.524, '计划星期': '周一', '实际主力星期': '周五'}, {'块': '块3', '中心': '38.931,117.347', '计划店': 14, '跑到的计划店': 5, '执行率': 0.357, '计划星期': '周三', '实际主力星期': '周四'}, {'块': '块4', '中心': '38.987,117.497', '计划店': 14, '跑到的计划店': 8, '执行率': 0.571, '计划星期': '周一', '实际主力星期': '周三'}, {'块': '块5', '中心': '38.872,117.384', '计划店': 1, '跑到的计划店': 0, '执行率': 0.0, '计划星期': '周三', '实际主力星期': '未开工'}, {'块': '块6', '中心': '39.015,117.458', '计划店': 1, '跑到的计划店': 0, '执行率': 0.0, '计划星期': '周二', '实际主力星期': '未开工'}]",4,0.667,0.435,0.0,0.5,区块×14店 仅执行 36%; 区块×111店 仅执行 51%; 区块×21店 仅执行 52%,19.2,19.8,82.0,22,4,10.0,"[52, 39, 43, 39, 45, 1, 0]",6.51,2.0,146,35,区块缺了没开,天津市（津南区×182）：计划 162 店 / 182 次，分成 6 个区块（最大区块 111 店）。 地盘东西 19.2 × 南北 19.8 km；区块内店距中位 82 m。 节奏：22 个工作日、平均每天 10.0 家店、一天 2.0 个区块、当天作业半径中位 6.51 km；出勤 周一52/周二39/周三43/周四39/周五45/周六1；周日 没跑。 ① 区块开工：6 块里他开工了 4 块；② 区块内执行率中位 44%（最弱一块 0%）；③ 区块星期一致 50%。 参考：覆盖 50%、同日 3%、相位 26%、量比 1.2。 结论：**有 2 个区块整块没开工**，但他开的那几块做得很好（执行率与星期都守）——先问为什么不去那几块。 最冷的区块（计划内执行率最低）：区块×14店 仅执行 36%; 区块×111店 仅执行 51%; 区块×21店 仅执行 52%。
NP8800254,宝鸡市,"渭滨区×31, 岐山县×11",45,45,256,212,0.8,0.17,0.689,0.6,0.6,5.69,9,3,"[34, 6, 5]","[{'块': '块1', '中心': '34.363,107.137', '计划店': 34, '跑到的计划店': 31, '执行率': 0.912, '计划星期': '周四', '实际主力星期': '周四'}, {'块': '块2', '中心': '34.444,107.629', '计划店': 6, '跑到的计划店': 5, '执行率': 0.833, '计划星期': '周五', '实际主力星期': '周三'}, {'块': '块3', '中心': '34.319,107.608', '计划店': 5, '跑到的计划店': 0, '执行率': 0.0, '计划星期': '周五', '实际主力星期': '未开工'}]",2,0.667,0.833,0.0,0.5,,49.9,14.5,173.0,12,2,21.3,"[69, 54, 51, 54, 28, 0, 0]",0.53,1.0,168,44,区块缺了没开,"宝鸡市（渭滨区×31, 岐山县×11）：计划 45 店 / 45 次，分成 3 个区块（最大区块 34 店）。 地盘东西 49.9 × 南北 14.5 km；区块内店距中位 173 m。 节奏：12 个工作日、平均每天 21.3 家店、一天 1.0 个区块、当天作业半径中位 0.53 km；出勤 周一69/周二54/周三51/周四54/周五28；周六、周日 没跑。 ① 区块开工：3 块里他开工了 2 块；② 区块内执行率中位 83%（最弱一块 0%）；③ 区块星期一致 50%。 参考：覆盖 80%、同日 60%、相位 60%、量比 5.69。 结论：**有 1 个区块整块没开工**，但他开的那几块做得很好（执行率与星期都守）——先问为什么不去那几块。"
NP8800295,芜湖市,"弋江区×142, 鸠江区×42",234,234,252,228,0.765,0.785,0.765,0.761,0.765,1.08,55,1,[234],"[{'块': '块1', '中心': '31.305,118.385', '计划店': 234, '跑到的计划店': 179, '执行率': 0.765, '计划星期': '周一', '实际主力星期': '周一'}]",1,1.0,0.765,0.765,1.0,,7.5,8.5,12.0,20,11,12.6,"[72, 43, 45, 43, 49, 0, 0]",2.49,1.0,210,18,区块全开·区块内欠访,"芜湖市（弋江区×142, 鸠江区×42）：计划 234 店 / 234 次，分成 1 个区块（最大区块 234 店）。 地盘东西 7.5 × 南北 8.5 km；区块内店距中位 12 m。 节奏：20 个工作日、平均每天 12.6 家店、一天 1.0 个区块、当天作业半径中位 2.49 km；出勤 周一72/周二43/周三45/周四43/周五49；周六、周日 没跑。 ① 区块开工：1 块里他开工了 1 块；② 区块内执行率中位 76%（最弱一块 76%）；③ 区块星期一致 100%。 参考：覆盖 76%、同日 76%、相位 76%、量比 1.08。 结论：区块都开了、星期也守，但**区块内没做全**（存在欠访）。"
NP8800323,370800,"370811×56, 370812×4",60,60,160,159,0.533,0.201,0.467,0.467,0.533,2.67,28,3,"[33, 24, 3]","[{'块': '块1', '中心': '35.414,116.655', '计划店': 33, '跑到的计划店': 9, '执行率': 0.273, '计划星期': '周三', '实际主力星期': '周一'}, {'块': '块2', '中心': '35.400,116.589', '计划店': 24, '跑到的计划店': 22, '执行率': 0.917, '计划星期': '周四', '实际主力星期': '周五'}, {'块': '块3', '中心': '35.352,116.687', '计划店': 3, '跑到的计划店': 1, '执行率': 0.333, '计划星期': '周二', '实际主力星期': '周一'}]",3,1.0,0.333,0.273,0.333,区块×33店 仅执行 27%; 区块×3店 仅执行 33%,12.2,9.7,80.0,4,8,40.0,"[48, 6, 6, 25, 38, 3, 34]",3.8,1.5,158,1,区块全开·店和星期都有欠,"370800（370811×56, 370812×4）：计划 60 店 / 60 次，分成 3 个区块（最大区块 33 店）。 地盘东西 12.2 × 南北 9.7 km；区块内店距中位 80 m。 节奏：4 个工作日、平均每天 40.0 家店、一天 1.5 个区块、当天作业半径中位 3.8 km；出勤 周一48/周二6/周三6/周四25/周五38/周六3/周日34。 ① 区块开工：3 块里他开工了 3 块；② 区块内执行率中位 33%（最弱一块 27%）；③ 区块星期一致 33%。 参考：覆盖 53%、同日 47%、相位 53%、量比 2.67。 结论：区块开了，但店没做全、星期也没守——属于执行力不足，要具体看到底缺在哪块。 最冷的区块（计划内执行率最低）：区块×33店 仅执行 27%; 区块×3店 仅执行 33%。"
NP8800351,安阳市,"北关区×70, 龙安区×70",213,246,213,175,0.793,0.966,0.783,0.789,0.793,0.87,44,2,"[193, 20]","[{'块': '块1', '中心': '36.107,114.342', '计划店': 193, '跑到的计划店': 153, '执行率': 0.793, '计划星期': '周一', '实际主力星期': '周三'}, {'块': '块2', '中心': '36.074,113.824', '计划店': 20, '跑到的计划店': 16, '执行率': 0.8, '计划星期': '周四', '实际主力星期': '周五'}]",2,1.0,0.796,0.793,1.0,,53.3,10.0,41.0,19,12,11.2,"[35, 48, 48, 43, 38, 1, 0]",2.68,1.0,140,35,区块全开·区块内欠访,"安阳市（北关区×70, 龙安区×70）：计划 213 店 / 246 次，分成 2 个区块（最大区块 193 店）。 地盘东西 53.3 × 南北 10.0 km；区块内店距中位 41 m。 节奏：19 个工作日、平均每天 11.2 家店、一天 1.0 个区块、当天作业半径中位 2.68 km；出勤 周一35/周二48/周三48/周四43/周五38/周六1；周日 没跑。 ① 区块开工：2 块里他开工了 2 块；② 区块内执行率中位 80%（最弱一块 79%）；③ 区块星期一致 100%。 参考：覆盖 79%、同日 79%、相位 79%、量比 0.87。 结论：区块都开了、星期也守，但**区块内没做全**（存在欠访）。"
NP8800357,广州市,"增城区×167, 从化区×2",149,169,207,185,0.899,0.724,0.899,0.905,0.899,1.22,15,9,"[64, 43, 14, 12, 9]","[{'块': '块1', '中心': '23.312,113.820', '计划店': 64, '跑到的计划店': 62, '执行率': 0.969, '计划星期': '周二', '实际主力星期': '周二'}, {'块': '块2', '中心': '23.566,113.768', '计划店': 43, '跑到的计划店': 32, '执行率': 0.744, '计划星期': '周一', '实际主力星期': '周三'}, {'块': '块3', '中心': '23.488,113.780', '计划店': 14, '跑到的计划店': 14, '执行率': 1.0, '计划星期': '周三', '实际主力星期': '周三'}, {'块': '块4', '中心': '23.421,113.894', '计划店': 12, '跑到的计划店': 12, '执行率': 1.0, '计划星期': '周四', '实际主力星期': '周四'}, {'块': '块5', '中心': '23.530,113.836', '计划店': 9, '跑到的计划店': 9, '执行率': 1.0, '计划星期': '周三', '实际主力星期': '周三'}, {'块': '块6', '中心': '23.363,113.638', '计划店': 4, '跑到的计划店': 3, '执行率': 0.75, '计划星期': '周一', '实际主力星期': '周一'}, {'块': '块7', '中心': '23.621,113.750', '计划店': 1, '跑到的计划店': 0, '执行率': 0.0, '计划星期': '周一', '实际主力星期': '未开工'}, {'块': '块8', '中心': '23.406,113.797', '计划店': 1, '跑到的计划店': 1, '执行率': 1.0, '计划星期': '周四', '实际主力星期': '周四'}, {'块': '块9', '中心': '23.331,113.871', '计划店': 1, '跑到的计划店': 1, '执行率': 1.0, '计划星期': '周四', '实际主力星期': '周四'}]",8,0.889,1.0,0.0,1.0,,27.1,38.1,86.0,18,10,11.5,"[32, 45, 45, 48, 35, 2, 0]",5.85,1.0,163,22,区块缺了没开,"广州市（增城区×167, 从化区×2）：计划 149 店 / 169 次，分成 9 个区块（最大区块 64 店）。 地盘东西 27.1 × 南北 38.1 km；区块内店距中位 86 m。 节奏：18 个工作日、平均每天 11.5 家店、一天 1.0 个区块、当天作业半径中位 5.85 km；出勤 周一32/周二45/周三45/周四48/周五35/周六2；周日 没跑。 ① 区块开工：9 块里他开工了 8 块；② 区块内执行率中位 100%（最弱一块 0%）；③ 区块星期一致 100%。 参考：覆盖 90%、同日 90%、相位 90%、量比 1.22。 结论：**有 1 个区块整块没开工**，但他开的那几块做得很好（执行率与星期都守）——先问为什么不去那几块。"
NP8800371,潍坊市,"潍城区×179, 奎文区×15",180,194,191,175,0.406,0.417,0.033,0.01,0.194,0.98,107,3,"[169, 6, 5]","[{'块': '块1', '中心': '36.727,119.069', '计划店': 169, '跑到的计划店': 68, '执行率': 0.402, '计划星期': '周二', '实际主力星期': '周一'}, {'块': '块2', '中心': '36.655,119.031', '计划店': 6, '跑到的计划店': 3, '执行率': 0.5, '计划星期': '周一', '实际主力星期': '周三'}, {'块': '块3', '中心': '36.628,119.076', '计划店': 5, '跑到的计划店': 2, '执行率': 0.4, '计划星期': '周四', '实际主力星期': '周三'}]",3,1.0,0.402,0.4,0.333,区块×169店 仅执行 40%; 区块×5店 仅执行 40%; 区块×6店 仅执行 50%,13.8,17.6,162.0,11,7,17.4,"[42, 31, 30, 41, 41, 6, 0]",4.73,1.0,161,14,区块全开·店和星期都有欠,"潍坊市（潍城区×179, 奎文区×15）：计划 180 店 / 194 次，分成 3 个区块（最大区块 169 店）。 地盘东西 13.8 × 南北 17.6 km；区块内店距中位 162 m。 节奏：11 个工作日、平均每天 17.4 家店、一天 1.0 个区块、当天作业半径中位 4.73 km；出勤 周一42/周二31/周三30/周四41/周五41/周六6；周日 没跑。 ① 区块开工：3 块里他开工了 3 块；② 区块内执行率中位 40%（最弱一块 40%）；③ 区块星期一致 33%。 参考：覆盖 41%、同日 1%、相位 19%、量比 0.98。 结论：区块开了，但店没做全、星期也没守——属于执行力不足，要具体看到底缺在哪块。 最冷的区块（计划内执行率最低）：区块×169店 仅执行 40%; 区块×5店 仅执行 40%; 区块×6店 仅执行 50%。"
NP8800391,广州市,番禺区×81,78,81,72,69,0.885,1.0,0.885,0.889,0.885,0.89,9,1,[78],"[{'块': '块1', '中心': '22.988,113.332', '计划店': 78, '跑到的计划店': 69, '执行率': 0.885, '计划星期': '周一', '实际主力星期': '周一'}]",1,1.0,0.885,0.885,1.0,,7.7,8.1,88.0,6,12,12.0,"[24, 12, 12, 12, 12, 0, 0]",0.89,1.0,66,3,区块全开·星期照做,广州市（番禺区×81）：计划 78 店 / 81 次，分成 1 个区块（最大区块 78 店）。 地盘东西 7.7 × 南北 8.1 km；区块内店距中位 88 m。 节奏：6 个工作日、平均每天 12.0 家店、一天 1.0 个区块、当天作业半径中位 0.89 km；出勤 周一24/周二12/周三12/周四12/周五12；周六、周日 没跑。 ① 区块开工：1 块里他开工了 1 块；② 区块内执行率中位 88%（最弱一块 88%）；③ 区块星期一致 100%。 参考：覆盖 88%、同日 89%、相位 88%、量比 0.89。 结论：**计划怎么划他就怎么做**——区块全开工、区块内做全、星期按计划。
NP8800398,眉山市,东坡区×60,59,60,220,185,0.068,0.022,0.034,0.0,0.051,3.67,55,5,"[38, 8, 7, 4, 2]","[{'块': '块1', '中心': '30.054,103.844', '计划店': 38, '跑到的计划店': 4, '执行率': 0.105, '计划星期': '周二', '实际主力星期': '周四'}, {'块': '块2', '中心': '29.978,103.836', '计划店': 8, '跑到的计划店': 0, '执行率': 0.0, '计划星期': '周一', '实际主力星期': '未开工'}, {'块': '块3', '中心': '30.002,103.719', '计划店': 7, '跑到的计划店': 0, '执行率': 0.0, '计划星期': '周一', '实际主力星期': '未开工'}, {'块': '块4', '中心': '30.078,103.912', '计划店': 4, '跑到的计划店': 0, '执行率': 0.0, '计划星期': '周四', '实际主力星期': '未开工'}, {'块': '块5', '中心': '30.058,103.733', '计划店': 2, '跑到的计划店': 0, '执行率': 0.0, '计划星期': '周一', '实际主力星期': '未开工'}]",1,0.2,0.0,0.0,0.0,区块×38店 仅执行 11%,19.8,13.4,122.0,3,1,73.3,"[63, 49, 30, 37, 37, 4, 0]",0.11,1.0,152,33,计划与实际几乎不相交,眉山市（东坡区×60）：计划 59 店 / 60 次，分成 5 个区块（最大区块 38 店）。 地盘东西 19.8 × 南北 13.4 km；区块内店距中位 122 m。 节奏：3 个工作日、平均每天 73.3 家店、一天 1.0 个区块、当天作业半径中位 0.11 km；出勤 周一63/周二49/周三30/周四37/周五37/周六4；周日 没跑。 ① 区块开工：5 块里他开工了 1 块；② 区块内执行率中位 0%（最弱一块 0%）；③ 区块星期一致 0%。 参考：覆盖 7%、同日 0%、相位 5%、量比 3.67。 结论：计划与实际几乎不相交——先查这块地盘是不是搞错了（管辖/门店清单），再谈行为。 最冷的区块（计划内执行率最低）：区块×38店 仅执行 11%。
NP8800409,徐州市,"云龙区×128, 铜山区×99",225,250,273,239,0.778,0.732,0.711,0.68,0.711,1.09,50,7,"[122, 81, 10, 5, 5]","[{'块': '块1', '中心': '34.237,117.261', '计划店': 122, '跑到的计划店': 94, '执行率': 0.77, '计划星期': '周五', '实际主力星期': '周二'}, {'块': '块2', '中心': '34.188,117.178', '计划店': 81, '跑到的计划店': 63, '执行率': 0.778, '计划星期': '周一', '实际主力星期': '周一'}, {'块': '块3', '中心': '34.196,117.088', '计划店': 10, '跑到的计划店': 10, '执行率': 1.0, '计划星期': '周三', '实际主力星期': '周三'}, {'块': '块4', '中心': '34.284,117.561', '计划店': 5, '跑到的计划店': 3, '执行率': 0.6, '计划星期': '周二', '实际主力星期': '周二'}, {'块': '块5', '中心': '34.173,117.263', '计划店': 5, '跑到的计划店': 3, '执行率': 0.6, '计划星期': '周四', '实际主力星期': '周四'}, {'块': '块6', '中心': '34.267,117.188', '计划店': 1, '跑到的计划店': 1, '执行率': 1.0, '计划星期': '周五', '实际主力星期': '周三'}, {'块': '块7', '中心': '34.273,117.368', '计划店': 1, '跑到的计划店': 1, '执行率': 1.0, '计划星期': '周二', '实际主力星期': '周一'}]",7,1.0,0.778,0.6,0.714,,43.8,13.3,69.0,17,12,16.1,"[95, 59, 47, 32, 40, 0, 0]",4.1,2.0,207,32,区块全开·店和星期都有欠,"徐州市（云龙区×128, 铜山区×99）：计划 225 店 / 250 次，分成 7 个区块（最大区块 122 店）。 地盘东西 43.8 × 南北 13.3 km；区块内店距中位 69 m。 节奏：17 个工作日、平均每天 16.1 家店、一天 2.0 个区块、当天作业半径中位 4.1 km；出勤 周一95/周二59/周三47/周四32/周五40；周六、周日 没跑。 ① 区块开工：7 块里他开工了 7 块；② 区块内执行率中位 78%（最弱一块 60%）；③ 区块星期一致 71%。 参考：覆盖 78%、同日 68%、相位 71%、量比 1.09。 结论：区块开了，但店没做全、星期也没守——属于执行力不足，要具体看到底缺在哪块。"
NP8800414,菏泽市,"牡丹区×44, 371725×12",60,60,248,247,0.883,0.215,0.867,0.867,0.883,4.13,7,4,"[44, 11, 4, 1]","[{'块': '块1', '中心': '35.247,115.457', '计划店': 44, '跑到的计划店': 41, '执行率': 0.932, '计划星期': '周二', '实际主力星期': '周五'}, {'块': '块2', '中心': '35.584,115.960', '计划店': 11, '跑到的计划店': 9, '执行率': 0.818, '计划星期': '周一', '实际主力星期': '周一'}, {'块': '块3', '中心': '34.960,115.866', '计划店': 4, '跑到的计划店': 2, '执行率': 0.5, '计划星期': '周三', '实际主力星期': '周三'}, {'块': '块4', '中心': '35.601,116.048', '计划店': 1, '跑到的计划店': 1, '执行率': 1.0, '计划星期': '周一', '实际主力星期': '周一'}]",4,1.0,0.875,0.5,1.0,区块×4店 仅执行 50%,56.1,72.8,76.0,6,10,41.3,"[66, 35, 39, 52, 50, 6, 0]",4.49,1.5,246,1,区块全开·星期照做,"菏泽市（牡丹区×44, 371725×12）：计划 60 店 / 60 次，分成 4 个区块（最大区块 44 店）。 地盘东西 56.1 × 南北 72.8 km；区块内店距中位 76 m。 节奏：6 个工作日、平均每天 41.3 家店、一天 1.5 个区块、当天作业半径中位 4.49 km；出勤 周一66/周二35/周三39/周四52/周五50/周六6；周日 没跑。 ① 区块开工：4 块里他开工了 4 块；② 区块内执行率中位 88%（最弱一块 50%）；③ 区块星期一致 100%。 参考：覆盖 88%、同日 87%、相位 88%、量比 4.13。 结论：**计划怎么划他就怎么做**——区块全开工、区块内做全、星期按计划。 最冷的区块（计划内执行率最低）：区块×4店 仅执行 50%。"
NP8800415,330500,"330503×12, 330502×12",24,24,155,139,0.208,0.036,0.167,0.167,0.167,6.46,19,2,"[12, 12]","[{'块': '块1', '中心': '30.872,120.432', '计划店': 12, '跑到的计划店': 3, '执行率': 0.25, '计划星期': '周五', '实际主力星期': '周五'}, {'块': '块2', '中心': '30.859,120.268', '计划店': 12, '跑到的计划店': 2, '执行率': 0.167, '计划星期': '周一', '实际主力星期': '周四'}]",2,1.0,0.208,0.167,1.0,区块×12店 仅执行 17%; 区块×12店 仅执行 25%,17.1,4.2,121.0,3,1,51.7,"[23, 24, 38, 41, 22, 0, 7]",1.15,1.0,126,13,计划与实际几乎不相交,"330500（330503×12, 330502×12）：计划 24 店 / 24 次，分成 2 个区块（最大区块 12 店）。 地盘东西 17.1 × 南北 4.2 km；区块内店距中位 121 m。 节奏：3 个工作日、平均每天 51.7 家店、一天 1.0 个区块、当天作业半径中位 1.15 km；出勤 周一23/周二24/周三38/周四41/周五22/周日7；周六 没跑。 ① 区块开工：2 块里他开工了 2 块；② 区块内执行率中位 21%（最弱一块 17%）；③ 区块星期一致 100%。 参考：覆盖 21%、同日 17%、相位 17%、量比 6.46。 结论：计划与实际几乎不相交——先查这块地盘是不是搞错了（管辖/门店清单），再谈行为。 最冷的区块（计划内执行率最低）：区块×12店 仅执行 17%; 区块×12店 仅执行 25%。"
NP8800420,南阳市,"邓州市×24, 卧龙区×24",67,76,250,246,0.448,0.122,0.377,0.342,0.418,3.29,37,8,"[27, 24, 8, 3, 2]","[{'块': '块1', '中心': '33.003,112.543', '计划店': 27, '跑到的计划店': 14, '执行率': 0.519, '计划星期': '周三', '实际主力星期': '周三'}, {'块': '块2', '中心': '32.680,112.094', '计划店': 24, '跑到的计划店': 12, '执行率': 0.5, '计划星期': '周一', '实际主力星期': '周一'}, {'块': '块3', '中心': '33.035,112.227', '计划店': 8, '跑到的计划店': 2, '执行率': 0.25, '计划星期': '周一', '实际主力星期': '周四'}, {'块': '块4', '中心': '33.009,112.497', '计划店': 3, '跑到的计划店': 2, '执行率': 0.667, '计划星期': '周三', '实际主力星期': '周五'}, {'块': '块5', '中心': '33.074,112.157', '计划店': 2, '跑到的计划店': 0, '执行率': 0.0, '计划星期': '周一', '实际主力星期': '未开工'}, {'块': '块6', '中心': '32.942,112.539', '计划店': 1, '跑到的计划店': 0, '执行率': 0.0, '计划星期': '周三', '实际主力星期': '未开工'}, {'块': '块7', '中心': '32.939,112.582', '计划店': 1, '跑到的计划店': 0, '执行率': 0.0, '计划星期': '周二', '实际主力星期': '未开工'}, {'块': '块8', '中心': '33.081,112.553', '计划店': 1, '跑到的计划店': 0, '执行率': 0.0, '计划星期': '周二', '实际主力星期': '未开工'}]",4,0.5,0.125,0.0,0.75,区块×8店 仅执行 25%; 区块×24店 仅执行 50%; 区块×27店 仅执行 52%,49.3,45.2,321.0,8,3,31.2,"[57, 44, 58, 43, 48, 0, 0]",2.49,1.0,242,4,区块大面积没开工,"南阳市（邓州市×24, 卧龙区×24）：计划 67 店 / 76 次，分成 8 个区块（最大区块 27 店）。 地盘东西 49.3 × 南北 45.2 km；区块内店距中位 321 m。 节奏：8 个工作日、平均每天 31.2 家店、一天 1.0 个区块、当天作业半径中位 2.49 km；出勤 周一57/周二44/周三58/周四43/周五48；周六、周日 没跑。 ① 区块开工：8 块里他开工了 4 块；② 区块内执行率中位 12%（最弱一块 0%）；③ 区块星期一致 75%。 参考：覆盖 45%、同日 34%、相位 42%、量比 3.29。 结论：**有区块整块没开工**（4 块），先问为什么不去，而不是谈执行率。 最冷的区块（计划内执行率最低）：区块×8店 仅执行 25%; 区块×24店 仅执行 50%; 区块×27店 仅执行 52%。"
NP8800426,盐城市,"亭湖区×129, 盐都区×119",241,248,117,116,0.415,0.862,0.393,0.379,0.407,0.47,141,3,"[239, 1, 1]","[{'块': '块1', '中心': '33.358,120.150', '计划店': 239, '跑到的计划店': 100, '执行率': 0.418, '计划星期': '周一', '实际主力星期': '周一'}, {'块': '块2', '中心': '33.451,120.087', '计划店': 1, '跑到的计划店': 0, '执行率': 0.0, '计划星期': '周三', '实际主力星期': '未开工'}, {'块': '块3', '中心': '33.437,120.238', '计划店': 1, '跑到的计划店': 0, '执行率': 0.0, '计划星期': '周二', '实际主力星期': '未开工'}]",1,0.333,0.0,0.0,1.0,区块×239店 仅执行 42%,18.7,16.7,91.0,14,6,8.4,"[30, 23, 20, 20, 24, 0, 0]",1.43,1.0,115,1,区块大面积没开工,"盐城市（亭湖区×129, 盐都区×119）：计划 241 店 / 248 次，分成 3 个区块（最大区块 239 店）。 地盘东西 18.7 × 南北 16.7 km；区块内店距中位 91 m。 节奏：14 个工作日、平均每天 8.4 家店、一天 1.0 个区块、当天作业半径中位 1.43 km；出勤 周一30/周二23/周三20/周四20/周五24；周六、周日 没跑。 ① 区块开工：3 块里他开工了 1 块；② 区块内执行率中位 0%（最弱一块 0%）；③ 区块星期一致 100%。 参考：覆盖 42%、同日 38%、相位 41%、量比 0.47。 结论：**有区块整块没开工**（2 块），先问为什么不去，而不是谈执行率。 最冷的区块（计划内执行率最低）：区块×239店 仅执行 42%。"
NP8800445,赤峰市,"元宝山区×77, 松山区×63",233,233,254,238,0.592,0.58,0.361,0.335,0.438,1.09,95,6,"[104, 77, 34, 16, 1]","[{'块': '块1', '中心': '42.253,118.894', '计划店': 104, '跑到的计划店': 74, '执行率': 0.712, '计划星期': '周一', '实际主力星期': '周一'}, {'块': '块2', '中心': '42.040,119.282', '计划店': 77, '跑到的计划店': 51, '执行率': 0.662, '计划星期': '周二', '实际主力星期': '周四'}, {'块': '块3', '中心': '43.871,120.077', '计划店': 34, '跑到的计划店': 3, '执行率': 0.088, '计划星期': '周五', '实际主力星期': '周一'}, {'块': '块4', '中心': '41.924,118.707', '计划店': 16, '跑到的计划店': 9, '执行率': 0.562, '计划星期': '周三', '实际主力星期': '周三'}, {'块': '块5', '中心': '42.157,118.840', '计划店': 1, '跑到的计划店': 1, '执行率': 1.0, '计划星期': '周四', '实际主力星期': '周三'}, {'块': '块6', '中心': '42.109,118.795', '计划店': 1, '跑到的计划店': 0, '执行率': 0.0, '计划星期': '周四', '实际主力星期': '未开工'}]",5,0.833,0.612,0.0,0.6,区块×34店 仅执行 9%; 区块×16店 仅执行 56%,114.9,219.7,55.0,18,8,14.1,"[70, 44, 33, 36, 51, 20, 0]",1.75,1.0,224,14,区块缺了没开,"赤峰市（元宝山区×77, 松山区×63）：计划 233 店 / 233 次，分成 6 个区块（最大区块 104 店）。 地盘东西 114.9 × 南北 219.7 km；区块内店距中位 55 m。 节奏：18 个工作日、平均每天 14.1 家店、一天 1.0 个区块、当天作业半径中位 1.75 km；出勤 周一70/周二44/周三33/周四36/周五51/周六20；周日 没跑。 ① 区块开工：6 块里他开工了 5 块；② 区块内执行率中位 61%（最弱一块 0%）；③ 区块星期一致 60%。 参考：覆盖 59%、同日 34%、相位 44%、量比 1.09。 结论：**有 1 个区块整块没开工**，但他开的那几块做得很好（执行率与星期都守）——先问为什么不去那几块。 最冷的区块（计划内执行率最低）：区块×34店 仅执行 9%; 区块×16店 仅执行 56%。"
NP8800446,中山市,"中山市×193, 江海区×1",174,194,264,228,0.983,0.75,0.983,0.985,0.983,1.36,3,5,"[75, 65, 16, 14, 4]","[{'块': '块1', '中心': '22.561,113.369', '计划店': 75, '跑到的计划店': 75, '执行率': 1.0, '计划星期': '周三', '实际主力星期': '周三'}, {'块': '块2', '中心': '22.539,113.467', '计划店': 65, '跑到的计划店': 63, '执行率': 0.969, '计划星期': '周五', '实际主力星期': '周五'}, {'块': '块3', '中心': '22.554,113.591', '计划店': 16, '跑到的计划店': 15, '执行率': 0.938, '计划星期': '周五', '实际主力星期': '周五'}, {'块': '块4', '中心': '22.452,113.535', '计划店': 14, '跑到的计划店': 14, '执行率': 1.0, '计划星期': '周一', '实际主力星期': '周一'}, {'块': '块5', '中心': '22.495,113.535', '计划店': 4, '跑到的计划店': 4, '执行率': 1.0, '计划星期': '周一', '实际主力星期': '周一'}]",5,1.0,1.0,0.938,1.0,,29.4,17.7,136.0,21,11,12.6,"[61, 52, 51, 50, 50, 0, 0]",2.55,1.0,194,34,区块全开·星期照做,"中山市（中山市×193, 江海区×1）：计划 174 店 / 194 次，分成 5 个区块（最大区块 75 店）。 地盘东西 29.4 × 南北 17.7 km；区块内店距中位 136 m。 节奏：21 个工作日、平均每天 12.6 家店、一天 1.0 个区块、当天作业半径中位 2.55 km；出勤 周一61/周二52/周三51/周四50/周五50；周六、周日 没跑。 ① 区块开工：5 块里他开工了 5 块；② 区块内执行率中位 100%（最弱一块 94%）；③ 区块星期一致 100%。 参考：覆盖 98%、同日 98%、相位 98%、量比 1.36。 结论：**计划怎么划他就怎么做**——区块全开工、区块内做全、星期按计划。"
NP8800449,长春市,"南关区×118, 二道区×110",217,229,194,180,0.733,0.883,0.714,0.716,0.71,0.85,58,3,"[157, 59, 1]","[{'块': '块1', '中心': '43.901,125.350', '计划店': 157, '跑到的计划店': 118, '执行率': 0.752, '计划星期': '周四', '实际主力星期': '周一'}, {'块': '块2', '中心': '43.882,125.419', '计划店': 59, '跑到的计划店': 40, '执行率': 0.678, '计划星期': '周二', '实际主力星期': '周二'}, {'块': '块3', '中心': '43.843,125.370', '计划店': 1, '跑到的计划店': 1, '执行率': 1.0, '计划星期': '周一', '实际主力星期': '周一'}]",3,1.0,0.752,0.678,1.0,,9.3,12.0,53.0,20,9,9.7,"[45, 36, 36, 33, 44, 0, 0]",1.05,1.0,166,14,区块全开·区块内欠访,"长春市（南关区×118, 二道区×110）：计划 217 店 / 229 次，分成 3 个区块（最大区块 157 店）。 地盘东西 9.3 × 南北 12.0 km；区块内店距中位 53 m。 节奏：20 个工作日、平均每天 9.7 家店、一天 1.0 个区块、当天作业半径中位 1.05 km；出勤 周一45/周二36/周三36/周四33/周五44；周六、周日 没跑。 ① 区块开工：3 块里他开工了 3 块；② 区块内执行率中位 75%（最弱一块 68%）；③ 区块星期一致 100%。 参考：覆盖 73%、同日 72%、相位 71%、量比 0.85。 结论：区块都开了、星期也守，但**区块内没做全**（存在欠访）。"
NP8800460,清远市,"清新区×65, 清城区×64",119,129,267,226,1.0,0.527,1.0,1.0,1.0,2.07,0,6,"[114, 1, 1, 1, 1]","[{'块': '块1', '中心': '23.717,113.038', '计划店': 114, '跑到的计划店': 114, '执行率': 1.0, '计划星期': '周三', '实际主力星期': '周三'}, {'块': '块2', '中心': '23.678,112.889', '计划店': 1, '跑到的计划店': 1, '执行率': 1.0, '计划星期': '周五', '实际主力星期': '周五'}, {'块': '块3', '中心': '23.771,113.036', '计划店': 1, '跑到的计划店': 1, '执行率': 1.0, '计划星期': '周二', '实际主力星期': '周二'}, {'块': '块4', '中心': '23.801,112.865', '计划店': 1, '跑到的计划店': 1, '执行率': 1.0, '计划星期': '周四', '实际主力星期': '周四'}, {'块': '块5', '中心': '23.776,112.962', '计划店': 1, '跑到的计划店': 1, '执行率': 1.0, '计划星期': '周一', '实际主力星期': '周一'}, {'块': '块6', '中心': '23.914,112.924', '计划店': 1, '跑到的计划店': 1, '执行率': 1.0, '计划星期': '周四', '实际主力星期': '周四'}]",6,1.0,1.0,1.0,1.0,,26.6,27.8,172.0,20,8,13.3,"[56, 45, 54, 51, 57, 4, 0]",5.0,1.0,187,39,区块全开·星期照做,"清远市（清新区×65, 清城区×64）：计划 119 店 / 129 次，分成 6 个区块（最大区块 114 店）。 地盘东西 26.6 × 南北 27.8 km；区块内店距中位 172 m。 节奏：20 个工作日、平均每天 13.3 家店、一天 1.0 个区块、当天作业半径中位 5.0 km；出勤 周一56/周二45/周三54/周四51/周五57/周六4；周日 没跑。 ① 区块开工：6 块里他开工了 6 块；② 区块内执行率中位 100%（最弱一块 100%）；③ 区块星期一致 100%。 参考：覆盖 100%、同日 100%、相位 100%、量比 2.07。 结论：**计划怎么划他就怎么做**——区块全开工、区块内做全、星期按计划。"
NP8800465,哈尔滨市,"南岗区×121, 香坊区×81",266,274,194,189,0.635,0.894,0.564,0.544,0.62,0.71,97,2,"[204, 62]","[{'块': '块1', '中心': '45.750,126.686', '计划店': 204, '跑到的计划店': 146, '执行率': 0.716, '计划星期': '周一', '实际主力星期': '周一'}, {'块': '块2', '中心': '45.596,126.644', '计划店': 62, '跑到的计划店': 23, '执行率': 0.371, '计划星期': '周三', '实际主力星期': '周三'}]",2,1.0,0.543,0.371,1.0,区块×62店 仅执行 37%,8.2,23.7,65.0,20,9,9.7,"[52, 32, 27, 38, 40, 5, 0]",0.84,1.0,184,5,区块全开·区块内欠访,"哈尔滨市（南岗区×121, 香坊区×81）：计划 266 店 / 274 次，分成 2 个区块（最大区块 204 店）。 地盘东西 8.2 × 南北 23.7 km；区块内店距中位 65 m。 节奏：20 个工作日、平均每天 9.7 家店、一天 1.0 个区块、当天作业半径中位 0.84 km；出勤 周一52/周二32/周三27/周四38/周五40/周六5；周日 没跑。 ① 区块开工：2 块里他开工了 2 块；② 区块内执行率中位 54%（最弱一块 37%）；③ 区块星期一致 100%。 参考：覆盖 64%、同日 54%、相位 62%、量比 0.71。 结论：区块都开了、星期也守，但**区块内没做全**（存在欠访）。 最冷的区块（计划内执行率最低）：区块×62店 仅执行 37%。"
NP8800476,莆田市,仙游县×233,207,233,239,210,1.0,0.986,1.0,1.0,1.0,1.03,0,11,"[169, 10, 9, 7, 3]","[{'块': '块1', '中心': '25.362,118.702', '计划店': 169, '跑到的计划店': 169, '执行率': 1.0, '计划星期': '周二', '实际主力星期': '周二'}, {'块': '块2', '中心': '25.255,118.866', '计划店': 10, '跑到的计划店': 10, '执行率': 1.0, '计划星期': '周一', '实际主力星期': '周一'}, {'块': '块3', '中心': '25.417,118.572', '计划店': 9, '跑到的计划店': 9, '执行率': 1.0, '计划星期': '周五', '实际主力星期': '周五'}, {'块': '块4', '中心': '25.306,118.832', '计划店': 7, '跑到的计划店': 7, '执行率': 1.0, '计划星期': '周一', '实际主力星期': '周一'}, {'块': '块5', '中心': '25.329,118.634', '计划店': 3, '跑到的计划店': 3, '执行率': 1.0, '计划星期': '周五', '实际主力星期': '周五'}, {'块': '块6', '中心': '25.375,118.795', '计划店': 2, '跑到的计划店': 2, '执行率': 1.0, '计划星期': '周一', '实际主力星期': '周一'}, {'块': '块7', '中心': '25.333,118.751', '计划店': 2, '跑到的计划店': 2, '执行率': 1.0, '计划星期': '周一', '实际主力星期': '周一'}, {'块': '块8', '中心': '25.360,118.836', '计划店': 2, '跑到的计划店': 2, '执行率': 1.0, '计划星期': '周一', '实际主力星期': '周一'}, {'块': '块9', '中心': '25.375,118.584', '计划店': 1, '跑到的计划店': 1, '执行率': 1.0, '计划星期': '周五', '实际主力星期': '周五'}, {'块': '块10', '中心': '25.318,118.582', '计划店': 1, '跑到的计划店': 1, '执行率': 1.0, '计划星期': '周五', '实际主力星期': '周五'}, {'块': '块11', '中心': '25.200,118.864', '计划店': 1, '跑到的计划店': 1, '执行率': 1.0, '计划星期': '周一', '实际主力星期': '周一'}]",11,1.0,1.0,1.0,1.0,,33.7,25.0,86.0,20,12,11.9,"[59, 48, 48, 48, 36, 0, 0]",1.37,1.0,183,27,区块全开·星期照做,莆田市（仙游县×233）：计划 207 店 / 233 次，分成 11 个区块（最大区块 169 店）。 地盘东西 33.7 × 南北 25.0 km；区块内店距中位 86 m。 节奏：20 个工作日、平均每天 11.9 家店、一天 1.0 个区块、当天作业半径中位 1.37 km；出勤 周一59/周二48/周三48/周四48/周五36；周六、周日 没跑。 ① 区块开工：11 块里他开工了 11 块；② 区块内执行率中位 100%（最弱一块 100%）；③ 区块星期一致 100%。 参考：覆盖 100%、同日 100%、相位 100%、量比 1.03。 结论：**计划怎么划他就怎么做**——区块全开工、区块内做全、星期按计划。
NP8800477,乐山市,"犍为县×6, 市中区×1",7,7,268,241,1.0,0.029,1.0,1.0,1.0,38.29,0,2,"[6, 1]","[{'块': '块1', '中心': '29.207,103.950', '计划店': 6, '跑到的计划店': 6, '执行率': 1.0, '计划星期': '周一', '实际主力星期': '周一'}, {'块': '块2', '中心': '29.595,103.737', '计划店': 1, '跑到的计划店': 1, '执行率': 1.0, '计划星期': '周五', '实际主力星期': '周三'}]",2,1.0,1.0,1.0,1.0,,21.7,43.6,182.0,5,1,53.6,"[60, 52, 41, 44, 59, 8, 4]",1.32,1.0,215,26,区块全开·星期照做,"乐山市（犍为县×6, 市中区×1）：计划 7 店 / 7 次，分成 2 个区块（最大区块 6 店）。 地盘东西 21.7 × 南北 43.6 km；区块内店距中位 182 m。 节奏：5 个工作日、平均每天 53.6 家店、一天 1.0 个区块、当天作业半径中位 1.32 km；出勤 周一60/周二52/周三41/周四44/周五59/周六8/周日4。 ① 区块开工：2 块里他开工了 2 块；② 区块内执行率中位 100%（最弱一块 100%）；③ 区块星期一致 100%。 参考：覆盖 100%、同日 100%、相位 100%、量比 38.29。 结论：**计划怎么划他就怎么做**——区块全开工、区块内做全、星期按计划。"
NP8800480,漳州市,"芗城区×125, 长泰区×53",142,180,201,172,0.901,0.744,0.846,0.789,0.894,1.12,14,4,"[114, 26, 1, 1]","[{'块': '块1', '中心': '24.537,117.629', '计划店': 114, '跑到的计划店': 101, '执行率': 0.886, '计划星期': '周四', '实际主力星期': '周五'}, {'块': '块2', '中心': '24.622,117.758', '计划店': 26, '跑到的计划店': 26, '执行率': 1.0, '计划星期': '周三', '实际主力星期': '周三'}, {'块': '块3', '中心': '24.744,117.780', '计划店': 1, '跑到的计划店': 1, '执行率': 1.0, '计划星期': '周一', '实际主力星期': '周一'}, {'块': '块4', '中心': '24.592,117.759', '计划店': 1, '跑到的计划店': 0, '执行率': 0.0, '计划星期': '周一', '实际主力星期': '未开工'}]",3,0.75,0.943,0.0,1.0,,19.8,25.9,129.0,16,11,12.6,"[45, 36, 36, 36, 48, 0, 0]",2.57,1.0,144,28,区块缺了没开,"漳州市（芗城区×125, 长泰区×53）：计划 142 店 / 180 次，分成 4 个区块（最大区块 114 店）。 地盘东西 19.8 × 南北 25.9 km；区块内店距中位 129 m。 节奏：16 个工作日、平均每天 12.6 家店、一天 1.0 个区块、当天作业半径中位 2.57 km；出勤 周一45/周二36/周三36/周四36/周五48；周六、周日 没跑。 ① 区块开工：4 块里他开工了 3 块；② 区块内执行率中位 94%（最弱一块 0%）；③ 区块星期一致 100%。 参考：覆盖 90%、同日 79%、相位 89%、量比 1.12。 结论：**有 1 个区块整块没开工**，但他开的那几块做得很好（执行率与星期都守）——先问为什么不去那几块。"
NP8800481,南充市,顺庆区×240,189,240,306,246,0.921,0.707,0.921,0.879,0.91,1.27,15,1,[189],"[{'块': '块1', '中心': '30.806,106.086', '计划店': 189, '跑到的计划店': 174, '执行率': 0.921, '计划星期': '周一', '实际主力星期': '周一'}]",1,1.0,0.921,0.921,1.0,,5.8,12.2,63.0,22,11,13.9,"[75, 52, 59, 61, 55, 4, 0]",1.43,1.0,192,54,区块全开·星期照做,南充市（顺庆区×240）：计划 189 店 / 240 次，分成 1 个区块（最大区块 189 店）。 地盘东西 5.8 × 南北 12.2 km；区块内店距中位 63 m。 节奏：22 个工作日、平均每天 13.9 家店、一天 1.0 个区块、当天作业半径中位 1.43 km；出勤 周一75/周二52/周三59/周四61/周五55/周六4；周日 没跑。 ① 区块开工：1 块里他开工了 1 块；② 区块内执行率中位 92%（最弱一块 92%）；③ 区块星期一致 100%。 参考：覆盖 92%、同日 88%、相位 91%、量比 1.27。 结论：**计划怎么划他就怎么做**——区块全开工、区块内做全、星期按计划。
NP8800491,呼和浩特市,"玉泉区×250, 赛罕区×1",227,251,240,221,0.877,0.9,0.877,0.861,0.872,0.96,28,1,[227],"[{'块': '块1', '中心': '40.786,111.666', '计划店': 227, '跑到的计划店': 199, '执行率': 0.877, '计划星期': '周一', '实际主力星期': '周二'}]",1,1.0,0.877,0.877,1.0,,8.5,7.2,48.0,20,11,12.0,"[54, 49, 51, 37, 49, 0, 0]",0.73,1.0,202,19,区块全开·星期照做,"呼和浩特市（玉泉区×250, 赛罕区×1）：计划 227 店 / 251 次，分成 1 个区块（最大区块 227 店）。 地盘东西 8.5 × 南北 7.2 km；区块内店距中位 48 m。 节奏：20 个工作日、平均每天 12.0 家店、一天 1.0 个区块、当天作业半径中位 0.73 km；出勤 周一54/周二49/周三51/周四37/周五49；周六、周日 没跑。 ① 区块开工：1 块里他开工了 1 块；② 区块内执行率中位 88%（最弱一块 88%）；③ 区块星期一致 100%。 参考：覆盖 88%、同日 86%、相位 87%、量比 0.96。 结论：**计划怎么划他就怎么做**——区块全开工、区块内做全、星期按计划。"
NP8800493,菏泽市,"牡丹区×144, 巨野县×44",236,236,312,300,0.72,0.567,0.627,0.61,0.699,1.32,66,12,"[139, 44, 27, 16, 2]","[{'块': '块1', '中心': '35.245,115.493', '计划店': 139, '跑到的计划店': 116, '执行率': 0.835, '计划星期': '周一', '实际主力星期': '周五'}, {'块': '块2', '中心': '35.392,116.079', '计划店': 44, '跑到的计划店': 32, '执行率': 0.727, '计划星期': '周一', '实际主力星期': '周一'}, {'块': '块3', '中心': '35.558,115.519', '计划店': 27, '跑到的计划店': 1, '执行率': 0.037, '计划星期': '周二', '实际主力星期': '周一'}, {'块': '块4', '中心': '34.835,115.561', '计划店': 16, '跑到的计划店': 16, '执行率': 1.0, '计划星期': '周三', '实际主力星期': '周三'}, {'块': '块5', '中心': '35.193,115.494', '计划店': 2, '跑到的计划店': 0, '执行率': 0.0, '计划星期': '周五', '实际主力星期': '未开工'}, {'块': '块6', '中心': '35.004,115.203', '计划店': 2, '跑到的计划店': 2, '执行率': 1.0, '计划星期': '周四', '实际主力星期': '周四'}, {'块': '块7', '中心': '35.354,115.858', '计划店': 1, '跑到的计划店': 0, '执行率': 0.0, '计划星期': '周四', '实际主力星期': '未开工'}, {'块': '块8', '中心': '35.364,116.027', '计划店': 1, '跑到的计划店': 1, '执行率': 1.0, '计划星期': '周四', '实际主力星期': '周三'}, {'块': '块9', '中心': '35.626,115.657', '计划店': 1, '跑到的计划店': 0, '执行率': 0.0, '计划星期': '周一', '实际主力星期': '未开工'}, {'块': '块10', '中心': '35.393,115.552', '计划店': 1, '跑到的计划店': 0, '执行率': 0.0, '计划星期': '周一', '实际主力星期': '未开工'}, {'块': '块11', '中心': '35.205,115.434', '计划店': 1, '跑到的计划店': 1, '执行率': 1.0, '计划星期': '周三', '实际主力星期': '周三'}, {'块': '块12', '中心': '34.822,115.730', '计划店': 1, '跑到的计划店': 1, '执行率': 1.0, '计划星期': '周三', '实际主力星期': '周三'}]",8,0.667,0.781,0.0,0.75,区块×27店 仅执行 4%,84.5,89.9,165.0,24,9,13.0,"[69, 47, 60, 58, 49, 24, 5]",2.89,1.0,288,12,区块缺了没开,"菏泽市（牡丹区×144, 巨野县×44）：计划 236 店 / 236 次，分成 12 个区块（最大区块 139 店）。 地盘东西 84.5 × 南北 89.9 km；区块内店距中位 165 m。 节奏：24 个工作日、平均每天 13.0 家店、一天 1.0 个区块、当天作业半径中位 2.89 km；出勤 周一69/周二47/周三60/周四58/周五49/周六24/周日5。 ① 区块开工：12 块里他开工了 8 块；② 区块内执行率中位 78%（最弱一块 0%）；③ 区块星期一致 75%。 参考：覆盖 72%、同日 61%、相位 70%、量比 1.32。 结论：**有 4 个区块整块没开工**，但他开的那几块做得很好（执行率与星期都守）——先问为什么不去那几块。 最冷的区块（计划内执行率最低）：区块×27店 仅执行 4%。"
NP8800497,阳江市,江城区×158,153,158,256,227,0.967,0.652,0.968,0.968,0.967,1.62,5,7,"[138, 7, 2, 2, 2]","[{'块': '块1', '中心': '21.858,111.970', '计划店': 138, '跑到的计划店': 134, '执行率': 0.971, '计划星期': '周一', '实际主力星期': '周一'}, {'块': '块2', '中心': '21.889,111.874', '计划店': 7, '跑到的计划店': 7, '执行率': 1.0, '计划星期': '周四', '实际主力星期': '周四'}, {'块': '块3', '中心': '21.615,111.861', '计划店': 2, '跑到的计划店': 2, '执行率': 1.0, '计划星期': '周一', '实际主力星期': '周一'}, {'块': '块4', '中心': '21.587,111.885', '计划店': 2, '跑到的计划店': 2, '执行率': 1.0, '计划星期': '周一', '实际主力星期': '周一'}, {'块': '块5', '中心': '21.603,111.917', '计划店': 2, '跑到的计划店': 2, '执行率': 1.0, '计划星期': '周一', '实际主力星期': '周一'}, {'块': '块6', '中心': '21.835,111.892', '计划店': 1, '跑到的计划店': 1, '执行率': 1.0, '计划星期': '周四', '实际主力星期': '周四'}, {'块': '块7', '中心': '21.854,111.848', '计划店': 1, '跑到的计划店': 0, '执行率': 0.0, '计划星期': '周四', '实际主力星期': '未开工'}]",6,0.857,1.0,0.0,1.0,,16.0,34.6,126.0,20,11,12.8,"[63, 36, 48, 48, 49, 12, 0]",1.5,1.0,202,25,区块缺了没开,阳江市（江城区×158）：计划 153 店 / 158 次，分成 7 个区块（最大区块 138 店）。 地盘东西 16.0 × 南北 34.6 km；区块内店距中位 126 m。 节奏：20 个工作日、平均每天 12.8 家店、一天 1.0 个区块、当天作业半径中位 1.5 km；出勤 周一63/周二36/周三48/周四48/周五49/周六12；周日 没跑。 ① 区块开工：7 块里他开工了 6 块；② 区块内执行率中位 100%（最弱一块 0%）；③ 区块星期一致 100%。 参考：覆盖 97%、同日 97%、相位 97%、量比 1.62。 结论：**有 1 个区块整块没开工**，但他开的那几块做得很好（执行率与星期都守）——先问为什么不去那几块。
NP8800502,吉林市,"船营区×135, 永吉县×38",233,238,300,292,0.601,0.479,0.152,0.05,0.292,1.26,93,4,"[176, 37, 19, 1]","[{'块': '块1', '中心': '43.841,126.542', '计划店': 176, '跑到的计划店': 120, '执行率': 0.682, '计划星期': '周一', '实际主力星期': '周一'}, {'块': '块2', '中心': '43.666,126.507', '计划店': 37, '跑到的计划店': 9, '执行率': 0.243, '计划星期': '周三', '实际主力星期': '周二'}, {'块': '块3', '中心': '44.407,126.956', '计划店': 19, '跑到的计划店': 10, '执行率': 0.526, '计划星期': '周五', '实际主力星期': '周三'}, {'块': '块4', '中心': '43.707,126.518', '计划店': 1, '跑到的计划店': 1, '执行率': 1.0, '计划星期': '周二', '实际主力星期': '周二'}]",4,1.0,0.604,0.243,0.5,区块×37店 仅执行 24%; 区块×19店 仅执行 53%,37.5,84.7,63.0,22,7,13.6,"[65, 48, 58, 34, 52, 21, 22]",2.98,1.0,284,8,区块全开·店和星期都有欠,"吉林市（船营区×135, 永吉县×38）：计划 233 店 / 238 次，分成 4 个区块（最大区块 176 店）。 地盘东西 37.5 × 南北 84.7 km；区块内店距中位 63 m。 节奏：22 个工作日、平均每天 13.6 家店、一天 1.0 个区块、当天作业半径中位 2.98 km；出勤 周一65/周二48/周三58/周四34/周五52/周六21/周日22。 ① 区块开工：4 块里他开工了 4 块；② 区块内执行率中位 60%（最弱一块 24%）；③ 区块星期一致 50%。 参考：覆盖 60%、同日 5%、相位 29%、量比 1.26。 结论：区块开了，但店没做全、星期也没守——属于执行力不足，要具体看到底缺在哪块。 最冷的区块（计划内执行率最低）：区块×37店 仅执行 24%; 区块×19店 仅执行 53%。"
NP8800525,襄阳市,"樊城区×204, 襄城区×45",234,249,268,229,0.85,0.869,0.794,0.771,0.791,1.08,35,1,[234],"[{'块': '块1', '中心': '32.044,112.122', '计划店': 234, '跑到的计划店': 199, '执行率': 0.85, '计划星期': '周一', '实际主力星期': '周二'}]",1,1.0,0.85,0.85,1.0,,3.7,10.6,45.0,16,12,16.8,"[52, 71, 73, 36, 36, 0, 0]",2.0,1.0,193,36,区块全开·星期照做,"襄阳市（樊城区×204, 襄城区×45）：计划 234 店 / 249 次，分成 1 个区块（最大区块 234 店）。 地盘东西 3.7 × 南北 10.6 km；区块内店距中位 45 m。 节奏：16 个工作日、平均每天 16.8 家店、一天 1.0 个区块、当天作业半径中位 2.0 km；出勤 周一52/周二71/周三73/周四36/周五36；周六、周日 没跑。 ① 区块开工：1 块里他开工了 1 块；② 区块内执行率中位 85%（最弱一块 85%）；③ 区块星期一致 100%。 参考：覆盖 85%、同日 77%、相位 79%、量比 1.08。 结论：**计划怎么划他就怎么做**——区块全开工、区块内做全、星期按计划。"
NP8800534,重庆市,璧山区×63,63,63,168,161,0.984,0.385,0.984,0.984,0.984,2.67,1,3,"[53, 9, 1]","[{'块': '块1', '中心': '29.585,106.219', '计划店': 53, '跑到的计划店': 52, '执行率': 0.981, '计划星期': '周三', '实际主力星期': '周五'}, {'块': '块2', '中心': '29.470,106.238', '计划店': 9, '跑到的计划店': 9, '执行率': 1.0, '计划星期': '周一', '实际主力星期': '周一'}, {'块': '块3', '中心': '29.726,106.226', '计划店': 1, '跑到的计划店': 1, '执行率': 1.0, '计划星期': '周三', '实际主力星期': '周三'}]",3,1.0,1.0,0.981,1.0,,5.5,29.0,109.0,10,6,16.8,"[42, 35, 36, 24, 31, 0, 0]",0.97,1.0,154,7,区块全开·星期照做,重庆市（璧山区×63）：计划 63 店 / 63 次，分成 3 个区块（最大区块 53 店）。 地盘东西 5.5 × 南北 29.0 km；区块内店距中位 109 m。 节奏：10 个工作日、平均每天 16.8 家店、一天 1.0 个区块、当天作业半径中位 0.97 km；出勤 周一42/周二35/周三36/周四24/周五31；周六、周日 没跑。 ① 区块开工：3 块里他开工了 3 块；② 区块内执行率中位 100%（最弱一块 98%）；③ 区块星期一致 100%。 参考：覆盖 98%、同日 98%、相位 98%、量比 2.67。 结论：**计划怎么划他就怎么做**——区块全开工、区块内做全、星期按计划。
NP8800550,大连市,"甘井子区×11, 沙河口区×6",17,18,267,218,0.824,0.064,0.824,0.833,0.824,14.83,3,3,"[15, 1, 1]","[{'块': '块1', '中心': '38.932,121.560', '计划店': 15, '跑到的计划店': 12, '执行率': 0.8, '计划星期': '周一', '实际主力星期': '周一'}, {'块': '块2', '中心': '38.961,121.591', '计划店': 1, '跑到的计划店': 1, '执行率': 1.0, '计划星期': '周三', '实际主力星期': '周四'}, {'块': '块3', '中心': '38.948,121.502', '计划店': 1, '跑到的计划店': 1, '执行率': 1.0, '计划星期': '周二', '实际主力星期': '周二'}]",3,1.0,1.0,0.8,1.0,,7.7,4.7,213.0,7,1,38.1,"[64, 50, 50, 47, 51, 0, 5]",1.59,1.0,174,44,区块全开·星期照做,"大连市（甘井子区×11, 沙河口区×6）：计划 17 店 / 18 次，分成 3 个区块（最大区块 15 店）。 地盘东西 7.7 × 南北 4.7 km；区块内店距中位 213 m。 节奏：7 个工作日、平均每天 38.1 家店、一天 1.0 个区块、当天作业半径中位 1.59 km；出勤 周一64/周二50/周三50/周四47/周五51/周日5；周六 没跑。 ① 区块开工：3 块里他开工了 3 块；② 区块内执行率中位 100%（最弱一块 80%）；③ 区块星期一致 100%。 参考：覆盖 82%、同日 83%、相位 82%、量比 14.83。 结论：**计划怎么划他就怎么做**——区块全开工、区块内做全、星期按计划。"
NP8800557,兰州市,城关区×39,38,39,310,252,0.842,0.127,0.846,0.846,0.842,7.95,6,1,[38],"[{'块': '块1', '中心': '36.045,103.872', '计划店': 38, '跑到的计划店': 32, '执行率': 0.842, '计划星期': '周三', '实际主力星期': '周三'}]",1,1.0,0.842,0.842,1.0,,8.1,2.3,95.0,12,4,25.8,"[69, 60, 60, 59, 62, 0, 0]",0.67,1.0,202,50,区块全开·区块内欠访,兰州市（城关区×39）：计划 38 店 / 39 次，分成 1 个区块（最大区块 38 店）。 地盘东西 8.1 × 南北 2.3 km；区块内店距中位 95 m。 节奏：12 个工作日、平均每天 25.8 家店、一天 1.0 个区块、当天作业半径中位 0.67 km；出勤 周一69/周二60/周三60/周四59/周五62；周六、周日 没跑。 ① 区块开工：1 块里他开工了 1 块；② 区块内执行率中位 84%（最弱一块 84%）；③ 区块星期一致 100%。 参考：覆盖 84%、同日 85%、相位 84%、量比 7.95。 结论：区块都开了、星期也守，但**区块内没做全**（存在欠访）。
NP8800567,无锡市,江阴市×210,190,210,179,165,0.842,0.97,0.842,0.81,0.832,0.85,30,14,"[42, 36, 25, 19, 13]","[{'块': '块1', '中心': '31.809,120.488', '计划店': 42, '跑到的计划店': 40, '执行率': 0.952, '计划星期': '周一', '实际主力星期': '周一'}, {'块': '块2', '中心': '31.865,120.408', '计划店': 36, '跑到的计划店': 26, '执行率': 0.722, '计划星期': '周三', '实际主力星期': '周三'}, {'块': '块3', '中心': '31.753,120.411', '计划店': 25, '跑到的计划店': 24, '执行率': 0.96, '计划星期': '周五', '实际主力星期': '周五'}, {'块': '块4', '中心': '31.863,120.340', '计划店': 19, '跑到的计划店': 17, '执行率': 0.895, '计划星期': '周二', '实际主力星期': '周二'}, {'块': '块5', '中心': '31.918,120.080', '计划店': 13, '跑到的计划店': 10, '执行率': 0.769, '计划星期': '周四', '实际主力星期': '周四'}, {'块': '块6', '中心': '31.852,120.253', '计划店': 13, '跑到的计划店': 12, '执行率': 0.923, '计划星期': '周四', '实际主力星期': '周四'}, {'块': '块7', '中心': '31.927,120.351', '计划店': 12, '跑到的计划店': 7, '执行率': 0.583, '计划星期': '周二', '实际主力星期': '周二'}, {'块': '块8', '中心': '31.749,120.484', '计划店': 10, '跑到的计划店': 10, '执行率': 1.0, '计划星期': '周一', '实际主力星期': '周一'}, {'块': '块9', '中心': '31.811,120.382', '计划店': 7, '跑到的计划店': 3, '执行率': 0.429, '计划星期': '周五', '实际主力星期': '周五'}, {'块': '块10', '中心': '31.854,120.012', '计划店': 5, '跑到的计划店': 5, '执行率': 1.0, '计划星期': '周四', '实际主力星期': '周四'}, {'块': '块11', '中心': '31.901,120.235', '计划店': 4, '跑到的计划店': 2, '执行率': 0.5, '计划星期': '周四', '实际主力星期': '周四'}, {'块': '块12', '中心': '31.736,120.556', '计划店': 2, '跑到的计划店': 2, '执行率': 1.0, '计划星期': '周一', '实际主力星期': '周一'}, {'块': '块13', '中心': '31.774,120.552', '计划店': 1, '跑到的计划店': 1, '执行率': 1.0, '计划星期': '周一', '实际主力星期': '周一'}, {'块': '块14', '中心': '31.836,120.515', '计划店': 1, '跑到的计划店': 1, '执行率': 1.0, '计划星期': '周一', '实际主力星期': '周一'}]",14,1.0,0.938,0.429,1.0,区块×7店 仅执行 43%; 区块×4店 仅执行 50%; 区块×12店 仅执行 58%,53.5,25.9,146.0,21,9,8.5,"[52, 28, 30, 32, 37, 0, 0]",3.24,1.0,151,14,区块全开·星期照做,无锡市（江阴市×210）：计划 190 店 / 210 次，分成 14 个区块（最大区块 42 店）。 地盘东西 53.5 × 南北 25.9 km；区块内店距中位 146 m。 节奏：21 个工作日、平均每天 8.5 家店、一天 1.0 个区块、当天作业半径中位 3.24 km；出勤 周一52/周二28/周三30/周四32/周五37；周六、周日 没跑。 ① 区块开工：14 块里他开工了 14 块；② 区块内执行率中位 94%（最弱一块 43%）；③ 区块星期一致 100%。 参考：覆盖 84%、同日 81%、相位 83%、量比 0.85。 结论：**计划怎么划他就怎么做**——区块全开工、区块内做全、星期按计划。 最冷的区块（计划内执行率最低）：区块×7店 仅执行 43%; 区块×4店 仅执行 50%; 区块×12店 仅执行 58%。
NP8800580,上海市,松江区×19,19,19,260,235,0.842,0.068,0.842,0.842,0.842,13.68,3,3,"[15, 2, 2]","[{'块': '块1', '中心': '31.033,121.240', '计划店': 15, '跑到的计划店': 12, '执行率': 0.8, '计划星期': '周二', '实际主力星期': '周二'}, {'块': '块2', '中心': '31.115,121.262', '计划店': 2, '跑到的计划店': 2, '执行率': 1.0, '计划星期': '周三', '实际主力星期': '周三'}, {'块': '块3', '中心': '31.129,121.319', '计划店': 2, '跑到的计划店': 2, '执行率': 1.0, '计划星期': '周五', '实际主力星期': '周五'}]",3,1.0,1.0,0.8,1.0,,9.9,13.2,107.0,6,2,43.3,"[62, 50, 58, 40, 48, 2, 0]",1.01,1.0,211,24,区块全开·星期照做,上海市（松江区×19）：计划 19 店 / 19 次，分成 3 个区块（最大区块 15 店）。 地盘东西 9.9 × 南北 13.2 km；区块内店距中位 107 m。 节奏：6 个工作日、平均每天 43.3 家店、一天 1.0 个区块、当天作业半径中位 1.01 km；出勤 周一62/周二50/周三58/周四40/周五48/周六2；周日 没跑。 ① 区块开工：3 块里他开工了 3 块；② 区块内执行率中位 100%（最弱一块 80%）；③ 区块星期一致 100%。 参考：覆盖 84%、同日 84%、相位 84%、量比 13.68。 结论：**计划怎么划他就怎么做**——区块全开工、区块内做全、星期按计划。
NP8800589,邯郸市,"武安市×87, 永年区×17",137,137,100,98,0.416,0.582,0.248,0.153,0.255,0.73,80,9,"[77, 17, 15, 10, 9]","[{'块': '块1', '中心': '36.694,114.187', '计划店': 77, '跑到的计划店': 34, '执行率': 0.442, '计划星期': '周一', '实际主力星期': '周二'}, {'块': '块2', '中心': '36.768,114.503', '计划店': 17, '跑到的计划店': 7, '执行率': 0.412, '计划星期': '周一', '实际主力星期': '周一'}, {'块': '块3', '中心': '36.423,114.220', '计划店': 15, '跑到的计划店': 6, '执行率': 0.4, '计划星期': '周三', '实际主力星期': '周四'}, {'块': '块4', '中心': '36.620,114.453', '计划店': 10, '跑到的计划店': 1, '执行率': 0.1, '计划星期': '周四', '实际主力星期': '周五'}, {'块': '块5', '中心': '36.377,114.386', '计划店': 9, '跑到的计划店': 5, '执行率': 0.556, '计划星期': '周三', '实际主力星期': '周三'}, {'块': '块6', '中心': '36.892,113.948', '计划店': 4, '跑到的计划店': 3, '执行率': 0.75, '计划星期': '周五', '实际主力星期': '周五'}, {'块': '块7', '中心': '36.731,114.235', '计划店': 3, '跑到的计划店': 1, '执行率': 0.333, '计划星期': '周五', '实际主力星期': '周五'}, {'块': '块8', '中心': '36.779,114.249', '计划店': 1, '跑到的计划店': 0, '执行率': 0.0, '计划星期': '周五', '实际主力星期': '未开工'}, {'块': '块9', '中心': '36.730,114.129', '计划店': 1, '跑到的计划店': 0, '执行率': 0.0, '计划星期': '周三', '实际主力星期': '未开工'}]",7,0.778,0.4,0.0,0.714,区块×10店 仅执行 10%; 区块×3店 仅执行 33%; 区块×15店 仅执行 40%,53.2,61.0,163.0,16,3,6.2,"[26, 15, 15, 20, 24, 0, 0]",1.87,1.0,96,2,区块缺了没开,"邯郸市（武安市×87, 永年区×17）：计划 137 店 / 137 次，分成 9 个区块（最大区块 77 店）。 地盘东西 53.2 × 南北 61.0 km；区块内店距中位 163 m。 节奏：16 个工作日、平均每天 6.2 家店、一天 1.0 个区块、当天作业半径中位 1.87 km；出勤 周一26/周二15/周三15/周四20/周五24；周六、周日 没跑。 ① 区块开工：9 块里他开工了 7 块；② 区块内执行率中位 40%（最弱一块 0%）；③ 区块星期一致 71%。 参考：覆盖 42%、同日 15%、相位 26%、量比 0.73。 结论：**有 2 个区块整块没开工**，但他开的那几块做得很好（执行率与星期都守）——先问为什么不去那几块。 最冷的区块（计划内执行率最低）：区块×10店 仅执行 10%; 区块×3店 仅执行 33%; 区块×15店 仅执行 40%。"
NP8800592,温州市,"瓯海区×254, 鹿城区×7",202,261,298,231,0.718,0.628,0.5,0.398,0.54,1.14,57,1,[202],"[{'块': '块1', '中心': '27.949,120.666', '计划店': 202, '跑到的计划店': 145, '执行率': 0.718, '计划星期': '周一', '实际主力星期': '周四'}]",1,1.0,0.718,0.718,1.0,,10.1,15.7,55.0,20,9,14.9,"[59, 49, 55, 80, 55, 0, 0]",3.96,1.0,173,58,区块全开·区块内欠访,"温州市（瓯海区×254, 鹿城区×7）：计划 202 店 / 261 次，分成 1 个区块（最大区块 202 店）。 地盘东西 10.1 × 南北 15.7 km；区块内店距中位 55 m。 节奏：20 个工作日、平均每天 14.9 家店、一天 1.0 个区块、当天作业半径中位 3.96 km；出勤 周一59/周二49/周三55/周四80/周五55；周六、周日 没跑。 ① 区块开工：1 块里他开工了 1 块；② 区块内执行率中位 72%（最弱一块 72%）；③ 区块星期一致 100%。 参考：覆盖 72%、同日 40%、相位 54%、量比 1.14。 结论：区块都开了、星期也守，但**区块内没做全**（存在欠访）。"
NP8800607,乐山市,市中区×13,13,13,274,253,1.0,0.051,1.0,1.0,1.0,21.08,0,1,[13],"[{'块': '块1', '中心': '29.579,103.762', '计划店': 13, '跑到的计划店': 13, '执行率': 1.0, '计划星期': '周四', '实际主力星期': '周四'}]",1,1.0,1.0,1.0,1.0,,0.9,2.1,141.0,4,2,68.5,"[65, 51, 41, 63, 53, 1, 0]",0.37,1.0,233,20,区块全开·星期照做,乐山市（市中区×13）：计划 13 店 / 13 次，分成 1 个区块（最大区块 13 店）。 地盘东西 0.9 × 南北 2.1 km；区块内店距中位 141 m。 节奏：4 个工作日、平均每天 68.5 家店、一天 1.0 个区块、当天作业半径中位 0.37 km；出勤 周一65/周二51/周三41/周四63/周五53/周六1；周日 没跑。 ① 区块开工：1 块里他开工了 1 块；② 区块内执行率中位 100%（最弱一块 100%）；③ 区块星期一致 100%。 参考：覆盖 100%、同日 100%、相位 100%、量比 21.08。 结论：**计划怎么划他就怎么做**——区块全开工、区块内做全、星期按计划。
NP8800609,苏州市,昆山市×224,206,224,216,192,0.743,0.797,0.733,0.696,0.738,0.96,53,5,"[167, 23, 13, 2, 1]","[{'块': '块1', '中心': '31.394,120.987', '计划店': 167, '跑到的计划店': 129, '执行率': 0.772, '计划星期': '周一', '实际主力星期': '周一'}, {'块': '块2', '中心': '31.297,121.094', '计划店': 23, '跑到的计划店': 12, '执行率': 0.522, '计划星期': '周五', '实际主力星期': '周五'}, {'块': '块3', '中心': '31.316,121.040', '计划店': 13, '跑到的计划店': 12, '执行率': 0.923, '计划星期': '周五', '实际主力星期': '周五'}, {'块': '块4', '中心': '31.466,120.955', '计划店': 2, '跑到的计划店': 0, '执行率': 0.0, '计划星期': '周一', '实际主力星期': '未开工'}, {'块': '块5', '中心': '31.453,120.975', '计划店': 1, '跑到的计划店': 0, '执行率': 0.0, '计划星期': '周一', '实际主力星期': '未开工'}]",3,0.6,0.522,0.0,1.0,区块×23店 仅执行 52%,20.0,20.1,79.0,19,10,11.4,"[45, 52, 42, 33, 42, 2, 0]",2.74,1.0,173,19,区块缺了没开,苏州市（昆山市×224）：计划 206 店 / 224 次，分成 5 个区块（最大区块 167 店）。 地盘东西 20.0 × 南北 20.1 km；区块内店距中位 79 m。 节奏：19 个工作日、平均每天 11.4 家店、一天 1.0 个区块、当天作业半径中位 2.74 km；出勤 周一45/周二52/周三42/周四33/周五42/周六2；周日 没跑。 ① 区块开工：5 块里他开工了 3 块；② 区块内执行率中位 52%（最弱一块 0%）；③ 区块星期一致 100%。 参考：覆盖 74%、同日 70%、相位 74%、量比 0.96。 结论：**有 2 个区块整块没开工**，但他开的那几块做得很好（执行率与星期都守）——先问为什么不去那几块。 最冷的区块（计划内执行率最低）：区块×23店 仅执行 52%。
NP8800613,泰州市,靖江市×203,203,203,66,65,0.3,0.938,0.222,0.217,0.271,0.33,142,6,"[149, 28, 18, 5, 2]","[{'块': '块1', '中心': '32.005,120.267', '计划店': 149, '跑到的计划店': 58, '执行率': 0.389, '计划星期': '周四', '实际主力星期': '周一'}, {'块': '块2', '中心': '31.983,120.131', '计划店': 28, '跑到的计划店': 2, '执行率': 0.071, '计划星期': '周一', '实际主力星期': '周一'}, {'块': '块3', '中心': '32.060,120.393', '计划店': 18, '跑到的计划店': 1, '执行率': 0.056, '计划星期': '周二', '实际主力星期': '周二'}, {'块': '块4', '中心': '32.033,120.205', '计划店': 5, '跑到的计划店': 0, '执行率': 0.0, '计划星期': '周三', '实际主力星期': '未开工'}, {'块': '块5', '中心': '32.132,120.308', '计划店': 2, '跑到的计划店': 0, '执行率': 0.0, '计划星期': '周三', '实际主力星期': '未开工'}, {'块': '块6', '中心': '32.114,120.431', '计划店': 1, '跑到的计划店': 0, '执行率': 0.0, '计划星期': '周二', '实际主力星期': '未开工'}]",3,0.5,0.028,0.0,1.0,区块×18店 仅执行 6%; 区块×28店 仅执行 7%; 区块×149店 仅执行 39%,33.3,19.8,141.0,21,2,3.1,"[23, 10, 10, 8, 15, 0, 0]",0.92,1.0,64,1,区块大面积没开工,泰州市（靖江市×203）：计划 203 店 / 203 次，分成 6 个区块（最大区块 149 店）。 地盘东西 33.3 × 南北 19.8 km；区块内店距中位 141 m。 节奏：21 个工作日、平均每天 3.1 家店、一天 1.0 个区块、当天作业半径中位 0.92 km；出勤 周一23/周二10/周三10/周四8/周五15；周六、周日 没跑。 ① 区块开工：6 块里他开工了 3 块；② 区块内执行率中位 3%（最弱一块 0%）；③ 区块星期一致 100%。 参考：覆盖 30%、同日 22%、相位 27%、量比 0.33。 结论：**有区块整块没开工**（3 块），先问为什么不去，而不是谈执行率。 最冷的区块（计划内执行率最低）：区块×18店 仅执行 6%; 区块×28店 仅执行 7%; 区块×149店 仅执行 39%。
NP8800630,天津市,"滨海新区×212, 宁河区×12",193,225,249,194,0.653,0.649,0.104,0.027,0.409,1.11,67,10,"[110, 42, 23, 11, 2]","[{'块': '块1', '中心': '39.031,117.681', '计划店': 110, '跑到的计划店': 77, '执行率': 0.7, '计划星期': '周四', '实际主力星期': '周一'}, {'块': '块2', '中心': '39.111,117.745', '计划店': 42, '跑到的计划店': 26, '执行率': 0.619, '计划星期': '周一', '实际主力星期': '周三'}, {'块': '块3', '中心': '39.247,117.811', '计划店': 23, '跑到的计划店': 9, '执行率': 0.391, '计划星期': '周二', '实际主力星期': '周二'}, {'块': '块4', '中心': '39.327,117.824', '计划店': 11, '跑到的计划店': 9, '执行率': 0.818, '计划星期': '周二', '实际主力星期': '周四'}, {'块': '块5', '中心': '39.030,117.578', '计划店': 2, '跑到的计划店': 1, '执行率': 0.5, '计划星期': '周五', '实际主力星期': '周四'}, {'块': '块6', '中心': '39.080,117.618', '计划店': 1, '跑到的计划店': 1, '执行率': 1.0, '计划星期': '周五', '实际主力星期': '周二'}, {'块': '块7', '中心': '38.931,117.719', '计划店': 1, '跑到的计划店': 0, '执行率': 0.0, '计划星期': '周四', '实际主力星期': '未开工'}, {'块': '块8', '中心': '39.158,117.739', '计划店': 1, '跑到的计划店': 1, '执行率': 1.0, '计划星期': '周一', '实际主力星期': '周五'}, {'块': '块9', '中心': '39.101,117.660', '计划店': 1, '跑到的计划店': 1, '执行率': 1.0, '计划星期': '周五', '实际主力星期': '周四'}, {'块': '块10', '中心': '39.340,117.797', '计划店': 1, '跑到的计划店': 1, '执行率': 1.0, '计划星期': '周一', '实际主力星期': '周四'}]",9,0.9,0.759,0.0,0.333,区块×23店 仅执行 39%; 区块×2店 仅执行 50%,22.1,45.4,169.0,21,7,11.9,"[60, 48, 46, 48, 47, 0, 0]",8.0,2.0,147,47,区块全开·店和星期都有欠,"天津市（滨海新区×212, 宁河区×12）：计划 193 店 / 225 次，分成 10 个区块（最大区块 110 店）。 地盘东西 22.1 × 南北 45.4 km；区块内店距中位 169 m。 节奏：21 个工作日、平均每天 11.9 家店、一天 2.0 个区块、当天作业半径中位 8.0 km；出勤 周一60/周二48/周三46/周四48/周五47；周六、周日 没跑。 ① 区块开工：10 块里他开工了 9 块；② 区块内执行率中位 76%（最弱一块 0%）；③ 区块星期一致 33%。 参考：覆盖 65%、同日 3%、相位 41%、量比 1.11。 结论：区块开了，但店没做全、星期也没守——属于执行力不足，要具体看到底缺在哪块。 最冷的区块（计划内执行率最低）：区块×23店 仅执行 39%; 区块×2店 仅执行 50%。"
NP8800632,乌鲁木齐市,沙依巴克区×24,24,24,172,152,1.0,0.158,1.0,1.0,1.0,7.17,0,1,[24],"[{'块': '块1', '中心': '43.792,87.599', '计划店': 24, '跑到的计划店': 24, '执行率': 1.0, '计划星期': '周三', '实际主力星期': '周一'}]",1,1.0,1.0,1.0,1.0,,2.1,5.7,113.0,5,2,34.4,"[36, 48, 40, 19, 29, 0, 0]",1.76,1.0,134,18,区块全开·星期照做,乌鲁木齐市（沙依巴克区×24）：计划 24 店 / 24 次，分成 1 个区块（最大区块 24 店）。 地盘东西 2.1 × 南北 5.7 km；区块内店距中位 113 m。 节奏：5 个工作日、平均每天 34.4 家店、一天 1.0 个区块、当天作业半径中位 1.76 km；出勤 周一36/周二48/周三40/周四19/周五29；周六、周日 没跑。 ① 区块开工：1 块里他开工了 1 块；② 区块内执行率中位 100%（最弱一块 100%）；③ 区块星期一致 100%。 参考：覆盖 100%、同日 100%、相位 100%、量比 7.17。 结论：**计划怎么划他就怎么做**——区块全开工、区块内做全、星期按计划。
NP8800638,聊城市,"茌平区×132, 东昌府区×120",252,252,35,31,0.115,0.935,0.091,0.087,0.107,0.14,223,2,"[216, 36]","[{'块': '块1', '中心': '36.455,115.991', '计划店': 216, '跑到的计划店': 22, '执行率': 0.102, '计划星期': '周二', '实际主力星期': '周三'}, {'块': '块2', '中心': '36.576,116.247', '计划店': 36, '跑到的计划店': 7, '执行率': 0.194, '计划星期': '周一', '实际主力星期': '周一'}]",2,1.0,0.148,0.102,0.5,区块×216店 仅执行 10%; 区块×36店 仅执行 19%,28.8,22.3,107.0,7,5,5.0,"[10, 0, 14, 11, 0, 0, 0]",1.24,1.0,27,4,计划与实际几乎不相交,"聊城市（茌平区×132, 东昌府区×120）：计划 252 店 / 252 次，分成 2 个区块（最大区块 216 店）。 地盘东西 28.8 × 南北 22.3 km；区块内店距中位 107 m。 节奏：7 个工作日、平均每天 5.0 家店、一天 1.0 个区块、当天作业半径中位 1.24 km；出勤 周一10/周三14/周四11；周二、周五、周六、周日 没跑。 ① 区块开工：2 块里他开工了 2 块；② 区块内执行率中位 15%（最弱一块 10%）；③ 区块星期一致 50%。 参考：覆盖 12%、同日 9%、相位 11%、量比 0.14。 结论：计划与实际几乎不相交——先查这块地盘是不是搞错了（管辖/门店清单），再谈行为。 最冷的区块（计划内执行率最低）：区块×216店 仅执行 10%; 区块×36店 仅执行 19%。"
NP8800645,兰州市,城关区×40,39,40,172,150,1.0,0.26,1.0,1.0,1.0,4.3,0,2,"[23, 16]","[{'块': '块1', '中心': '36.060,103.888', '计划店': 23, '跑到的计划店': 23, '执行率': 1.0, '计划星期': '周二', '实际主力星期': '周二'}, {'块': '块2', '中心': '36.060,103.818', '计划店': 16, '跑到的计划店': 16, '执行率': 1.0, '计划星期': '周三', '实际主力星期': '周一'}]",2,1.0,1.0,1.0,1.0,,7.8,2.0,54.0,11,5,15.6,"[46, 28, 36, 36, 26, 0, 0]",0.68,1.0,130,20,区块全开·星期照做,兰州市（城关区×40）：计划 39 店 / 40 次，分成 2 个区块（最大区块 23 店）。 地盘东西 7.8 × 南北 2.0 km；区块内店距中位 54 m。 节奏：11 个工作日、平均每天 15.6 家店、一天 1.0 个区块、当天作业半径中位 0.68 km；出勤 周一46/周二28/周三36/周四36/周五26；周六、周日 没跑。 ① 区块开工：2 块里他开工了 2 块；② 区块内执行率中位 100%（最弱一块 100%）；③ 区块星期一致 100%。 参考：覆盖 100%、同日 100%、相位 100%、量比 4.3。 结论：**计划怎么划他就怎么做**——区块全开工、区块内做全、星期按计划。
NP8800649,重庆市,"南岸区×21, 巴南区×7",28,28,279,259,0.964,0.104,0.964,0.964,0.964,9.96,1,3,"[25, 2, 1]","[{'块': '块1', '中心': '29.513,106.570', '计划店': 25, '跑到的计划店': 24, '执行率': 0.96, '计划星期': '周三', '实际主力星期': '周三'}, {'块': '块2', '中心': '29.477,106.512', '计划店': 2, '跑到的计划店': 2, '执行率': 1.0, '计划星期': '周一', '实际主力星期': '周一'}, {'块': '块3', '中心': '29.446,106.544', '计划店': 1, '跑到的计划店': 1, '执行率': 1.0, '计划星期': '周二', '实际主力星期': '周二'}]",3,1.0,1.0,0.96,1.0,,8.1,11.6,277.0,17,2,16.4,"[66, 56, 56, 52, 49, 0, 0]",0.25,1.0,239,20,区块全开·星期照做,"重庆市（南岸区×21, 巴南区×7）：计划 28 店 / 28 次，分成 3 个区块（最大区块 25 店）。 地盘东西 8.1 × 南北 11.6 km；区块内店距中位 277 m。 节奏：17 个工作日、平均每天 16.4 家店、一天 1.0 个区块、当天作业半径中位 0.25 km；出勤 周一66/周二56/周三56/周四52/周五49；周六、周日 没跑。 ① 区块开工：3 块里他开工了 3 块；② 区块内执行率中位 100%（最弱一块 96%）；③ 区块星期一致 100%。 参考：覆盖 96%、同日 96%、相位 96%、量比 9.96。 结论：**计划怎么划他就怎么做**——区块全开工、区块内做全、星期按计划。"
NP8800651,广州市,"荔湾区×236, 越秀区×21",230,258,260,232,0.961,0.953,0.961,0.965,0.961,1.01,9,1,[230],"[{'块': '块1', '中心': '23.126,113.243', '计划店': 230, '跑到的计划店': 221, '执行率': 0.961, '计划星期': '周一', '实际主力星期': '周一'}]",1,1.0,0.961,0.961,1.0,,6.5,7.5,45.0,21,12,12.4,"[63, 48, 49, 47, 53, 0, 0]",0.71,1.0,204,28,区块全开·星期照做,"广州市（荔湾区×236, 越秀区×21）：计划 230 店 / 258 次，分成 1 个区块（最大区块 230 店）。 地盘东西 6.5 × 南北 7.5 km；区块内店距中位 45 m。 节奏：21 个工作日、平均每天 12.4 家店、一天 1.0 个区块、当天作业半径中位 0.71 km；出勤 周一63/周二48/周三49/周四47/周五53；周六、周日 没跑。 ① 区块开工：1 块里他开工了 1 块；② 区块内执行率中位 96%（最弱一块 96%）；③ 区块星期一致 100%。 参考：覆盖 96%、同日 96%、相位 96%、量比 1.01。 结论：**计划怎么划他就怎么做**——区块全开工、区块内做全、星期按计划。"
NP8800664,西安市,"未央区×269, 莲湖区×2",256,273,332,231,0.715,0.792,0.691,0.681,0.699,1.22,73,4,"[250, 4, 1, 1]","[{'块': '块1', '中心': '34.345,108.954', '计划店': 250, '跑到的计划店': 178, '执行率': 0.712, '计划星期': '周一', '实际主力星期': '周五'}, {'块': '块2', '中心': '34.266,108.901', '计划店': 4, '跑到的计划店': 4, '执行率': 1.0, '计划星期': '周一', '实际主力星期': '周一'}, {'块': '块3', '中心': '34.377,108.895', '计划店': 1, '跑到的计划店': 0, '执行率': 0.0, '计划星期': '周二', '实际主力星期': '未开工'}, {'块': '块4', '中心': '34.227,108.931', '计划店': 1, '跑到的计划店': 1, '执行率': 1.0, '计划星期': '周一', '实际主力星期': '周一'}]",3,0.75,0.856,0.0,1.0,,13.3,17.3,34.0,18,12,18.4,"[84, 46, 56, 65, 81, 0, 0]",3.22,1.0,176,55,区块缺了没开,"西安市（未央区×269, 莲湖区×2）：计划 256 店 / 273 次，分成 4 个区块（最大区块 250 店）。 地盘东西 13.3 × 南北 17.3 km；区块内店距中位 34 m。 节奏：18 个工作日、平均每天 18.4 家店、一天 1.0 个区块、当天作业半径中位 3.22 km；出勤 周一84/周二46/周三56/周四65/周五81；周六、周日 没跑。 ① 区块开工：4 块里他开工了 3 块；② 区块内执行率中位 86%（最弱一块 0%）；③ 区块星期一致 100%。 参考：覆盖 72%、同日 68%、相位 70%、量比 1.22。 结论：**有 1 个区块整块没开工**，但他开的那几块做得很好（执行率与星期都守）——先问为什么不去那几块。"
NP8800679,南宁市,"兴宁区×146, 青秀区×99",261,269,263,253,0.851,0.877,0.847,0.848,0.851,0.98,39,1,[261],"[{'块': '块1', '中心': '22.834,108.344', '计划店': 261, '跑到的计划店': 222, '执行率': 0.851, '计划星期': '周一', '实际主力星期': '周二'}]",1,1.0,0.851,0.851,1.0,,20.2,13.2,73.0,20,12,13.2,"[54, 54, 51, 51, 53, 0, 0]",1.26,1.0,243,10,区块全开·星期照做,"南宁市（兴宁区×146, 青秀区×99）：计划 261 店 / 269 次，分成 1 个区块（最大区块 261 店）。 地盘东西 20.2 × 南北 13.2 km；区块内店距中位 73 m。 节奏：20 个工作日、平均每天 13.2 家店、一天 1.0 个区块、当天作业半径中位 1.26 km；出勤 周一54/周二54/周三51/周四51/周五53；周六、周日 没跑。 ① 区块开工：1 块里他开工了 1 块；② 区块内执行率中位 85%（最弱一块 85%）；③ 区块星期一致 100%。 参考：覆盖 85%、同日 85%、相位 85%、量比 0.98。 结论：**计划怎么划他就怎么做**——区块全开工、区块内做全、星期按计划。"
NP8800682,杭州市,"上城区×109, 钱塘区×108",199,219,227,199,0.879,0.879,0.879,0.872,0.864,1.04,24,1,[199],"[{'块': '块1', '中心': '30.311,120.306', '计划店': 199, '跑到的计划店': 175, '执行率': 0.879, '计划星期': '周一', '实际主力星期': '周一'}]",1,1.0,0.879,0.879,1.0,,16.0,6.8,51.0,21,11,10.8,"[55, 35, 45, 48, 44, 0, 0]",1.54,1.0,174,25,区块全开·星期照做,"杭州市（上城区×109, 钱塘区×108）：计划 199 店 / 219 次，分成 1 个区块（最大区块 199 店）。 地盘东西 16.0 × 南北 6.8 km；区块内店距中位 51 m。 节奏：21 个工作日、平均每天 10.8 家店、一天 1.0 个区块、当天作业半径中位 1.54 km；出勤 周一55/周二35/周三45/周四48/周五44；周六、周日 没跑。 ① 区块开工：1 块里他开工了 1 块；② 区块内执行率中位 88%（最弱一块 88%）；③ 区块星期一致 100%。 参考：覆盖 88%、同日 87%、相位 86%、量比 1.04。 结论：**计划怎么划他就怎么做**——区块全开工、区块内做全、星期按计划。"
NP8800686,天津市,静海区×188,158,188,232,220,0.627,0.45,0.114,0.016,0.253,1.23,59,10,"[85, 26, 17, 9, 8]","[{'块': '块1', '中心': '38.938,116.952', '计划店': 85, '跑到的计划店': 45, '执行率': 0.529, '计划星期': '周三', '实际主力星期': '周一'}, {'块': '块2', '中心': '38.838,117.065', '计划店': 26, '跑到的计划店': 19, '执行率': 0.731, '计划星期': '周二', '实际主力星期': '周四'}, {'块': '块3', '中心': '38.953,117.067', '计划店': 17, '跑到的计划店': 12, '执行率': 0.706, '计划星期': '周四', '实际主力星期': '周四'}, {'块': '块4', '中心': '38.824,116.783', '计划店': 9, '跑到的计划店': 8, '执行率': 0.889, '计划星期': '周一', '实际主力星期': '周五'}, {'块': '块5', '中心': '38.895,117.155', '计划店': 8, '跑到的计划店': 7, '执行率': 0.875, '计划星期': '周四', '实际主力星期': '周一'}, {'块': '块6', '中心': '38.908,117.002', '计划店': 7, '跑到的计划店': 6, '执行率': 0.857, '计划星期': '周二', '实际主力星期': '周三'}, {'块': '块7', '中心': '39.021,116.792', '计划店': 3, '跑到的计划店': 0, '执行率': 0.0, '计划星期': '周四', '实际主力星期': '未开工'}, {'块': '块8', '中心': '39.143,117.226', '计划店': 1, '跑到的计划店': 1, '执行率': 1.0, '计划星期': '周四', '实际主力星期': '周一'}, {'块': '块9', '中心': '39.018,116.902', '计划店': 1, '跑到的计划店': 1, '执行率': 1.0, '计划星期': '周四', '实际主力星期': '周四'}, {'块': '块10', '中心': '38.952,116.865', '计划店': 1, '跑到的计划店': 0, '执行率': 0.0, '计划星期': '周一', '实际主力星期': '未开工'}]",8,0.8,0.794,0.0,0.625,区块×85店 仅执行 53%,38.3,36.9,134.0,19,4,12.2,"[58, 47, 42, 35, 47, 3, 0]",8.11,2.0,208,12,区块缺了没开,天津市（静海区×188）：计划 158 店 / 188 次，分成 10 个区块（最大区块 85 店）。 地盘东西 38.3 × 南北 36.9 km；区块内店距中位 134 m。 节奏：19 个工作日、平均每天 12.2 家店、一天 2.0 个区块、当天作业半径中位 8.11 km；出勤 周一58/周二47/周三42/周四35/周五47/周六3；周日 没跑。 ① 区块开工：10 块里他开工了 8 块；② 区块内执行率中位 79%（最弱一块 0%）；③ 区块星期一致 62%。 参考：覆盖 63%、同日 2%、相位 25%、量比 1.23。 结论：**有 2 个区块整块没开工**，但他开的那几块做得很好（执行率与星期都守）——先问为什么不去那几块。 最冷的区块（计划内执行率最低）：区块×85店 仅执行 53%。
NP8800691,广州市,"南沙区×270, 番禺区×1",243,271,267,235,0.922,0.953,0.922,0.93,0.922,0.99,19,1,[243],"[{'块': '块1', '中心': '22.808,113.478', '计划店': 243, '跑到的计划店': 224, '执行率': 0.922, '计划星期': '周一', '实际主力星期': '周一'}]",1,1.0,0.922,0.922,1.0,,30.5,23.9,182.0,21,12,12.7,"[60, 51, 50, 55, 51, 0, 0]",4.17,1.0,205,30,区块全开·星期照做,"广州市（南沙区×270, 番禺区×1）：计划 243 店 / 271 次，分成 1 个区块（最大区块 243 店）。 地盘东西 30.5 × 南北 23.9 km；区块内店距中位 182 m。 节奏：21 个工作日、平均每天 12.7 家店、一天 1.0 个区块、当天作业半径中位 4.17 km；出勤 周一60/周二51/周三50/周四55/周五51；周六、周日 没跑。 ① 区块开工：1 块里他开工了 1 块；② 区块内执行率中位 92%（最弱一块 92%）；③ 区块星期一致 100%。 参考：覆盖 92%、同日 93%、相位 92%、量比 0.99。 结论：**计划怎么划他就怎么做**——区块全开工、区块内做全、星期按计划。"
NP8800694,合肥市,"瑶海区×139, 包河区×27",145,166,236,205,0.862,0.61,0.868,0.88,0.862,1.42,20,1,[145],"[{'块': '块1', '中心': '31.860,117.344', '计划店': 145, '跑到的计划店': 125, '执行率': 0.862, '计划星期': '周一', '实际主力星期': '周一'}]",1,1.0,0.862,0.862,1.0,,9.8,6.8,85.0,14,11,16.9,"[73, 42, 41, 57, 23, 0, 0]",2.56,1.0,178,27,区块全开·星期照做,"合肥市（瑶海区×139, 包河区×27）：计划 145 店 / 166 次，分成 1 个区块（最大区块 145 店）。 地盘东西 9.8 × 南北 6.8 km；区块内店距中位 85 m。 节奏：14 个工作日、平均每天 16.9 家店、一天 1.0 个区块、当天作业半径中位 2.56 km；出勤 周一73/周二42/周三41/周四57/周五23；周六、周日 没跑。 ① 区块开工：1 块里他开工了 1 块；② 区块内执行率中位 86%（最弱一块 86%）；③ 区块星期一致 100%。 参考：覆盖 86%、同日 88%、相位 86%、量比 1.42。 结论：**计划怎么划他就怎么做**——区块全开工、区块内做全、星期按计划。"
NP8800696,西安市,"长安区×208, 雁塔区×47",228,255,319,265,0.934,0.804,0.925,0.929,0.93,1.25,15,3,"[226, 1, 1]","[{'块': '块1', '中心': '34.155,108.957', '计划店': 226, '跑到的计划店': 211, '执行率': 0.934, '计划星期': '周一', '实际主力星期': '周一'}, {'块': '块2', '中心': '34.082,109.102', '计划店': 1, '跑到的计划店': 1, '执行率': 1.0, '计划星期': '周二', '实际主力星期': '周二'}, {'块': '块3', '中心': '34.042,109.115', '计划店': 1, '跑到的计划店': 1, '执行率': 1.0, '计划星期': '周二', '实际主力星期': '周二'}]",3,1.0,1.0,0.934,1.0,,19.0,20.7,60.0,20,12,15.9,"[92, 65, 48, 64, 50, 0, 0]",3.43,1.0,214,51,区块全开·星期照做,"西安市（长安区×208, 雁塔区×47）：计划 228 店 / 255 次，分成 3 个区块（最大区块 226 店）。 地盘东西 19.0 × 南北 20.7 km；区块内店距中位 60 m。 节奏：20 个工作日、平均每天 15.9 家店、一天 1.0 个区块、当天作业半径中位 3.43 km；出勤 周一92/周二65/周三48/周四64/周五50；周六、周日 没跑。 ① 区块开工：3 块里他开工了 3 块；② 区块内执行率中位 100%（最弱一块 93%）；③ 区块星期一致 100%。 参考：覆盖 93%、同日 93%、相位 93%、量比 1.25。 结论：**计划怎么划他就怎么做**——区块全开工、区块内做全、星期按计划。"
NP8800706,130500,"130505×18, 130506×15",55,55,100,95,0.491,0.284,0.164,0.091,0.2,1.82,28,5,"[18, 13, 11, 11, 2]","[{'块': '块1', '中心': '37.124,114.679', '计划店': 18, '跑到的计划店': 0, '执行率': 0.0, '计划星期': '周二', '实际主力星期': '未开工'}, {'块': '块2', '中心': '37.011,114.694', '计划店': 13, '跑到的计划店': 9, '执行率': 0.692, '计划星期': '周三', '实际主力星期': '周一'}, {'块': '块3', '中心': '36.871,114.518', '计划店': 11, '跑到的计划店': 5, '执行率': 0.455, '计划星期': '周一', '实际主力星期': '周二'}, {'块': '块4', '中心': '37.059,114.555', '计划店': 11, '跑到的计划店': 11, '执行率': 1.0, '计划星期': '周五', '实际主力星期': '周五'}, {'块': '块5', '中心': '37.009,114.754', '计划店': 2, '跑到的计划店': 2, '执行率': 1.0, '计划星期': '周四', '实际主力星期': '周五'}]",4,0.8,0.692,0.0,0.5,区块×11店 仅执行 45%,21.5,30.8,166.0,12,2,8.3,"[11, 22, 25, 22, 20, 0, 0]",0.55,1.0,90,5,区块缺了没开,"130500（130505×18, 130506×15）：计划 55 店 / 55 次，分成 5 个区块（最大区块 18 店）。 地盘东西 21.5 × 南北 30.8 km；区块内店距中位 166 m。 节奏：12 个工作日、平均每天 8.3 家店、一天 1.0 个区块、当天作业半径中位 0.55 km；出勤 周一11/周二22/周三25/周四22/周五20；周六、周日 没跑。 ① 区块开工：5 块里他开工了 4 块；② 区块内执行率中位 69%（最弱一块 0%）；③ 区块星期一致 50%。 参考：覆盖 49%、同日 9%、相位 20%、量比 1.82。 结论：**有 1 个区块整块没开工**，但他开的那几块做得很好（执行率与星期都守）——先问为什么不去那几块。 最冷的区块（计划内执行率最低）：区块×11店 仅执行 45%。"
NP8800711,聊城市,"东昌府区×21, 茌平区×2",23,23,41,37,0.261,0.162,0.0,0.0,0.174,1.78,17,2,"[13, 10]","[{'块': '块1', '中心': '36.447,115.946', '计划店': 13, '跑到的计划店': 3, '执行率': 0.231, '计划星期': '周一', '实际主力星期': '周二'}, {'块': '块2', '中心': '36.473,115.856', '计划店': 10, '跑到的计划店': 3, '执行率': 0.3, '计划星期': '周五', '实际主力星期': '周三'}]",2,1.0,0.265,0.231,0.0,区块×13店 仅执行 23%; 区块×10店 仅执行 30%,9.8,7.2,182.0,4,1,10.2,"[2, 8, 14, 11, 6, 0, 0]",0.02,1.0,33,4,计划与实际几乎不相交,"聊城市（东昌府区×21, 茌平区×2）：计划 23 店 / 23 次，分成 2 个区块（最大区块 13 店）。 地盘东西 9.8 × 南北 7.2 km；区块内店距中位 182 m。 节奏：4 个工作日、平均每天 10.2 家店、一天 1.0 个区块、当天作业半径中位 0.02 km；出勤 周一2/周二8/周三14/周四11/周五6；周六、周日 没跑。 ① 区块开工：2 块里他开工了 2 块；② 区块内执行率中位 26%（最弱一块 23%）；③ 区块星期一致 0%。 参考：覆盖 26%、同日 0%、相位 17%、量比 1.78。 结论：计划与实际几乎不相交——先查这块地盘是不是搞错了（管辖/门店清单），再谈行为。 最冷的区块（计划内执行率最低）：区块×13店 仅执行 23%; 区块×10店 仅执行 30%。"
NP8800715,菏泽市,"牡丹区×198, 定陶区×25",223,223,229,213,0.937,0.981,0.937,0.937,0.937,1.03,14,3,"[196, 25, 2]","[{'块': '块1', '中心': '35.239,115.490', '计划店': 196, '跑到的计划店': 182, '执行率': 0.929, '计划星期': '周四', '实际主力星期': '周四'}, {'块': '块2', '中心': '35.089,115.570', '计划店': 25, '跑到的计划店': 25, '执行率': 1.0, '计划星期': '周三', '实际主力星期': '周三'}, {'块': '块3', '中心': '35.186,115.540', '计划店': 2, '跑到的计划店': 2, '执行率': 1.0, '计划星期': '周一', '实际主力星期': '周一'}]",3,1.0,1.0,0.929,1.0,,15.8,24.9,171.0,21,11,10.9,"[53, 38, 51, 44, 43, 0, 0]",2.18,1.0,199,14,区块全开·星期照做,"菏泽市（牡丹区×198, 定陶区×25）：计划 223 店 / 223 次，分成 3 个区块（最大区块 196 店）。 地盘东西 15.8 × 南北 24.9 km；区块内店距中位 171 m。 节奏：21 个工作日、平均每天 10.9 家店、一天 1.0 个区块、当天作业半径中位 2.18 km；出勤 周一53/周二38/周三51/周四44/周五43；周六、周日 没跑。 ① 区块开工：3 块里他开工了 3 块；② 区块内执行率中位 100%（最弱一块 93%）；③ 区块星期一致 100%。 参考：覆盖 94%、同日 94%、相位 94%、量比 1.03。 结论：**计划怎么划他就怎么做**——区块全开工、区块内做全、星期按计划。"
NP8800722,沈阳市,"皇姑区×78, 于洪区×2",72,80,213,180,0.667,0.267,0.556,0.5,0.569,2.66,24,2,"[71, 1]","[{'块': '块1', '中心': '41.832,123.399', '计划店': 71, '跑到的计划店': 47, '执行率': 0.662, '计划星期': '周三', '实际主力星期': '周三'}, {'块': '块2', '中心': '41.899,123.431', '计划店': 1, '跑到的计划店': 1, '执行率': 1.0, '计划星期': '周一', '实际主力星期': '周一'}]",2,1.0,0.831,0.662,1.0,,9.2,9.3,140.0,13,5,16.4,"[46, 34, 37, 41, 55, 0, 0]",0.82,1.0,150,30,区块全开·区块内欠访,"沈阳市（皇姑区×78, 于洪区×2）：计划 72 店 / 80 次，分成 2 个区块（最大区块 71 店）。 地盘东西 9.2 × 南北 9.3 km；区块内店距中位 140 m。 节奏：13 个工作日、平均每天 16.4 家店、一天 1.0 个区块、当天作业半径中位 0.82 km；出勤 周一46/周二34/周三37/周四41/周五55；周六、周日 没跑。 ① 区块开工：2 块里他开工了 2 块；② 区块内执行率中位 83%（最弱一块 66%）；③ 区块星期一致 100%。 参考：覆盖 67%、同日 50%、相位 57%、量比 2.66。 结论：区块都开了、星期也守，但**区块内没做全**（存在欠访）。"
NP8800736,渭南市,"华阴市×11, 临渭区×5",16,16,289,287,0.75,0.042,0.312,0.312,0.75,18.06,4,2,"[11, 5]","[{'块': '块1', '中心': '34.567,110.097', '计划店': 11, '跑到的计划店': 7, '执行率': 0.636, '计划星期': '周一', '实际主力星期': '周四'}, {'块': '块2', '中心': '34.509,109.510', '计划店': 5, '跑到的计划店': 5, '执行率': 1.0, '计划星期': '周一', '实际主力星期': '周一'}]",2,1.0,0.818,0.636,0.5,,54.5,7.4,135.0,2,6,144.5,"[66, 66, 58, 39, 49, 11, 0]",0.46,1.0,285,2,区块全开·店和星期都有欠,"渭南市（华阴市×11, 临渭区×5）：计划 16 店 / 16 次，分成 2 个区块（最大区块 11 店）。 地盘东西 54.5 × 南北 7.4 km；区块内店距中位 135 m。 节奏：2 个工作日、平均每天 144.5 家店、一天 1.0 个区块、当天作业半径中位 0.46 km；出勤 周一66/周二66/周三58/周四39/周五49/周六11；周日 没跑。 ① 区块开工：2 块里他开工了 2 块；② 区块内执行率中位 82%（最弱一块 64%）；③ 区块星期一致 50%。 参考：覆盖 75%、同日 31%、相位 75%、量比 18.06。 结论：区块开了，但店没做全、星期也没守——属于执行力不足，要具体看到底缺在哪块。"
NP8800744,,万州区×66,66,66,245,229,1.0,0.288,1.0,1.0,1.0,3.71,0,2,"[63, 3]","[{'块': '块1', '中心': '30.796,108.398', '计划店': 63, '跑到的计划店': 63, '执行率': 1.0, '计划星期': '周二', '实际主力星期': '周五'}, {'块': '块2', '中心': '30.774,108.464', '计划店': 3, '跑到的计划店': 3, '执行率': 1.0, '计划星期': '周四', '实际主力星期': '周四'}]",2,1.0,1.0,1.0,1.0,,7.6,4.0,37.0,11,8,22.3,"[55, 46, 49, 47, 48, 0, 0]",0.21,1.0,213,16,区块全开·星期照做,nan（万州区×66）：计划 66 店 / 66 次，分成 2 个区块（最大区块 63 店）。 地盘东西 7.6 × 南北 4.0 km；区块内店距中位 37 m。 节奏：11 个工作日、平均每天 22.3 家店、一天 1.0 个区块、当天作业半径中位 0.21 km；出勤 周一55/周二46/周三49/周四47/周五48；周六、周日 没跑。 ① 区块开工：2 块里他开工了 2 块；② 区块内执行率中位 100%（最弱一块 100%）；③ 区块星期一致 100%。 参考：覆盖 100%、同日 100%、相位 100%、量比 3.71。 结论：**计划怎么划他就怎么做**——区块全开工、区块内做全、星期按计划。
NP8800760,沧州市,"运河区×176, 盐山县×26",208,211,127,126,0.356,0.587,0.204,0.194,0.255,0.6,134,6,"[174, 26, 4, 2, 1]","[{'块': '块1', '中心': '38.304,116.829', '计划店': 174, '跑到的计划店': 72, '执行率': 0.414, '计划星期': '周一', '实际主力星期': '周一'}, {'块': '块2', '中心': '38.054,117.223', '计划店': 26, '跑到的计划店': 0, '执行率': 0.0, '计划星期': '周四', '实际主力星期': '未开工'}, {'块': '块3', '中心': '38.347,116.733', '计划店': 4, '跑到的计划店': 1, '执行率': 0.25, '计划星期': '周一', '实际主力星期': '周五'}, {'块': '块4', '中心': '38.348,116.790', '计划店': 2, '跑到的计划店': 1, '执行率': 0.5, '计划星期': '周一', '实际主力星期': '周四'}, {'块': '块5', '中心': '38.183,116.770', '计划店': 1, '跑到的计划店': 0, '执行率': 0.0, '计划星期': '周一', '实际主力星期': '未开工'}, {'块': '块6', '中心': '38.221,116.812', '计划店': 1, '跑到的计划店': 0, '执行率': 0.0, '计划星期': '周一', '实际主力星期': '未开工'}]",3,0.5,0.125,0.0,0.333,区块×4店 仅执行 25%; 区块×174店 仅执行 41%; 区块×2店 仅执行 50%,44.7,35.4,68.0,16,4,7.9,"[28, 15, 28, 31, 25, 0, 0]",2.34,1.0,125,1,区块大面积没开工,"沧州市（运河区×176, 盐山县×26）：计划 208 店 / 211 次，分成 6 个区块（最大区块 174 店）。 地盘东西 44.7 × 南北 35.4 km；区块内店距中位 68 m。 节奏：16 个工作日、平均每天 7.9 家店、一天 1.0 个区块、当天作业半径中位 2.34 km；出勤 周一28/周二15/周三28/周四31/周五25；周六、周日 没跑。 ① 区块开工：6 块里他开工了 3 块；② 区块内执行率中位 12%（最弱一块 0%）；③ 区块星期一致 33%。 参考：覆盖 36%、同日 19%、相位 26%、量比 0.6。 结论：**有区块整块没开工**（3 块），先问为什么不去，而不是谈执行率。 最冷的区块（计划内执行率最低）：区块×4店 仅执行 25%; 区块×174店 仅执行 41%; 区块×2店 仅执行 50%。"
NP8800763,成都市,双流区×34,34,34,291,240,1.0,0.142,1.0,1.0,1.0,8.56,0,1,[34],"[{'块': '块1', '中心': '30.582,103.916', '计划店': 34, '跑到的计划店': 34, '执行率': 1.0, '计划星期': '周一', '实际主力星期': '周一'}]",1,1.0,1.0,1.0,1.0,,2.1,7.9,111.0,10,4,29.1,"[76, 52, 59, 60, 33, 11, 0]",0.29,1.0,195,45,区块全开·星期照做,成都市（双流区×34）：计划 34 店 / 34 次，分成 1 个区块（最大区块 34 店）。 地盘东西 2.1 × 南北 7.9 km；区块内店距中位 111 m。 节奏：10 个工作日、平均每天 29.1 家店、一天 1.0 个区块、当天作业半径中位 0.29 km；出勤 周一76/周二52/周三59/周四60/周五33/周六11；周日 没跑。 ① 区块开工：1 块里他开工了 1 块；② 区块内执行率中位 100%（最弱一块 100%）；③ 区块星期一致 100%。 参考：覆盖 100%、同日 100%、相位 100%、量比 8.56。 结论：**计划怎么划他就怎么做**——区块全开工、区块内做全、星期按计划。
NP8800765,嘉兴市,南湖区×36,36,36,177,151,0.972,0.232,0.972,0.972,0.972,4.92,1,4,"[22, 12, 1, 1]","[{'块': '块1', '中心': '30.741,120.750', '计划店': 22, '跑到的计划店': 21, '执行率': 0.955, '计划星期': '周三', '实际主力星期': '周三'}, {'块': '块2', '中心': '30.663,120.841', '计划店': 12, '跑到的计划店': 12, '执行率': 1.0, '计划星期': '周一', '实际主力星期': '周一'}, {'块': '块3', '中心': '30.748,120.698', '计划店': 1, '跑到的计划店': 1, '执行率': 1.0, '计划星期': '周四', '实际主力星期': '周四'}, {'块': '块4', '中心': '30.700,120.785', '计划店': 1, '跑到的计划店': 1, '执行率': 1.0, '计划星期': '周三', '实际主力星期': '周三'}]",4,1.0,1.0,0.955,1.0,,15.3,12.7,147.0,13,4,13.6,"[59, 37, 35, 29, 17, 0, 0]",1.64,1.0,126,25,区块全开·星期照做,嘉兴市（南湖区×36）：计划 36 店 / 36 次，分成 4 个区块（最大区块 22 店）。 地盘东西 15.3 × 南北 12.7 km；区块内店距中位 147 m。 节奏：13 个工作日、平均每天 13.6 家店、一天 1.0 个区块、当天作业半径中位 1.64 km；出勤 周一59/周二37/周三35/周四29/周五17；周六、周日 没跑。 ① 区块开工：4 块里他开工了 4 块；② 区块内执行率中位 100%（最弱一块 96%）；③ 区块星期一致 100%。 参考：覆盖 97%、同日 97%、相位 97%、量比 4.92。 结论：**计划怎么划他就怎么做**——区块全开工、区块内做全、星期按计划。
NP8800768,苏州市,"虎丘区×119, 姑苏区×112",240,241,55,45,0.142,0.756,0.133,0.129,0.133,0.23,206,5,"[163, 39, 15, 14, 9]","[{'块': '块1', '中心': '31.308,120.602', '计划店': 163, '跑到的计划店': 34, '执行率': 0.209, '计划星期': '周一', '实际主力星期': '周三'}, {'块': '块2', '中心': '31.351,120.449', '计划店': 39, '跑到的计划店': 0, '执行率': 0.0, '计划星期': '周五', '实际主力星期': '未开工'}, {'块': '块3', '中心': '31.363,120.512', '计划店': 15, '跑到的计划店': 0, '执行率': 0.0, '计划星期': '周三', '实际主力星期': '未开工'}, {'块': '块4', '中心': '31.313,120.498', '计划店': 14, '跑到的计划店': 0, '执行率': 0.0, '计划星期': '周三', '实际主力星期': '未开工'}, {'块': '块5', '中心': '31.410,120.420', '计划店': 9, '跑到的计划店': 0, '执行率': 0.0, '计划星期': '周四', '实际主力星期': '未开工'}]",1,0.2,0.0,0.0,1.0,区块×163店 仅执行 21%,23.7,15.4,57.0,9,5,6.1,"[21, 3, 11, 11, 9, 0, 0]",0.53,1.0,36,9,计划与实际几乎不相交,"苏州市（虎丘区×119, 姑苏区×112）：计划 240 店 / 241 次，分成 5 个区块（最大区块 163 店）。 地盘东西 23.7 × 南北 15.4 km；区块内店距中位 57 m。 节奏：9 个工作日、平均每天 6.1 家店、一天 1.0 个区块、当天作业半径中位 0.53 km；出勤 周一21/周二3/周三11/周四11/周五9；周六、周日 没跑。 ① 区块开工：5 块里他开工了 1 块；② 区块内执行率中位 0%（最弱一块 0%）；③ 区块星期一致 100%。 参考：覆盖 14%、同日 13%、相位 13%、量比 0.23。 结论：计划与实际几乎不相交——先查这块地盘是不是搞错了（管辖/门店清单），再谈行为。 最冷的区块（计划内执行率最低）：区块×163店 仅执行 21%。"
NP8800784,珠海市,斗门区×233,207,233,246,217,0.976,0.931,0.976,0.974,0.976,1.06,5,7,"[155, 20, 12, 10, 5]","[{'块': '块1', '中心': '22.205,113.303', '计划店': 155, '跑到的计划店': 153, '执行率': 0.987, '计划星期': '周一', '实际主力星期': '周一'}, {'块': '块2', '中心': '22.216,113.193', '计划店': 20, '跑到的计划店': 17, '执行率': 0.85, '计划星期': '周四', '实际主力星期': '周四'}, {'块': '块3', '中心': '22.154,113.229', '计划店': 12, '跑到的计划店': 12, '执行率': 1.0, '计划星期': '周二', '实际主力星期': '周二'}, {'块': '块4', '中心': '22.147,113.170', '计划店': 10, '跑到的计划店': 10, '执行率': 1.0, '计划星期': '周四', '实际主力星期': '周四'}, {'块': '块5', '中心': '22.317,113.208', '计划店': 5, '跑到的计划店': 5, '执行率': 1.0, '计划星期': '周四', '实际主力星期': '周四'}, {'块': '块6', '中心': '22.273,113.236', '计划店': 4, '跑到的计划店': 4, '执行率': 1.0, '计划星期': '周一', '实际主力星期': '周一'}, {'块': '块7', '中心': '22.374,113.235', '计划店': 1, '跑到的计划店': 1, '执行率': 1.0, '计划星期': '周一', '实际主力星期': '周一'}]",7,1.0,1.0,0.85,1.0,,20.8,26.2,60.0,21,11,11.7,"[59, 47, 48, 44, 48, 0, 0]",2.14,1.0,188,29,区块全开·星期照做,珠海市（斗门区×233）：计划 207 店 / 233 次，分成 7 个区块（最大区块 155 店）。 地盘东西 20.8 × 南北 26.2 km；区块内店距中位 60 m。 节奏：21 个工作日、平均每天 11.7 家店、一天 1.0 个区块、当天作业半径中位 2.14 km；出勤 周一59/周二47/周三48/周四44/周五48；周六、周日 没跑。 ① 区块开工：7 块里他开工了 7 块；② 区块内执行率中位 100%（最弱一块 85%）；③ 区块星期一致 100%。 参考：覆盖 98%、同日 97%、相位 98%、量比 1.06。 结论：**计划怎么划他就怎么做**——区块全开工、区块内做全、星期按计划。
NP8800795,渭南市,"临渭区×64, 610525×6",70,70,305,275,0.914,0.233,0.914,0.914,0.914,4.36,6,3,"[64, 5, 1]","[{'块': '块1', '中心': '34.509,109.462', '计划店': 64, '跑到的计划店': 64, '执行率': 1.0, '计划星期': '周一', '实际主力星期': '周一'}, {'块': '块2', '中心': '35.165,109.944', '计划店': 5, '跑到的计划店': 0, '执行率': 0.0, '计划星期': '周一', '实际主力星期': '未开工'}, {'块': '块3', '中心': '35.182,109.966', '计划店': 1, '跑到的计划店': 0, '执行率': 0.0, '计划星期': '周一', '实际主力星期': '未开工'}]",1,0.333,0.0,0.0,1.0,,49.6,75.7,32.0,15,3,20.3,"[78, 62, 56, 53, 46, 10, 0]",0.25,1.0,246,29,区块大面积没开工,"渭南市（临渭区×64, 610525×6）：计划 70 店 / 70 次，分成 3 个区块（最大区块 64 店）。 地盘东西 49.6 × 南北 75.7 km；区块内店距中位 32 m。 节奏：15 个工作日、平均每天 20.3 家店、一天 1.0 个区块、当天作业半径中位 0.25 km；出勤 周一78/周二62/周三56/周四53/周五46/周六10；周日 没跑。 ① 区块开工：3 块里他开工了 1 块；② 区块内执行率中位 0%（最弱一块 0%）；③ 区块星期一致 100%。 参考：覆盖 91%、同日 91%、相位 91%、量比 4.36。 结论：**有区块整块没开工**（2 块），先问为什么不去，而不是谈执行率。"
NP8800805,哈尔滨市,"香坊区×187, 南岗区×62",242,250,176,159,0.475,0.723,0.285,0.248,0.368,0.7,127,1,[242],"[{'块': '块1', '中心': '45.714,126.672', '计划店': 242, '跑到的计划店': 115, '执行率': 0.475, '计划星期': '周一', '实际主力星期': '周一'}]",1,1.0,0.475,0.475,1.0,区块×242店 仅执行 48%,13.2,7.8,54.0,21,6,8.4,"[41, 33, 34, 33, 35, 0, 0]",3.1,1.0,142,17,区块全开·区块内欠访,"哈尔滨市（香坊区×187, 南岗区×62）：计划 242 店 / 250 次，分成 1 个区块（最大区块 242 店）。 地盘东西 13.2 × 南北 7.8 km；区块内店距中位 54 m。 节奏：21 个工作日、平均每天 8.4 家店、一天 1.0 个区块、当天作业半径中位 3.1 km；出勤 周一41/周二33/周三34/周四33/周五35；周六、周日 没跑。 ① 区块开工：1 块里他开工了 1 块；② 区块内执行率中位 48%（最弱一块 48%）；③ 区块星期一致 100%。 参考：覆盖 48%、同日 25%、相位 37%、量比 0.7。 结论：区块都开了、星期也守，但**区块内没做全**（存在欠访）。 最冷的区块（计划内执行率最低）：区块×242店 仅执行 48%。"
NP8800811,武汉市,"洪山区×164, 武昌区×16",165,180,215,190,0.952,0.826,0.945,0.944,0.939,1.19,8,1,[165],"[{'块': '块1', '中心': '30.518,114.395', '计划店': 165, '跑到的计划店': 157, '执行率': 0.952, '计划星期': '周一', '实际主力星期': '周一'}]",1,1.0,0.952,0.952,1.0,,9.1,7.5,55.0,17,10,12.6,"[63, 48, 24, 38, 42, 0, 0]",1.83,1.0,166,24,区块全开·星期照做,"武汉市（洪山区×164, 武昌区×16）：计划 165 店 / 180 次，分成 1 个区块（最大区块 165 店）。 地盘东西 9.1 × 南北 7.5 km；区块内店距中位 55 m。 节奏：17 个工作日、平均每天 12.6 家店、一天 1.0 个区块、当天作业半径中位 1.83 km；出勤 周一63/周二48/周三24/周四38/周五42；周六、周日 没跑。 ① 区块开工：1 块里他开工了 1 块；② 区块内执行率中位 95%（最弱一块 95%）；③ 区块星期一致 100%。 参考：覆盖 95%、同日 94%、相位 94%、量比 1.19。 结论：**计划怎么划他就怎么做**——区块全开工、区块内做全、星期按计划。"
NP8800813,武汉市,"武昌区×212, 洪山区×7",209,220,201,178,0.809,0.949,0.809,0.8,0.804,0.91,40,2,"[208, 1]","[{'块': '块1', '中心': '30.546,114.325', '计划店': 208, '跑到的计划店': 169, '执行率': 0.812, '计划星期': '周一', '实际主力星期': '周一'}, {'块': '块2', '中心': '30.631,114.284', '计划店': 1, '跑到的计划店': 0, '执行率': 0.0, '计划星期': '周三', '实际主力星期': '未开工'}]",1,0.5,0.406,0.0,1.0,,7.2,12.7,81.0,16,11,12.6,"[67, 22, 22, 44, 46, 0, 0]",1.56,1.0,158,20,区块大面积没开工,"武汉市（武昌区×212, 洪山区×7）：计划 209 店 / 220 次，分成 2 个区块（最大区块 208 店）。 地盘东西 7.2 × 南北 12.7 km；区块内店距中位 81 m。 节奏：16 个工作日、平均每天 12.6 家店、一天 1.0 个区块、当天作业半径中位 1.56 km；出勤 周一67/周二22/周三22/周四44/周五46；周六、周日 没跑。 ① 区块开工：2 块里他开工了 1 块；② 区块内执行率中位 41%（最弱一块 0%）；③ 区块星期一致 100%。 参考：覆盖 81%、同日 80%、相位 80%、量比 0.91。 结论：**有区块整块没开工**（1 块），先问为什么不去，而不是谈执行率。"
NP8800848,呼和浩特市,"回民区×105, 赛罕区×87",203,245,260,185,0.591,0.649,0.571,0.498,0.557,1.06,83,3,"[201, 1, 1]","[{'块': '块1', '中心': '40.814,111.677', '计划店': 201, '跑到的计划店': 119, '执行率': 0.592, '计划星期': '周一', '实际主力星期': '周一'}, {'块': '块2', '中心': '40.852,111.567', '计划店': 1, '跑到的计划店': 1, '执行率': 1.0, '计划星期': '周一', '实际主力星期': '周一'}, {'块': '块3', '中心': '40.879,111.796', '计划店': 1, '跑到的计划店': 0, '执行率': 0.0, '计划星期': '周二', '实际主力星期': '未开工'}]",2,0.667,0.592,0.0,1.0,区块×201店 仅执行 59%,19.3,17.0,124.0,22,9,11.8,"[63, 51, 50, 51, 44, 0, 1]",3.66,1.0,123,62,区块缺了没开,"呼和浩特市（回民区×105, 赛罕区×87）：计划 203 店 / 245 次，分成 3 个区块（最大区块 201 店）。 地盘东西 19.3 × 南北 17.0 km；区块内店距中位 124 m。 节奏：22 个工作日、平均每天 11.8 家店、一天 1.0 个区块、当天作业半径中位 3.66 km；出勤 周一63/周二51/周三50/周四51/周五44/周日1；周六 没跑。 ① 区块开工：3 块里他开工了 2 块；② 区块内执行率中位 59%（最弱一块 0%）；③ 区块星期一致 100%。 参考：覆盖 59%、同日 50%、相位 56%、量比 1.06。 结论：**有 1 个区块整块没开工**，但他开的那几块做得很好（执行率与星期都守）——先问为什么不去那几块。 最冷的区块（计划内执行率最低）：区块×201店 仅执行 59%。"
NP8800856,,"巫山县×46, 奉节县×33",70,79,239,191,1.0,0.366,1.0,1.0,1.0,3.03,0,5,"[36, 30, 2, 1, 1]","[{'块': '块1', '中心': '31.083,109.888', '计划店': 36, '跑到的计划店': 36, '执行率': 1.0, '计划星期': '周三', '实际主力星期': '周四'}, {'块': '块2', '中心': '31.018,109.463', '计划店': 30, '跑到的计划店': 30, '执行率': 1.0, '计划星期': '周二', '实际主力星期': '周二'}, {'块': '块3', '中心': '30.866,109.651', '计划店': 2, '跑到的计划店': 2, '执行率': 1.0, '计划星期': '周四', '实际主力星期': '周四'}, {'块': '块4', '中心': '31.047,109.962', '计划店': 1, '跑到的计划店': 1, '执行率': 1.0, '计划星期': '周三', '实际主力星期': '周一'}, {'块': '块5', '中心': '31.252,109.825', '计划店': 1, '跑到的计划店': 1, '执行率': 1.0, '计划星期': '周三', '实际主力星期': '周三'}]",5,1.0,1.0,1.0,1.0,,48.8,42.9,96.0,17,6,14.1,"[49, 38, 48, 51, 53, 0, 0]",1.46,1.0,150,41,区块全开·星期照做,"nan（巫山县×46, 奉节县×33）：计划 70 店 / 79 次，分成 5 个区块（最大区块 36 店）。 地盘东西 48.8 × 南北 42.9 km；区块内店距中位 96 m。 节奏：17 个工作日、平均每天 14.1 家店、一天 1.0 个区块、当天作业半径中位 1.46 km；出勤 周一49/周二38/周三48/周四51/周五53；周六、周日 没跑。 ① 区块开工：5 块里他开工了 5 块；② 区块内执行率中位 100%（最弱一块 100%）；③ 区块星期一致 100%。 参考：覆盖 100%、同日 100%、相位 100%、量比 3.03。 结论：**计划怎么划他就怎么做**——区块全开工、区块内做全、星期按计划。"
NP8800857,佛山市,"禅城区×234, 南海区×1",219,235,224,206,0.941,1.0,0.941,0.945,0.941,0.95,13,2,"[206, 13]","[{'块': '块1', '中心': '23.016,113.086', '计划店': 206, '跑到的计划店': 194, '执行率': 0.942, '计划星期': '周一', '实际主力星期': '周一'}, {'块': '块2', '中心': '22.996,113.010', '计划店': 13, '跑到的计划店': 12, '执行率': 0.923, '计划星期': '周五', '实际主力星期': '周五'}]",2,1.0,0.932,0.923,1.0,,13.3,7.9,82.0,21,11,10.7,"[53, 44, 44, 41, 42, 0, 0]",1.49,1.0,189,17,区块全开·星期照做,"佛山市（禅城区×234, 南海区×1）：计划 219 店 / 235 次，分成 2 个区块（最大区块 206 店）。 地盘东西 13.3 × 南北 7.9 km；区块内店距中位 82 m。 节奏：21 个工作日、平均每天 10.7 家店、一天 1.0 个区块、当天作业半径中位 1.49 km；出勤 周一53/周二44/周三44/周四41/周五42；周六、周日 没跑。 ① 区块开工：2 块里他开工了 2 块；② 区块内执行率中位 93%（最弱一块 92%）；③ 区块星期一致 100%。 参考：覆盖 94%、同日 94%、相位 94%、量比 0.95。 结论：**计划怎么划他就怎么做**——区块全开工、区块内做全、星期按计划。"
NP8800871,银川市,"兴庆区×11, 金凤区×1",12,12,325,294,1.0,0.041,1.0,1.0,1.0,27.08,0,1,[12],"[{'块': '块1', '中心': '38.449,106.265', '计划店': 12, '跑到的计划店': 12, '执行率': 1.0, '计划星期': '周五', '实际主力星期': '周五'}]",1,1.0,1.0,1.0,1.0,,0.4,0.7,51.0,6,1,54.2,"[67, 65, 64, 64, 49, 16, 0]",0.39,1.0,265,29,区块全开·星期照做,"银川市（兴庆区×11, 金凤区×1）：计划 12 店 / 12 次，分成 1 个区块（最大区块 12 店）。 地盘东西 0.4 × 南北 0.7 km；区块内店距中位 51 m。 节奏：6 个工作日、平均每天 54.2 家店、一天 1.0 个区块、当天作业半径中位 0.39 km；出勤 周一67/周二65/周三64/周四64/周五49/周六16；周日 没跑。 ① 区块开工：1 块里他开工了 1 块；② 区块内执行率中位 100%（最弱一块 100%）；③ 区块星期一致 100%。 参考：覆盖 100%、同日 100%、相位 100%、量比 27.08。 结论：**计划怎么划他就怎么做**——区块全开工、区块内做全、星期按计划。"
NP8800873,宝鸡市,"渭滨区×28, 凤翔区×21",63,63,276,248,0.667,0.169,0.222,0.222,0.381,4.38,21,4,"[28, 16, 14, 5]","[{'块': '块1', '中心': '34.341,107.227', '计划店': 28, '跑到的计划店': 19, '执行率': 0.679, '计划星期': '周三', '实际主力星期': '周一'}, {'块': '块2', '中心': '34.523,107.385', '计划店': 16, '跑到的计划店': 14, '执行率': 0.875, '计划星期': '周五', '实际主力星期': '周四'}, {'块': '块3', '中心': '34.358,107.321', '计划店': 14, '跑到的计划店': 9, '执行率': 0.643, '计划星期': '周四', '实际主力星期': '周三'}, {'块': '块4', '中心': '34.548,107.312', '计划店': 5, '跑到的计划店': 0, '执行率': 0.0, '计划星期': '周三', '实际主力星期': '未开工'}]",3,0.75,0.661,0.0,0.0,,17.6,25.3,111.0,11,5,25.1,"[74, 56, 54, 56, 36, 0, 0]",0.69,1.0,221,27,区块缺了没开,"宝鸡市（渭滨区×28, 凤翔区×21）：计划 63 店 / 63 次，分成 4 个区块（最大区块 28 店）。 地盘东西 17.6 × 南北 25.3 km；区块内店距中位 111 m。 节奏：11 个工作日、平均每天 25.1 家店、一天 1.0 个区块、当天作业半径中位 0.69 km；出勤 周一74/周二56/周三54/周四56/周五36；周六、周日 没跑。 ① 区块开工：4 块里他开工了 3 块；② 区块内执行率中位 66%（最弱一块 0%）；③ 区块星期一致 0%。 参考：覆盖 67%、同日 22%、相位 38%、量比 4.38。 结论：**有 1 个区块整块没开工**，但他开的那几块做得很好（执行率与星期都守）——先问为什么不去那几块。"
NP8800882,广州市,"越秀区×253, 荔湾区×1",230,254,266,239,0.978,0.941,0.978,0.976,0.978,1.05,5,1,[230],"[{'块': '块1', '中心': '23.119,113.278', '计划店': 230, '跑到的计划店': 225, '执行率': 0.978, '计划星期': '周一', '实际主力星期': '周一'}]",1,1.0,0.978,0.978,1.0,,6.7,3.9,40.0,21,12,12.7,"[61, 50, 53, 51, 51, 0, 0]",0.46,1.0,212,27,区块全开·星期照做,"广州市（越秀区×253, 荔湾区×1）：计划 230 店 / 254 次，分成 1 个区块（最大区块 230 店）。 地盘东西 6.7 × 南北 3.9 km；区块内店距中位 40 m。 节奏：21 个工作日、平均每天 12.7 家店、一天 1.0 个区块、当天作业半径中位 0.46 km；出勤 周一61/周二50/周三53/周四51/周五51；周六、周日 没跑。 ① 区块开工：1 块里他开工了 1 块；② 区块内执行率中位 98%（最弱一块 98%）；③ 区块星期一致 100%。 参考：覆盖 98%、同日 98%、相位 98%、量比 1.05。 结论：**计划怎么划他就怎么做**——区块全开工、区块内做全、星期按计划。"
NP8800893,杭州市,"临平区×161, 余杭区×31",188,219,205,187,0.691,0.695,0.681,0.63,0.676,0.94,58,1,[188],"[{'块': '块1', '中心': '30.403,120.284', '计划店': 188, '跑到的计划店': 130, '执行率': 0.691, '计划星期': '周二', '实际主力星期': '周二'}]",1,1.0,0.691,0.691,1.0,,9.2,13.4,69.0,21,8,9.8,"[45, 45, 40, 37, 38, 0, 0]",1.76,1.0,171,16,区块全开·区块内欠访,"杭州市（临平区×161, 余杭区×31）：计划 188 店 / 219 次，分成 1 个区块（最大区块 188 店）。 地盘东西 9.2 × 南北 13.4 km；区块内店距中位 69 m。 节奏：21 个工作日、平均每天 9.8 家店、一天 1.0 个区块、当天作业半径中位 1.76 km；出勤 周一45/周二45/周三40/周四37/周五38；周六、周日 没跑。 ① 区块开工：1 块里他开工了 1 块；② 区块内执行率中位 69%（最弱一块 69%）；③ 区块星期一致 100%。 参考：覆盖 69%、同日 63%、相位 68%、量比 0.94。 结论：区块都开了、星期也守，但**区块内没做全**（存在欠访）。"
NP8800900,佛山市,南海区×83,78,83,285,224,0.885,0.308,0.886,0.892,0.885,3.43,9,5,"[72, 3, 1, 1, 1]","[{'块': '块1', '中心': '23.153,113.177', '计划店': 72, '跑到的计划店': 64, '执行率': 0.889, '计划星期': '周四', '实际主力星期': '周三'}, {'块': '块2', '中心': '23.229,113.069', '计划店': 3, '跑到的计划店': 2, '执行率': 0.667, '计划星期': '周二', '实际主力星期': '周二'}, {'块': '块3', '中心': '23.240,113.106', '计划店': 1, '跑到的计划店': 1, '执行率': 1.0, '计划星期': '周二', '实际主力星期': '周二'}, {'块': '块4', '中心': '23.266,113.139', '计划店': 1, '跑到的计划店': 1, '执行率': 1.0, '计划星期': '周二', '实际主力星期': '周二'}, {'块': '块5', '中心': '23.127,113.078', '计划店': 1, '跑到的计划店': 1, '执行率': 1.0, '计划星期': '周三', '实际主力星期': '周五'}]",5,1.0,1.0,0.667,1.0,,14.3,18.0,213.0,18,4,15.8,"[47, 65, 47, 48, 56, 0, 22]",4.37,1.0,177,47,区块全开·星期照做,佛山市（南海区×83）：计划 78 店 / 83 次，分成 5 个区块（最大区块 72 店）。 地盘东西 14.3 × 南北 18.0 km；区块内店距中位 213 m。 节奏：18 个工作日、平均每天 15.8 家店、一天 1.0 个区块、当天作业半径中位 4.37 km；出勤 周一47/周二65/周三47/周四48/周五56/周日22；周六 没跑。 ① 区块开工：5 块里他开工了 5 块；② 区块内执行率中位 100%（最弱一块 67%）；③ 区块星期一致 100%。 参考：覆盖 88%、同日 89%、相位 88%、量比 3.43。 结论：**计划怎么划他就怎么做**——区块全开工、区块内做全、星期按计划。
NP8800902,厦门市,"集美区×233, 同安区×13",234,247,244,223,0.923,0.969,0.923,0.927,0.923,0.99,18,1,[234],"[{'块': '块1', '中心': '24.602,118.084', '计划店': 234, '跑到的计划店': 216, '执行率': 0.923, '计划星期': '周一', '实际主力星期': '周一'}]",1,1.0,0.923,0.923,1.0,,16.9,11.6,76.0,20,12,12.2,"[65, 49, 44, 38, 48, 0, 0]",1.56,1.0,203,20,区块全开·星期照做,"厦门市（集美区×233, 同安区×13）：计划 234 店 / 247 次，分成 1 个区块（最大区块 234 店）。 地盘东西 16.9 × 南北 11.6 km；区块内店距中位 76 m。 节奏：20 个工作日、平均每天 12.2 家店、一天 1.0 个区块、当天作业半径中位 1.56 km；出勤 周一65/周二49/周三44/周四38/周五48；周六、周日 没跑。 ① 区块开工：1 块里他开工了 1 块；② 区块内执行率中位 92%（最弱一块 92%）；③ 区块星期一致 100%。 参考：覆盖 92%、同日 93%、相位 92%、量比 0.99。 结论：**计划怎么划他就怎么做**——区块全开工、区块内做全、星期按计划。"
NP8800903,大同市,平城区×225,225,225,217,196,0.764,0.878,0.742,0.733,0.756,0.96,53,1,[225],"[{'块': '块1', '中心': '40.077,113.306', '计划店': 225, '跑到的计划店': 172, '执行率': 0.764, '计划星期': '周一', '实际主力星期': '周一'}]",1,1.0,0.764,0.764,1.0,,2.8,8.4,75.0,19,11,11.4,"[61, 47, 44, 36, 29, 0, 0]",1.13,1.0,175,21,区块全开·区块内欠访,大同市（平城区×225）：计划 225 店 / 225 次，分成 1 个区块（最大区块 225 店）。 地盘东西 2.8 × 南北 8.4 km；区块内店距中位 75 m。 节奏：19 个工作日、平均每天 11.4 家店、一天 1.0 个区块、当天作业半径中位 1.13 km；出勤 周一61/周二47/周三44/周四36/周五29；周六、周日 没跑。 ① 区块开工：1 块里他开工了 1 块；② 区块内执行率中位 76%（最弱一块 76%）；③ 区块星期一致 100%。 参考：覆盖 76%、同日 73%、相位 76%、量比 0.96。 结论：区块都开了、星期也守，但**区块内没做全**（存在欠访）。
NP8800909,洛阳市,"西工区×107, 老城区×107",238,261,356,277,0.727,0.625,0.244,0.176,0.458,1.36,65,1,[238],"[{'块': '块1', '中心': '34.680,112.461', '计划店': 238, '跑到的计划店': 173, '执行率': 0.727, '计划星期': '周二', '实际主力星期': '周一'}]",1,1.0,0.727,0.727,1.0,,9.5,8.0,81.0,25,9,14.2,"[80, 63, 58, 44, 56, 43, 12]",3.78,1.0,218,59,区块全开·区块内欠访,"洛阳市（西工区×107, 老城区×107）：计划 238 店 / 261 次，分成 1 个区块（最大区块 238 店）。 地盘东西 9.5 × 南北 8.0 km；区块内店距中位 81 m。 节奏：25 个工作日、平均每天 14.2 家店、一天 1.0 个区块、当天作业半径中位 3.78 km；出勤 周一80/周二63/周三58/周四44/周五56/周六43/周日12。 ① 区块开工：1 块里他开工了 1 块；② 区块内执行率中位 73%（最弱一块 73%）；③ 区块星期一致 100%。 参考：覆盖 73%、同日 18%、相位 46%、量比 1.36。 结论：区块都开了、星期也守，但**区块内没做全**（存在欠访）。"
NP8800922,重庆市,"九龙坡区×15, 沙坪坝区×4",20,20,262,232,0.75,0.065,0.75,0.75,0.75,13.1,5,1,[20],"[{'块': '块1', '中心': '29.529,106.500', '计划店': 20, '跑到的计划店': 15, '执行率': 0.75, '计划星期': '周一', '实际主力星期': '周一'}]",1,1.0,0.75,0.75,1.0,,4.9,3.0,168.0,6,2,43.7,"[71, 55, 41, 43, 47, 5, 0]",0.24,1.0,203,29,区块全开·区块内欠访,"重庆市（九龙坡区×15, 沙坪坝区×4）：计划 20 店 / 20 次，分成 1 个区块（最大区块 20 店）。 地盘东西 4.9 × 南北 3.0 km；区块内店距中位 168 m。 节奏：6 个工作日、平均每天 43.7 家店、一天 1.0 个区块、当天作业半径中位 0.24 km；出勤 周一71/周二55/周三41/周四43/周五47/周六5；周日 没跑。 ① 区块开工：1 块里他开工了 1 块；② 区块内执行率中位 75%（最弱一块 75%）；③ 区块星期一致 100%。 参考：覆盖 75%、同日 75%、相位 75%、量比 13.1。 结论：区块都开了、星期也守，但**区块内没做全**（存在欠访）。"
NP8800931,重庆市,沙坪坝区×21,19,21,295,219,1.0,0.087,1.0,1.0,1.0,14.05,0,2,"[18, 1]","[{'块': '块1', '中心': '29.553,106.459', '计划店': 18, '跑到的计划店': 18, '执行率': 1.0, '计划星期': '周一', '实际主力星期': '周一'}, {'块': '块2', '中心': '29.605,106.445', '计划店': 1, '跑到的计划店': 1, '执行率': 1.0, '计划星期': '周四', '实际主力星期': '周四'}]",2,1.0,1.0,1.0,1.0,,3.1,8.3,154.0,15,1,19.7,"[72, 54, 55, 57, 57, 0, 0]",0.37,1.0,158,61,区块全开·星期照做,重庆市（沙坪坝区×21）：计划 19 店 / 21 次，分成 2 个区块（最大区块 18 店）。 地盘东西 3.1 × 南北 8.3 km；区块内店距中位 154 m。 节奏：15 个工作日、平均每天 19.7 家店、一天 1.0 个区块、当天作业半径中位 0.37 km；出勤 周一72/周二54/周三55/周四57/周五57；周六、周日 没跑。 ① 区块开工：2 块里他开工了 2 块；② 区块内执行率中位 100%（最弱一块 100%）；③ 区块星期一致 100%。 参考：覆盖 100%、同日 100%、相位 100%、量比 14.05。 结论：**计划怎么划他就怎么做**——区块全开工、区块内做全、星期按计划。
NP8800935,广州市,白云区×219,202,219,257,231,0.916,0.801,0.916,0.922,0.916,1.17,17,1,[202],"[{'块': '块1', '中心': '23.250,113.289', '计划店': 202, '跑到的计划店': 185, '执行率': 0.916, '计划星期': '周一', '实际主力星期': '周一'}]",1,1.0,0.916,0.916,1.0,,9.9,15.2,131.0,20,11,12.8,"[59, 48, 53, 48, 49, 0, 0]",2.01,1.0,209,22,区块全开·星期照做,广州市（白云区×219）：计划 202 店 / 219 次，分成 1 个区块（最大区块 202 店）。 地盘东西 9.9 × 南北 15.2 km；区块内店距中位 131 m。 节奏：20 个工作日、平均每天 12.8 家店、一天 1.0 个区块、当天作业半径中位 2.01 km；出勤 周一59/周二48/周三53/周四48/周五49；周六、周日 没跑。 ① 区块开工：1 块里他开工了 1 块；② 区块内执行率中位 92%（最弱一块 92%）；③ 区块星期一致 100%。 参考：覆盖 92%、同日 92%、相位 92%、量比 1.17。 结论：**计划怎么划他就怎么做**——区块全开工、区块内做全、星期按计划。
NP8800937,石家庄市,"桥西区×140, 裕华区×47",227,246,136,134,0.445,0.754,0.357,0.301,0.401,0.55,126,4,"[201, 21, 4, 1]","[{'块': '块1', '中心': '38.035,114.503', '计划店': 201, '跑到的计划店': 101, '执行率': 0.502, '计划星期': '周一', '实际主力星期': '周一'}, {'块': '块2', '中心': '38.020,114.844', '计划店': 21, '跑到的计划店': 0, '执行率': 0.0, '计划星期': '周三', '实际主力星期': '未开工'}, {'块': '块3', '中心': '38.034,114.687', '计划店': 4, '跑到的计划店': 0, '执行率': 0.0, '计划星期': '周三', '实际主力星期': '未开工'}, {'块': '块4', '中心': '37.991,114.699', '计划店': 1, '跑到的计划店': 0, '执行率': 0.0, '计划星期': '周三', '实际主力星期': '未开工'}]",1,0.25,0.0,0.0,1.0,区块×201店 仅执行 50%,36.3,5.9,31.0,16,5,8.5,"[32, 23, 15, 19, 16, 23, 8]",1.43,1.0,132,2,区块大面积没开工,"石家庄市（桥西区×140, 裕华区×47）：计划 227 店 / 246 次，分成 4 个区块（最大区块 201 店）。 地盘东西 36.3 × 南北 5.9 km；区块内店距中位 31 m。 节奏：16 个工作日、平均每天 8.5 家店、一天 1.0 个区块、当天作业半径中位 1.43 km；出勤 周一32/周二23/周三15/周四19/周五16/周六23/周日8。 ① 区块开工：4 块里他开工了 1 块；② 区块内执行率中位 0%（最弱一块 0%）；③ 区块星期一致 100%。 参考：覆盖 44%、同日 30%、相位 40%、量比 0.55。 结论：**有区块整块没开工**（3 块），先问为什么不去，而不是谈执行率。 最冷的区块（计划内执行率最低）：区块×201店 仅执行 50%。"
NP8800956,乌鲁木齐市,水磨沟区×56,56,56,227,163,0.804,0.276,0.643,0.625,0.643,4.05,11,1,[56],"[{'块': '块1', '中心': '43.841,87.620', '计划店': 56, '跑到的计划店': 45, '执行率': 0.804, '计划星期': '周三', '实际主力星期': '周一'}]",1,1.0,0.804,0.804,1.0,,4.2,8.3,126.0,16,2,14.2,"[50, 56, 34, 49, 38, 0, 0]",0.33,1.0,111,52,区块全开·区块内欠访,乌鲁木齐市（水磨沟区×56）：计划 56 店 / 56 次，分成 1 个区块（最大区块 56 店）。 地盘东西 4.2 × 南北 8.3 km；区块内店距中位 126 m。 节奏：16 个工作日、平均每天 14.2 家店、一天 1.0 个区块、当天作业半径中位 0.33 km；出勤 周一50/周二56/周三34/周四49/周五38；周六、周日 没跑。 ① 区块开工：1 块里他开工了 1 块；② 区块内执行率中位 80%（最弱一块 80%）；③ 区块星期一致 100%。 参考：覆盖 80%、同日 62%、相位 64%、量比 4.05。 结论：区块都开了、星期也守，但**区块内没做全**（存在欠访）。
NP8800963,苏州市,张家港市×252,246,252,131,131,0.467,0.878,0.467,0.456,0.459,0.52,131,12,"[117, 90, 11, 8, 5]","[{'块': '块1', '中心': '31.873,120.551', '计划店': 117, '跑到的计划店': 49, '执行率': 0.419, '计划星期': '周三', '实际主力星期': '周一'}, {'块': '块2', '中心': '31.938,120.423', '计划店': 90, '跑到的计划店': 56, '执行率': 0.622, '计划星期': '周二', '实际主力星期': '周二'}, {'块': '块3', '中心': '31.809,120.634', '计划店': 11, '跑到的计划店': 7, '执行率': 0.636, '计划星期': '周一', '实际主力星期': '周一'}, {'块': '块4', '中心': '31.961,120.638', '计划店': 8, '跑到的计划店': 0, '执行率': 0.0, '计划星期': '周四', '实际主力星期': '未开工'}, {'块': '块5', '中心': '31.800,120.697', '计划店': 5, '跑到的计划店': 0, '执行率': 0.0, '计划星期': '周一', '实际主力星期': '未开工'}, {'块': '块6', '中心': '31.925,120.702', '计划店': 4, '跑到的计划店': 0, '执行率': 0.0, '计划星期': '周四', '实际主力星期': '未开工'}, {'块': '块7', '中心': '31.965,120.553', '计划店': 3, '跑到的计划店': 0, '执行率': 0.0, '计划星期': '周四', '实际主力星期': '未开工'}, {'块': '块8', '中心': '31.844,120.712', '计划店': 3, '跑到的计划店': 0, '执行率': 0.0, '计划星期': '周一', '实际主力星期': '未开工'}, {'块': '块9', '中心': '31.937,120.495', '计划店': 2, '跑到的计划店': 2, '执行率': 1.0, '计划星期': '周五', '实际主力星期': '周五'}, {'块': '块10', '中心': '31.997,120.490', '计划店': 1, '跑到的计划店': 1, '执行率': 1.0, '计划星期': '周五', '实际主力星期': '周五'}, {'块': '块11', '中心': '31.916,120.318', '计划店': 1, '跑到的计划店': 0, '执行率': 0.0, '计划星期': '周二', '实际主力星期': '未开工'}, {'块': '块12', '中心': '31.880,120.667', '计划店': 1, '跑到的计划店': 0, '执行率': 0.0, '计划星期': '周一', '实际主力星期': '未开工'}]",5,0.417,0.0,0.0,1.0,区块×117店 仅执行 42%,37.3,23.6,117.0,12,10,10.9,"[38, 31, 11, 10, 29, 12, 0]",2.26,1.0,131,0,区块大面积没开工,苏州市（张家港市×252）：计划 246 店 / 252 次，分成 12 个区块（最大区块 117 店）。 地盘东西 37.3 × 南北 23.6 km；区块内店距中位 117 m。 节奏：12 个工作日、平均每天 10.9 家店、一天 1.0 个区块、当天作业半径中位 2.26 km；出勤 周一38/周二31/周三11/周四10/周五29/周六12；周日 没跑。 ① 区块开工：12 块里他开工了 5 块；② 区块内执行率中位 0%（最弱一块 0%）；③ 区块星期一致 100%。 参考：覆盖 47%、同日 46%、相位 46%、量比 0.52。 结论：**有区块整块没开工**（7 块），先问为什么不去，而不是谈执行率。 最冷的区块（计划内执行率最低）：区块×117店 仅执行 42%。
NP8800966,苏州市,"吴中区×242, 虎丘区×21",235,263,228,204,0.851,0.98,0.847,0.837,0.838,0.87,35,4,"[205, 17, 9, 4]","[{'块': '块1', '中心': '31.246,120.588', '计划店': 205, '跑到的计划店': 172, '执行率': 0.839, '计划星期': '周一', '实际主力星期': '周一'}, {'块': '块2', '中心': '31.227,120.422', '计划店': 17, '跑到的计划店': 17, '执行率': 1.0, '计划星期': '周二', '实际主力星期': '周二'}, {'块': '块3', '中心': '31.289,120.414', '计划店': 9, '跑到的计划店': 8, '执行率': 0.889, '计划星期': '周二', '实际主力星期': '周二'}, {'块': '块4', '中心': '31.272,120.332', '计划店': 4, '跑到的计划店': 3, '执行率': 0.75, '计划星期': '周二', '实际主力星期': '周二'}]",4,1.0,0.864,0.75,1.0,,40.4,11.3,100.0,19,12,12.0,"[52, 50, 49, 48, 29, 0, 0]",3.63,1.0,180,24,区块全开·星期照做,"苏州市（吴中区×242, 虎丘区×21）：计划 235 店 / 263 次，分成 4 个区块（最大区块 205 店）。 地盘东西 40.4 × 南北 11.3 km；区块内店距中位 100 m。 节奏：19 个工作日、平均每天 12.0 家店、一天 1.0 个区块、当天作业半径中位 3.63 km；出勤 周一52/周二50/周三49/周四48/周五29；周六、周日 没跑。 ① 区块开工：4 块里他开工了 4 块；② 区块内执行率中位 86%（最弱一块 75%）；③ 区块星期一致 100%。 参考：覆盖 85%、同日 84%、相位 84%、量比 0.87。 结论：**计划怎么划他就怎么做**——区块全开工、区块内做全、星期按计划。"
NP8800969,上海市,"长宁区×202, 闵行区×1",193,203,227,195,0.881,0.872,0.881,0.887,0.881,1.12,23,1,[193],"[{'块': '块1', '中心': '31.209,121.396', '计划店': 193, '跑到的计划店': 170, '执行率': 0.881, '计划星期': '周一', '实际主力星期': '周一'}]",1,1.0,0.881,0.881,1.0,,8.5,5.8,50.0,20,12,11.3,"[60, 34, 44, 48, 41, 0, 0]",1.07,1.0,165,30,区块全开·星期照做,"上海市（长宁区×202, 闵行区×1）：计划 193 店 / 203 次，分成 1 个区块（最大区块 193 店）。 地盘东西 8.5 × 南北 5.8 km；区块内店距中位 50 m。 节奏：20 个工作日、平均每天 11.3 家店、一天 1.0 个区块、当天作业半径中位 1.07 km；出勤 周一60/周二34/周三44/周四48/周五41；周六、周日 没跑。 ① 区块开工：1 块里他开工了 1 块；② 区块内执行率中位 88%（最弱一块 88%）；③ 区块星期一致 100%。 参考：覆盖 88%、同日 89%、相位 88%、量比 1.12。 结论：**计划怎么划他就怎么做**——区块全开工、区块内做全、星期按计划。"
NP8800973,温州市,"鹿城区×190, 龙湾区×13",190,216,211,199,0.674,0.643,0.584,0.523,0.637,0.98,62,4,"[171, 10, 8, 1]","[{'块': '块1', '中心': '27.995,120.694', '计划店': 171, '跑到的计划店': 128, '执行率': 0.749, '计划星期': '周一', '实际主力星期': '周一'}, {'块': '块2', '中心': '27.994,120.777', '计划店': 10, '跑到的计划店': 0, '执行率': 0.0, '计划星期': '周三', '实际主力星期': '未开工'}, {'块': '块3', '中心': '28.032,120.433', '计划店': 8, '跑到的计划店': 0, '执行率': 0.0, '计划星期': '周五', '实际主力星期': '未开工'}, {'块': '块4', '中心': '28.029,120.483', '计划店': 1, '跑到的计划店': 0, '执行率': 0.0, '计划星期': '周五', '实际主力星期': '未开工'}]",1,0.25,0.0,0.0,1.0,,34.2,7.0,46.0,19,8,11.1,"[73, 33, 36, 54, 15, 0, 0]",1.19,1.0,187,12,区块大面积没开工,"温州市（鹿城区×190, 龙湾区×13）：计划 190 店 / 216 次，分成 4 个区块（最大区块 171 店）。 地盘东西 34.2 × 南北 7.0 km；区块内店距中位 46 m。 节奏：19 个工作日、平均每天 11.1 家店、一天 1.0 个区块、当天作业半径中位 1.19 km；出勤 周一73/周二33/周三36/周四54/周五15；周六、周日 没跑。 ① 区块开工：4 块里他开工了 1 块；② 区块内执行率中位 0%（最弱一块 0%）；③ 区块星期一致 100%。 参考：覆盖 67%、同日 52%、相位 64%、量比 0.98。 结论：**有区块整块没开工**（3 块），先问为什么不去，而不是谈执行率。"
NP8800975,南京市,"六合区×132, 浦口区×59",179,191,150,140,0.547,0.7,0.497,0.492,0.525,0.79,81,6,"[121, 40, 8, 6, 3]","[{'块': '块1', '中心': '32.201,118.737', '计划店': 121, '跑到的计划店': 65, '执行率': 0.537, '计划星期': '周一', '实际主力星期': '周一'}, {'块': '块2', '中心': '32.330,118.825', '计划店': 40, '跑到的计划店': 22, '执行率': 0.55, '计划星期': '周二', '实际主力星期': '周二'}, {'块': '块3', '中心': '32.323,118.933', '计划店': 8, '跑到的计划店': 8, '执行率': 1.0, '计划星期': '周五', '实际主力星期': '周五'}, {'块': '块4', '中心': '32.307,118.721', '计划店': 6, '跑到的计划店': 3, '执行率': 0.5, '计划星期': '周一', '实际主力星期': '周一'}, {'块': '块5', '中心': '32.422,118.933', '计划店': 3, '跑到的计划店': 0, '执行率': 0.0, '计划星期': '周五', '实际主力星期': '未开工'}, {'块': '块6', '中心': '32.505,118.912', '计划店': 1, '跑到的计划店': 0, '执行率': 0.0, '计划星期': '周五', '实际主力星期': '未开工'}]",4,0.667,0.519,0.0,1.0,区块×6店 仅执行 50%; 区块×121店 仅执行 54%; 区块×40店 仅执行 55%,23.4,41.4,118.0,21,5,7.1,"[32, 27, 29, 27, 23, 0, 12]",1.32,1.0,131,9,区块缺了没开,"南京市（六合区×132, 浦口区×59）：计划 179 店 / 191 次，分成 6 个区块（最大区块 121 店）。 地盘东西 23.4 × 南北 41.4 km；区块内店距中位 118 m。 节奏：21 个工作日、平均每天 7.1 家店、一天 1.0 个区块、当天作业半径中位 1.32 km；出勤 周一32/周二27/周三29/周四27/周五23/周日12；周六 没跑。 ① 区块开工：6 块里他开工了 4 块；② 区块内执行率中位 52%（最弱一块 0%）；③ 区块星期一致 100%。 参考：覆盖 55%、同日 49%、相位 52%、量比 0.79。 结论：**有 2 个区块整块没开工**，但他开的那几块做得很好（执行率与星期都守）——先问为什么不去那几块。 最冷的区块（计划内执行率最低）：区块×6店 仅执行 50%; 区块×121店 仅执行 54%; 区块×40店 仅执行 55%。"
NP8800980,广州市,"白云区×244, 天河区×7",234,255,261,238,0.979,0.962,0.979,0.98,0.979,1.02,5,3,"[217, 10, 7]","[{'块': '块1', '中心': '23.202,113.316', '计划店': 217, '跑到的计划店': 215, '执行率': 0.991, '计划星期': '周一', '实际主力星期': '周一'}, {'块': '块2', '中心': '23.250,113.344', '计划店': 10, '跑到的计划店': 7, '执行率': 0.7, '计划星期': '周五', '实际主力星期': '周五'}, {'块': '块3', '中心': '23.160,113.289', '计划店': 7, '跑到的计划店': 7, '执行率': 1.0, '计划星期': '周四', '实际主力星期': '周四'}]",3,1.0,0.991,0.7,1.0,,8.2,12.3,36.0,21,12,12.4,"[60, 50, 49, 50, 52, 0, 0]",0.41,1.0,216,22,区块全开·星期照做,"广州市（白云区×244, 天河区×7）：计划 234 店 / 255 次，分成 3 个区块（最大区块 217 店）。 地盘东西 8.2 × 南北 12.3 km；区块内店距中位 36 m。 节奏：21 个工作日、平均每天 12.4 家店、一天 1.0 个区块、当天作业半径中位 0.41 km；出勤 周一60/周二50/周三49/周四50/周五52；周六、周日 没跑。 ① 区块开工：3 块里他开工了 3 块；② 区块内执行率中位 99%（最弱一块 70%）；③ 区块星期一致 100%。 参考：覆盖 98%、同日 98%、相位 98%、量比 1.02。 结论：**计划怎么划他就怎么做**——区块全开工、区块内做全、星期按计划。"
NP8800981,廊坊市,"安次区×88, 广阳区×80",203,203,143,137,0.493,0.73,0.281,0.241,0.384,0.7,103,11,"[157, 22, 11, 3, 2]","[{'块': '块1', '中心': '39.514,116.675', '计划店': 157, '跑到的计划店': 73, '执行率': 0.465, '计划星期': '周一', '实际主力星期': '周一'}, {'块': '块2', '中心': '39.327,116.503', '计划店': 22, '跑到的计划店': 13, '执行率': 0.591, '计划星期': '周二', '实际主力星期': '周四'}, {'块': '块3', '中心': '39.575,116.626', '计划店': 11, '跑到的计划店': 7, '执行率': 0.636, '计划星期': '周三', '实际主力星期': '周五'}, {'块': '块4', '中心': '39.407,116.613', '计划店': 3, '跑到的计划店': 1, '执行率': 0.333, '计划星期': '周五', '实际主力星期': '周四'}, {'块': '块5', '中心': '39.321,116.567', '计划店': 2, '跑到的计划店': 2, '执行率': 1.0, '计划星期': '周三', '实际主力星期': '周三'}, {'块': '块6', '中心': '39.365,116.570', '计划店': 2, '跑到的计划店': 1, '执行率': 0.5, '计划星期': '周五', '实际主力星期': '周四'}, {'块': '块7', '中心': '39.412,116.525', '计划店': 2, '跑到的计划店': 1, '执行率': 0.5, '计划星期': '周五', '实际主力星期': '周四'}, {'块': '块8', '中心': '39.499,116.598', '计划店': 1, '跑到的计划店': 0, '执行率': 0.0, '计划星期': '周三', '实际主力星期': '未开工'}, {'块': '块9', '中心': '39.209,116.643', '计划店': 1, '跑到的计划店': 1, '执行率': 1.0, '计划星期': '周三', '实际主力星期': '周三'}, {'块': '块10', '中心': '39.319,116.666', '计划店': 1, '跑到的计划店': 1, '执行率': 1.0, '计划星期': '周三', '实际主力星期': '周三'}, {'块': '块11', '中心': '39.392,116.573', '计划店': 1, '跑到的计划店': 0, '执行率': 0.0, '计划星期': '周五', '实际主力星期': '未开工'}]",9,0.818,0.5,0.0,0.667,区块×3店 仅执行 33%; 区块×157店 仅执行 46%; 区块×2店 仅执行 50%,18.6,40.8,75.0,18,6,7.9,"[32, 22, 26, 36, 17, 10, 0]",4.5,1.0,131,6,区块缺了没开,"廊坊市（安次区×88, 广阳区×80）：计划 203 店 / 203 次，分成 11 个区块（最大区块 157 店）。 地盘东西 18.6 × 南北 40.8 km；区块内店距中位 75 m。 节奏：18 个工作日、平均每天 7.9 家店、一天 1.0 个区块、当天作业半径中位 4.5 km；出勤 周一32/周二22/周三26/周四36/周五17/周六10；周日 没跑。 ① 区块开工：11 块里他开工了 9 块；② 区块内执行率中位 50%（最弱一块 0%）；③ 区块星期一致 67%。 参考：覆盖 49%、同日 24%、相位 38%、量比 0.7。 结论：**有 2 个区块整块没开工**，但他开的那几块做得很好（执行率与星期都守）——先问为什么不去那几块。 最冷的区块（计划内执行率最低）：区块×3店 仅执行 33%; 区块×157店 仅执行 46%; 区块×2店 仅执行 50%。"
NP8800984,330500,"330521×12, 330503×12",24,24,153,150,0.25,0.04,0.25,0.25,0.25,6.38,18,2,"[12, 12]","[{'块': '块1', '中心': '30.711,120.415', '计划店': 12, '跑到的计划店': 1, '执行率': 0.083, '计划星期': '周一', '实际主力星期': '周一'}, {'块': '块2', '中心': '30.568,119.949', '计划店': 12, '跑到的计划店': 5, '执行率': 0.417, '计划星期': '周五', '实际主力星期': '周五'}]",2,1.0,0.25,0.083,1.0,区块×12店 仅执行 8%; 区块×12店 仅执行 42%,47.8,17.9,120.0,2,3,76.5,"[14, 38, 29, 42, 20, 10, 0]",0.39,1.0,147,3,计划与实际几乎不相交,"330500（330521×12, 330503×12）：计划 24 店 / 24 次，分成 2 个区块（最大区块 12 店）。 地盘东西 47.8 × 南北 17.9 km；区块内店距中位 120 m。 节奏：2 个工作日、平均每天 76.5 家店、一天 1.0 个区块、当天作业半径中位 0.39 km；出勤 周一14/周二38/周三29/周四42/周五20/周六10；周日 没跑。 ① 区块开工：2 块里他开工了 2 块；② 区块内执行率中位 25%（最弱一块 8%）；③ 区块星期一致 100%。 参考：覆盖 25%、同日 25%、相位 25%、量比 6.38。 结论：计划与实际几乎不相交——先查这块地盘是不是搞错了（管辖/门店清单），再谈行为。 最冷的区块（计划内执行率最低）：区块×12店 仅执行 8%; 区块×12店 仅执行 42%。"
NP8800985,南通市,"海门区×195, 崇川区×39",225,245,95,88,0.156,0.398,0.018,0.016,0.089,0.39,190,7,"[153, 39, 22, 4, 3]","[{'块': '块1', '中心': '31.889,121.181', '计划店': 153, '跑到的计划店': 23, '执行率': 0.15, '计划星期': '周一', '实际主力星期': '周二'}, {'块': '块2', '中心': '32.039,120.845', '计划店': 39, '跑到的计划店': 4, '执行率': 0.103, '计划星期': '周二', '实际主力星期': '周四'}, {'块': '块3', '中心': '31.962,121.082', '计划店': 22, '跑到的计划店': 5, '执行率': 0.227, '计划星期': '周三', '实际主力星期': '周二'}, {'块': '块4', '中心': '31.808,121.093', '计划店': 4, '跑到的计划店': 0, '执行率': 0.0, '计划星期': '周三', '实际主力星期': '未开工'}, {'块': '块5', '中心': '31.835,121.139', '计划店': 3, '跑到的计划店': 1, '执行率': 0.333, '计划星期': '周三', '实际主力星期': '周二'}, {'块': '块6', '中心': '31.892,121.256', '计划店': 2, '跑到的计划店': 1, '执行率': 0.5, '计划星期': '周四', '实际主力星期': '周二'}, {'块': '块7', '中心': '31.920,121.119', '计划店': 2, '跑到的计划店': 1, '执行率': 0.5, '计划星期': '周三', '实际主力星期': '周二'}]",6,0.857,0.227,0.0,0.167,区块×39店 仅执行 10%; 区块×153店 仅执行 15%; 区块×22店 仅执行 23%,43.0,31.8,106.0,9,2,10.6,"[18, 42, 1, 17, 17, 0, 0]",6.76,1.0,81,7,计划与实际几乎不相交,"南通市（海门区×195, 崇川区×39）：计划 225 店 / 245 次，分成 7 个区块（最大区块 153 店）。 地盘东西 43.0 × 南北 31.8 km；区块内店距中位 106 m。 节奏：9 个工作日、平均每天 10.6 家店、一天 1.0 个区块、当天作业半径中位 6.76 km；出勤 周一18/周二42/周三1/周四17/周五17；周六、周日 没跑。 ① 区块开工：7 块里他开工了 6 块；② 区块内执行率中位 23%（最弱一块 0%）；③ 区块星期一致 17%。 参考：覆盖 16%、同日 2%、相位 9%、量比 0.39。 结论：计划与实际几乎不相交——先查这块地盘是不是搞错了（管辖/门店清单），再谈行为。 最冷的区块（计划内执行率最低）：区块×39店 仅执行 10%; 区块×153店 仅执行 15%; 区块×22店 仅执行 23%。"
NP8800993,西宁市,"城北区×159, 城西区×82",210,244,246,217,0.933,0.903,0.887,0.889,0.91,1.01,14,3,"[197, 10, 3]","[{'块': '块1', '中心': '36.655,101.743', '计划店': 197, '跑到的计划店': 185, '执行率': 0.939, '计划星期': '周一', '实际主力星期': '周一'}, {'块': '块2', '中心': '36.663,101.633', '计划店': 10, '跑到的计划店': 10, '执行率': 1.0, '计划星期': '周五', '实际主力星期': '周五'}, {'块': '块3', '中心': '36.616,101.813', '计划店': 3, '跑到的计划店': 1, '执行率': 0.333, '计划星期': '周四', '实际主力星期': '周四'}]",3,1.0,0.939,0.333,1.0,区块×3店 仅执行 33%,18.5,12.0,39.0,19,12,12.9,"[64, 45, 38, 48, 51, 0, 0]",0.95,1.0,189,28,区块全开·星期照做,"西宁市（城北区×159, 城西区×82）：计划 210 店 / 244 次，分成 3 个区块（最大区块 197 店）。 地盘东西 18.5 × 南北 12.0 km；区块内店距中位 39 m。 节奏：19 个工作日、平均每天 12.9 家店、一天 1.0 个区块、当天作业半径中位 0.95 km；出勤 周一64/周二45/周三38/周四48/周五51；周六、周日 没跑。 ① 区块开工：3 块里他开工了 3 块；② 区块内执行率中位 94%（最弱一块 33%）；③ 区块星期一致 100%。 参考：覆盖 93%、同日 89%、相位 91%、量比 1.01。 结论：**计划怎么划他就怎么做**——区块全开工、区块内做全、星期按计划。 最冷的区块（计划内执行率最低）：区块×3店 仅执行 33%。"
NP8800997,宁波市,"鄞州区×99, 奉化区×46",135,145,279,209,0.763,0.493,0.659,0.628,0.644,1.92,32,2,"[82, 53]","[{'块': '块1', '中心': '29.706,121.432', '计划店': 82, '跑到的计划店': 68, '执行率': 0.829, '计划星期': '周一', '实际主力星期': '周一'}, {'块': '块2', '中心': '29.868,121.607', '计划店': 53, '跑到的计划店': 35, '执行率': 0.66, '计划星期': '周三', '实际主力星期': '周三'}]",2,1.0,0.745,0.66,1.0,,25.4,27.0,230.0,21,7,13.3,"[51, 51, 44, 65, 43, 23, 2]",16.68,2.0,144,65,区块全开·区块内欠访,"宁波市（鄞州区×99, 奉化区×46）：计划 135 店 / 145 次，分成 2 个区块（最大区块 82 店）。 地盘东西 25.4 × 南北 27.0 km；区块内店距中位 230 m。 节奏：21 个工作日、平均每天 13.3 家店、一天 2.0 个区块、当天作业半径中位 16.68 km；出勤 周一51/周二51/周三44/周四65/周五43/周六23/周日2。 ① 区块开工：2 块里他开工了 2 块；② 区块内执行率中位 74%（最弱一块 66%）；③ 区块星期一致 100%。 参考：覆盖 76%、同日 63%、相位 64%、量比 1.92。 结论：区块都开了、星期也守，但**区块内没做全**（存在欠访）。"
NP8801006,贵阳市,"乌当区×59, 云岩区×20",95,95,268,235,1.0,0.404,1.0,1.0,1.0,2.82,0,2,"[60, 35]","[{'块': '块1', '中心': '26.640,106.780', '计划店': 60, '跑到的计划店': 60, '执行率': 1.0, '计划星期': '周五', '实际主力星期': '周五'}, {'块': '块2', '中心': '26.582,106.670', '计划店': 35, '跑到的计划店': 35, '执行率': 1.0, '计划星期': '周二', '实际主力星期': '周二'}]",2,1.0,1.0,1.0,1.0,,16.8,12.3,72.0,14,11,19.1,"[64, 51, 51, 52, 50, 0, 0]",0.63,1.0,205,30,区块全开·星期照做,"贵阳市（乌当区×59, 云岩区×20）：计划 95 店 / 95 次，分成 2 个区块（最大区块 60 店）。 地盘东西 16.8 × 南北 12.3 km；区块内店距中位 72 m。 节奏：14 个工作日、平均每天 19.1 家店、一天 1.0 个区块、当天作业半径中位 0.63 km；出勤 周一64/周二51/周三51/周四52/周五50；周六、周日 没跑。 ① 区块开工：2 块里他开工了 2 块；② 区块内执行率中位 100%（最弱一块 100%）；③ 区块星期一致 100%。 参考：覆盖 100%、同日 100%、相位 100%、量比 2.82。 结论：**计划怎么划他就怎么做**——区块全开工、区块内做全、星期按计划。"
NP8801015,唐山市,"130283×82, 130284×24",90,114,52,47,0.378,0.723,0.282,0.272,0.322,0.46,56,8,"[59, 15, 8, 3, 2]","[{'块': '块1', '中心': '40.009,118.703', '计划店': 59, '跑到的计划店': 18, '执行率': 0.305, '计划星期': '周一', '实际主力星期': '周一'}, {'块': '块2', '中心': '39.744,118.712', '计划店': 15, '跑到的计划店': 12, '执行率': 0.8, '计划星期': '周三', '实际主力星期': '周三'}, {'块': '块3', '中心': '39.501,118.669', '计划店': 8, '跑到的计划店': 3, '执行率': 0.375, '计划星期': '周三', '实际主力星期': '周三'}, {'块': '块4', '中心': '39.994,118.577', '计划店': 3, '跑到的计划店': 1, '执行率': 0.333, '计划星期': '周四', '实际主力星期': '周一'}, {'块': '块5', '中心': '39.756,118.582', '计划店': 2, '跑到的计划店': 0, '执行率': 0.0, '计划星期': '周一', '实际主力星期': '未开工'}, {'块': '块6', '中心': '39.795,118.678', '计划店': 1, '跑到的计划店': 0, '执行率': 0.0, '计划星期': '周一', '实际主力星期': '未开工'}, {'块': '块7', '中心': '39.893,118.377', '计划店': 1, '跑到的计划店': 0, '执行率': 0.0, '计划星期': '周一', '实际主力星期': '未开工'}, {'块': '块8', '中心': '39.838,118.347', '计划店': 1, '跑到的计划店': 0, '执行率': 0.0, '计划星期': '周一', '实际主力星期': '未开工'}]",4,0.5,0.153,0.0,0.75,区块×59店 仅执行 31%; 区块×3店 仅执行 33%; 区块×8店 仅执行 38%,34.5,59.3,151.0,16,2,3.2,"[11, 8, 11, 12, 4, 6, 0]",0.8,1.0,42,5,区块大面积没开工,"唐山市（130283×82, 130284×24）：计划 90 店 / 114 次，分成 8 个区块（最大区块 59 店）。 地盘东西 34.5 × 南北 59.3 km；区块内店距中位 151 m。 节奏：16 个工作日、平均每天 3.2 家店、一天 1.0 个区块、当天作业半径中位 0.8 km；出勤 周一11/周二8/周三11/周四12/周五4/周六6；周日 没跑。 ① 区块开工：8 块里他开工了 4 块；② 区块内执行率中位 15%（最弱一块 0%）；③ 区块星期一致 75%。 参考：覆盖 38%、同日 27%、相位 32%、量比 0.46。 结论：**有区块整块没开工**（4 块），先问为什么不去，而不是谈执行率。 最冷的区块（计划内执行率最低）：区块×59店 仅执行 31%; 区块×3店 仅执行 33%; 区块×8店 仅执行 38%。"
NP8801016,秦皇岛市,"海港区×36, 抚宁区×12",48,48,180,149,0.958,0.309,0.604,0.604,0.833,3.75,2,3,"[35, 12, 1]","[{'块': '块1', '中心': '39.909,119.528', '计划店': 35, '跑到的计划店': 34, '执行率': 0.971, '计划星期': '周五', '实际主力星期': '周五'}, {'块': '块2', '中心': '39.882,119.245', '计划店': 12, '跑到的计划店': 11, '执行率': 0.917, '计划星期': '周一', '实际主力星期': '周三'}, {'块': '块3', '中心': '39.949,119.509', '计划店': 1, '跑到的计划店': 1, '执行率': 1.0, '计划星期': '周五', '实际主力星期': '周五'}]",3,1.0,0.971,0.917,0.667,,26.3,8.9,86.0,15,3,12.0,"[40, 35, 36, 36, 31, 2, 0]",1.35,1.0,120,29,区块全开·星期自己定,"秦皇岛市（海港区×36, 抚宁区×12）：计划 48 店 / 48 次，分成 3 个区块（最大区块 35 店）。 地盘东西 26.3 × 南北 8.9 km；区块内店距中位 86 m。 节奏：15 个工作日、平均每天 12.0 家店、一天 1.0 个区块、当天作业半径中位 1.35 km；出勤 周一40/周二35/周三36/周四36/周五31/周六2；周日 没跑。 ① 区块开工：3 块里他开工了 3 块；② 区块内执行率中位 97%（最弱一块 92%）；③ 区块星期一致 67%。 参考：覆盖 96%、同日 60%、相位 83%、量比 3.75。 结论：区块都开了但**星期由他自己排**，周内顺序不跟计划。"
NP8801023,阜阳市,"颍州区×129, 颍东区×58",202,202,225,213,0.822,0.779,0.812,0.812,0.822,1.11,36,1,[202],"[{'块': '块1', '中心': '32.885,115.839', '计划店': 202, '跑到的计划店': 166, '执行率': 0.822, '计划星期': '周一', '实际主力星期': '周五'}]",1,1.0,0.822,0.822,1.0,,7.4,11.0,71.0,20,10,11.2,"[49, 35, 47, 43, 51, 0, 0]",1.09,1.0,203,10,区块全开·区块内欠访,"阜阳市（颍州区×129, 颍东区×58）：计划 202 店 / 202 次，分成 1 个区块（最大区块 202 店）。 地盘东西 7.4 × 南北 11.0 km；区块内店距中位 71 m。 节奏：20 个工作日、平均每天 11.2 家店、一天 1.0 个区块、当天作业半径中位 1.09 km；出勤 周一49/周二35/周三47/周四43/周五51；周六、周日 没跑。 ① 区块开工：1 块里他开工了 1 块；② 区块内执行率中位 82%（最弱一块 82%）；③ 区块星期一致 100%。 参考：覆盖 82%、同日 81%、相位 82%、量比 1.11。 结论：区块都开了、星期也守，但**区块内没做全**（存在欠访）。"
NP8801025,西安市,"灞桥区×165, 未央区×49",207,231,90,77,0.169,0.455,0.039,0.026,0.121,0.39,172,3,"[160, 37, 10]","[{'块': '块1', '中心': '34.272,109.064', '计划店': 160, '跑到的计划店': 32, '执行率': 0.2, '计划星期': '周一', '实际主力星期': '周二'}, {'块': '块2', '中心': '34.391,108.985', '计划店': 37, '跑到的计划店': 3, '执行率': 0.081, '计划星期': '周二', '实际主力星期': '周一'}, {'块': '块3', '中心': '34.330,109.010', '计划店': 10, '跑到的计划店': 0, '执行率': 0.0, '计划星期': '周二', '实际主力星期': '未开工'}]",2,0.667,0.081,0.0,0.5,区块×37店 仅执行 8%; 区块×160店 仅执行 20%,16.8,21.6,51.0,10,4,9.0,"[15, 33, 18, 21, 2, 0, 1]",6.46,1.0,65,12,计划与实际几乎不相交,"西安市（灞桥区×165, 未央区×49）：计划 207 店 / 231 次，分成 3 个区块（最大区块 160 店）。 地盘东西 16.8 × 南北 21.6 km；区块内店距中位 51 m。 节奏：10 个工作日、平均每天 9.0 家店、一天 1.0 个区块、当天作业半径中位 6.46 km；出勤 周一15/周二33/周三18/周四21/周五2/周日1；周六 没跑。 ① 区块开工：3 块里他开工了 2 块；② 区块内执行率中位 8%（最弱一块 0%）；③ 区块星期一致 50%。 参考：覆盖 17%、同日 3%、相位 12%、量比 0.39。 结论：计划与实际几乎不相交——先查这块地盘是不是搞错了（管辖/门店清单），再谈行为。 最冷的区块（计划内执行率最低）：区块×37店 仅执行 8%; 区块×160店 仅执行 20%。"
NP8801028,泰安市,"肥城市×118, 泰山区×96",225,225,177,170,0.387,0.512,0.111,0.098,0.244,0.79,138,9,"[111, 96, 11, 2, 1]","[{'块': '块1', '中心': '36.181,116.764', '计划店': 111, '跑到的计划店': 46, '执行率': 0.414, '计划星期': '周一', '实际主力星期': '周日'}, {'块': '块2', '中心': '36.201,117.133', '计划店': 96, '跑到的计划店': 36, '执行率': 0.375, '计划星期': '周二', '实际主力星期': '周日'}, {'块': '块3', '中心': '36.176,117.039', '计划店': 11, '跑到的计划店': 3, '执行率': 0.273, '计划星期': '周三', '实际主力星期': '周一'}, {'块': '块4', '中心': '35.963,116.689', '计划店': 2, '跑到的计划店': 0, '执行率': 0.0, '计划星期': '周二', '实际主力星期': '未开工'}, {'块': '块5', '中心': '35.962,116.774', '计划店': 1, '跑到的计划店': 0, '执行率': 0.0, '计划星期': '周二', '实际主力星期': '未开工'}, {'块': '块6', '中心': '36.007,116.850', '计划店': 1, '跑到的计划店': 0, '执行率': 0.0, '计划星期': '周一', '实际主力星期': '未开工'}, {'块': '块7', '中心': '36.160,116.677', '计划店': 1, '跑到的计划店': 1, '执行率': 1.0, '计划星期': '周一', '实际主力星期': '周六'}, {'块': '块8', '中心': '36.199,116.606', '计划店': 1, '跑到的计划店': 1, '执行率': 1.0, '计划星期': '周一', '实际主力星期': '周二'}, {'块': '块9', '中心': '36.229,116.747', '计划店': 1, '跑到的计划店': 0, '执行率': 0.0, '计划星期': '周一', '实际主力星期': '未开工'}]",5,0.556,0.273,0.0,0.2,区块×11店 仅执行 27%; 区块×96店 仅执行 38%; 区块×111店 仅执行 41%,51.4,29.7,102.0,20,3,8.8,"[9, 23, 11, 24, 24, 25, 61]",5.69,1.0,163,7,区块大面积没开工,"泰安市（肥城市×118, 泰山区×96）：计划 225 店 / 225 次，分成 9 个区块（最大区块 111 店）。 地盘东西 51.4 × 南北 29.7 km；区块内店距中位 102 m。 节奏：20 个工作日、平均每天 8.8 家店、一天 1.0 个区块、当天作业半径中位 5.69 km；出勤 周一9/周二23/周三11/周四24/周五24/周六25/周日61。 ① 区块开工：9 块里他开工了 5 块；② 区块内执行率中位 27%（最弱一块 0%）；③ 区块星期一致 20%。 参考：覆盖 39%、同日 10%、相位 24%、量比 0.79。 结论：**有区块整块没开工**（4 块），先问为什么不去，而不是谈执行率。 最冷的区块（计划内执行率最低）：区块×11店 仅执行 27%; 区块×96店 仅执行 38%; 区块×111店 仅执行 41%。"
NP8801031,上海市,嘉定区×269,242,269,250,228,0.752,0.798,0.624,0.58,0.69,0.93,60,3,"[230, 11, 1]","[{'块': '块1', '中心': '31.372,121.253', '计划店': 230, '跑到的计划店': 172, '执行率': 0.748, '计划星期': '周一', '实际主力星期': '周三'}, {'块': '块2', '中心': '31.359,121.176', '计划店': 11, '跑到的计划店': 9, '执行率': 0.818, '计划星期': '周三', '实际主力星期': '周三'}, {'块': '块3', '中心': '31.285,121.162', '计划店': 1, '跑到的计划店': 1, '执行率': 1.0, '计划星期': '周三', '实际主力星期': '周三'}]",3,1.0,0.818,0.748,1.0,,13.4,18.6,54.0,23,9,10.9,"[40, 41, 66, 33, 31, 27, 12]",2.74,1.0,208,20,区块全开·区块内欠访,上海市（嘉定区×269）：计划 242 店 / 269 次，分成 3 个区块（最大区块 230 店）。 地盘东西 13.4 × 南北 18.6 km；区块内店距中位 54 m。 节奏：23 个工作日、平均每天 10.9 家店、一天 1.0 个区块、当天作业半径中位 2.74 km；出勤 周一40/周二41/周三66/周四33/周五31/周六27/周日12。 ① 区块开工：3 块里他开工了 3 块；② 区块内执行率中位 82%（最弱一块 75%）；③ 区块星期一致 100%。 参考：覆盖 75%、同日 58%、相位 69%、量比 0.93。 结论：区块都开了、星期也守，但**区块内没做全**（存在欠访）。
NP8801037,常州市,"钟楼区×99, 武进区×22",134,136,237,234,0.888,0.509,0.838,0.838,0.873,1.74,15,7,"[91, 17, 9, 9, 5]","[{'块': '块1', '中心': '31.772,119.913', '计划店': 91, '跑到的计划店': 83, '执行率': 0.912, '计划星期': '周三', '实际主力星期': '周三'}, {'块': '块2', '中心': '31.791,119.846', '计划店': 17, '跑到的计划店': 15, '执行率': 0.882, '计划星期': '周二', '实际主力星期': '周二'}, {'块': '块3', '中心': '31.896,119.821', '计划店': 9, '跑到的计划店': 5, '执行率': 0.556, '计划星期': '周一', '实际主力星期': '周五'}, {'块': '块4', '中心': '31.845,119.906', '计划店': 9, '跑到的计划店': 9, '执行率': 1.0, '计划星期': '周五', '实际主力星期': '周五'}, {'块': '块5', '中心': '31.688,119.789', '计划店': 5, '跑到的计划店': 5, '执行率': 1.0, '计划星期': '周五', '实际主力星期': '周五'}, {'块': '块6', '中心': '31.693,119.906', '计划店': 2, '跑到的计划店': 1, '执行率': 0.5, '计划星期': '周四', '实际主力星期': '周四'}, {'块': '块7', '中心': '31.583,119.738', '计划店': 1, '跑到的计划店': 1, '执行率': 1.0, '计划星期': '周五', '实际主力星期': '周五'}]",7,1.0,0.912,0.5,0.857,区块×2店 仅执行 50%; 区块×9店 仅执行 56%,18.0,35.3,58.0,15,10,15.8,"[43, 33, 52, 45, 63, 1, 0]",0.47,1.0,231,3,区块全开·星期照做,"常州市（钟楼区×99, 武进区×22）：计划 134 店 / 136 次，分成 7 个区块（最大区块 91 店）。 地盘东西 18.0 × 南北 35.3 km；区块内店距中位 58 m。 节奏：15 个工作日、平均每天 15.8 家店、一天 1.0 个区块、当天作业半径中位 0.47 km；出勤 周一43/周二33/周三52/周四45/周五63/周六1；周日 没跑。 ① 区块开工：7 块里他开工了 7 块；② 区块内执行率中位 91%（最弱一块 50%）；③ 区块星期一致 86%。 参考：覆盖 89%、同日 84%、相位 87%、量比 1.74。 结论：**计划怎么划他就怎么做**——区块全开工、区块内做全、星期按计划。 最冷的区块（计划内执行率最低）：区块×2店 仅执行 50%; 区块×9店 仅执行 56%。"
NP8801040,扬州市,"江都区×98, 广陵区×84",182,182,175,164,0.753,0.835,0.637,0.626,0.703,0.96,45,4,"[92, 84, 5, 1]","[{'块': '块1', '中心': '32.426,119.574', '计划店': 92, '跑到的计划店': 75, '执行率': 0.815, '计划星期': '周一', '实际主力星期': '周一'}, {'块': '块2', '中心': '32.393,119.459', '计划店': 84, '跑到的计划店': 61, '执行率': 0.726, '计划星期': '周四', '实际主力星期': '周四'}, {'块': '块3', '中心': '32.360,119.703', '计划店': 5, '跑到的计划店': 1, '执行率': 0.2, '计划星期': '周一', '实际主力星期': '周一'}, {'块': '块4', '中心': '32.500,119.525', '计划店': 1, '跑到的计划店': 0, '执行率': 0.0, '计划星期': '周一', '实际主力星期': '未开工'}]",3,0.75,0.463,0.0,1.0,区块×5店 仅执行 20%,26.2,16.8,84.0,14,12,12.5,"[61, 25, 28, 35, 26, 0, 0]",1.58,1.0,153,11,区块缺了没开,"扬州市（江都区×98, 广陵区×84）：计划 182 店 / 182 次，分成 4 个区块（最大区块 92 店）。 地盘东西 26.2 × 南北 16.8 km；区块内店距中位 84 m。 节奏：14 个工作日、平均每天 12.5 家店、一天 1.0 个区块、当天作业半径中位 1.58 km；出勤 周一61/周二25/周三28/周四35/周五26；周六、周日 没跑。 ① 区块开工：4 块里他开工了 3 块；② 区块内执行率中位 46%（最弱一块 0%）；③ 区块星期一致 100%。 参考：覆盖 75%、同日 63%、相位 70%、量比 0.96。 结论：**有 1 个区块整块没开工**，但他开的那几块做得很好（执行率与星期都守）——先问为什么不去那几块。 最冷的区块（计划内执行率最低）：区块×5店 仅执行 20%。"
NP8801042,上海市,"松江区×193, 青浦区×11",195,206,239,208,0.733,0.688,0.682,0.655,0.697,1.16,52,6,"[165, 10, 9, 6, 4]","[{'块': '块1', '中心': '31.030,121.205', '计划店': 165, '跑到的计划店': 133, '执行率': 0.806, '计划星期': '周一', '实际主力星期': '周三'}, {'块': '块2', '中心': '31.113,121.201', '计划店': 10, '跑到的计划店': 1, '执行率': 0.1, '计划星期': '周一', '实际主力星期': '周五'}, {'块': '块3', '中心': '31.070,121.144', '计划店': 9, '跑到的计划店': 5, '执行率': 0.556, '计划星期': '周五', '实际主力星期': '周五'}, {'块': '块4', '中心': '31.009,121.042', '计划店': 6, '跑到的计划店': 3, '执行率': 0.5, '计划星期': '周五', '实际主力星期': '周五'}, {'块': '块5', '中心': '31.060,121.006', '计划店': 4, '跑到的计划店': 1, '执行率': 0.25, '计划星期': '周五', '实际主力星期': '周五'}, {'块': '块6', '中心': '31.076,121.057', '计划店': 1, '跑到的计划店': 0, '执行率': 0.0, '计划星期': '周五', '实际主力星期': '未开工'}]",5,0.833,0.375,0.0,0.8,区块×10店 仅执行 10%; 区块×4店 仅执行 25%; 区块×6店 仅执行 50%,21.5,13.5,31.0,21,9,11.4,"[41, 49, 51, 31, 42, 25, 0]",1.9,1.0,184,24,区块缺了没开,"上海市（松江区×193, 青浦区×11）：计划 195 店 / 206 次，分成 6 个区块（最大区块 165 店）。 地盘东西 21.5 × 南北 13.5 km；区块内店距中位 31 m。 节奏：21 个工作日、平均每天 11.4 家店、一天 1.0 个区块、当天作业半径中位 1.9 km；出勤 周一41/周二49/周三51/周四31/周五42/周六25；周日 没跑。 ① 区块开工：6 块里他开工了 5 块；② 区块内执行率中位 38%（最弱一块 0%）；③ 区块星期一致 80%。 参考：覆盖 73%、同日 66%、相位 70%、量比 1.16。 结论：**有 1 个区块整块没开工**，但他开的那几块做得很好（执行率与星期都守）——先问为什么不去那几块。 最冷的区块（计划内执行率最低）：区块×10店 仅执行 10%; 区块×4店 仅执行 25%; 区块×6店 仅执行 50%。"
NP8801045,吉林市,"昌邑区×131, 龙潭区×94",236,245,61,60,0.131,0.517,0.051,0.049,0.085,0.25,205,2,"[202, 34]","[{'块': '块1', '中心': '43.888,126.578', '计划店': 202, '跑到的计划店': 31, '执行率': 0.153, '计划星期': '周一', '实际主力星期': '周三'}, {'块': '块2', '中心': '43.869,126.522', '计划店': 34, '跑到的计划店': 0, '执行率': 0.0, '计划星期': '周五', '实际主力星期': '未开工'}]",1,0.5,0.077,0.0,1.0,区块×202店 仅执行 15%,11.7,8.9,32.0,5,6,12.2,"[16, 0, 17, 15, 13, 0, 0]",2.57,1.0,59,1,计划与实际几乎不相交,"吉林市（昌邑区×131, 龙潭区×94）：计划 236 店 / 245 次，分成 2 个区块（最大区块 202 店）。 地盘东西 11.7 × 南北 8.9 km；区块内店距中位 32 m。 节奏：5 个工作日、平均每天 12.2 家店、一天 1.0 个区块、当天作业半径中位 2.57 km；出勤 周一16/周三17/周四15/周五13；周二、周六、周日 没跑。 ① 区块开工：2 块里他开工了 1 块；② 区块内执行率中位 8%（最弱一块 0%）；③ 区块星期一致 100%。 参考：覆盖 13%、同日 5%、相位 8%、量比 0.25。 结论：计划与实际几乎不相交——先查这块地盘是不是搞错了（管辖/门店清单），再谈行为。 最冷的区块（计划内执行率最低）：区块×202店 仅执行 15%。"
NP8801046,南昌市,"东湖区×153, 青云谱区×79",210,232,293,241,0.948,0.826,0.924,0.918,0.943,1.26,11,2,"[209, 1]","[{'块': '块1', '中心': '28.668,115.907', '计划店': 209, '跑到的计划店': 198, '执行率': 0.947, '计划星期': '周一', '实际主力星期': '周一'}, {'块': '块2', '中心': '28.629,115.867', '计划店': 1, '跑到的计划店': 1, '执行率': 1.0, '计划星期': '周一', '实际主力星期': '周一'}]",2,1.0,0.974,0.947,1.0,,8.7,11.6,48.0,20,12,14.7,"[76, 56, 51, 61, 49, 0, 0]",3.23,1.0,203,38,区块全开·星期照做,"南昌市（东湖区×153, 青云谱区×79）：计划 210 店 / 232 次，分成 2 个区块（最大区块 209 店）。 地盘东西 8.7 × 南北 11.6 km；区块内店距中位 48 m。 节奏：20 个工作日、平均每天 14.7 家店、一天 1.0 个区块、当天作业半径中位 3.23 km；出勤 周一76/周二56/周三51/周四61/周五49；周六、周日 没跑。 ① 区块开工：2 块里他开工了 2 块；② 区块内执行率中位 97%（最弱一块 95%）；③ 区块星期一致 100%。 参考：覆盖 95%、同日 92%、相位 94%、量比 1.26。 结论：**计划怎么划他就怎么做**——区块全开工、区块内做全、星期按计划。"
NP8801048,苏州市,昆山市×207,188,207,235,218,0.734,0.633,0.532,0.444,0.532,1.14,50,8,"[130, 26, 10, 9, 7]","[{'块': '块1', '中心': '31.380,120.928', '计划店': 130, '跑到的计划店': 103, '执行率': 0.792, '计划星期': '周一', '实际主力星期': '周五'}, {'块': '块2', '中心': '31.305,120.954', '计划店': 26, '跑到的计划店': 16, '执行率': 0.615, '计划星期': '周三', '实际主力星期': '周四'}, {'块': '块3', '中心': '31.252,121.014', '计划店': 10, '跑到的计划店': 9, '执行率': 0.9, '计划星期': '周三', '实际主力星期': '周三'}, {'块': '块4', '中心': '31.182,121.037', '计划店': 9, '跑到的计划店': 0, '执行率': 0.0, '计划星期': '周三', '实际主力星期': '未开工'}, {'块': '块5', '中心': '31.500,120.916', '计划店': 7, '跑到的计划店': 6, '执行率': 0.857, '计划星期': '周四', '实际主力星期': '周四'}, {'块': '块6', '中心': '31.442,120.870', '计划店': 3, '跑到的计划店': 3, '执行率': 1.0, '计划星期': '周二', '实际主力星期': '周二'}, {'块': '块7', '中心': '31.453,120.975', '计划店': 2, '跑到的计划店': 0, '执行率': 0.0, '计划星期': '周四', '实际主力星期': '未开工'}, {'块': '块8', '中心': '31.308,120.920', '计划店': 1, '跑到的计划店': 1, '执行率': 1.0, '计划星期': '周三', '实际主力星期': '周三'}]",6,0.75,0.825,0.0,1.0,,17.6,35.9,61.0,20,8,11.8,"[43, 41, 57, 50, 44, 0, 0]",2.05,1.0,203,15,区块缺了没开,苏州市（昆山市×207）：计划 188 店 / 207 次，分成 8 个区块（最大区块 130 店）。 地盘东西 17.6 × 南北 35.9 km；区块内店距中位 61 m。 节奏：20 个工作日、平均每天 11.8 家店、一天 1.0 个区块、当天作业半径中位 2.05 km；出勤 周一43/周二41/周三57/周四50/周五44；周六、周日 没跑。 ① 区块开工：8 块里他开工了 6 块；② 区块内执行率中位 82%（最弱一块 0%）；③ 区块星期一致 100%。 参考：覆盖 73%、同日 44%、相位 53%、量比 1.14。 结论：**有 2 个区块整块没开工**，但他开的那几块做得很好（执行率与星期都守）——先问为什么不去那几块。
NP8801061,上海市,浦东新区×256,252,256,199,192,0.722,0.948,0.714,0.707,0.71,0.78,70,3,"[222, 18, 12]","[{'块': '块1', '中心': '31.281,121.621', '计划店': 222, '跑到的计划店': 164, '执行率': 0.739, '计划星期': '周一', '实际主力星期': '周三'}, {'块': '块2', '中心': '31.053,121.592', '计划店': 18, '跑到的计划店': 12, '执行率': 0.667, '计划星期': '周二', '实际主力星期': '周二'}, {'块': '块3', '中心': '31.042,121.749', '计划店': 12, '跑到的计划店': 6, '执行率': 0.5, '计划星期': '周二', '实际主力星期': '周二'}]",3,1.0,0.667,0.5,1.0,区块×12店 仅执行 50%,22.9,38.0,52.0,23,10,8.7,"[38, 31, 49, 43, 27, 11, 0]",1.21,1.0,186,6,区块全开·区块内欠访,上海市（浦东新区×256）：计划 252 店 / 256 次，分成 3 个区块（最大区块 222 店）。 地盘东西 22.9 × 南北 38.0 km；区块内店距中位 52 m。 节奏：23 个工作日、平均每天 8.7 家店、一天 1.0 个区块、当天作业半径中位 1.21 km；出勤 周一38/周二31/周三49/周四43/周五27/周六11；周日 没跑。 ① 区块开工：3 块里他开工了 3 块；② 区块内执行率中位 67%（最弱一块 50%）；③ 区块星期一致 100%。 参考：覆盖 72%、同日 71%、相位 71%、量比 0.78。 结论：区块都开了、星期也守，但**区块内没做全**（存在欠访）。 最冷的区块（计划内执行率最低）：区块×12店 仅执行 50%。
NP8801062,上海市,"虹口区×164, 宝山区×11",177,184,237,199,0.927,0.824,0.927,0.929,0.927,1.29,13,1,[177],"[{'块': '块1', '中心': '31.275,121.486', '计划店': 177, '跑到的计划店': 164, '执行率': 0.927, '计划星期': '周一', '实际主力星期': '周一'}]",1,1.0,0.927,0.927,1.0,,5.2,8.4,30.0,20,12,11.8,"[49, 39, 42, 37, 50, 20, 0]",0.85,1.0,168,31,区块全开·星期照做,"上海市（虹口区×164, 宝山区×11）：计划 177 店 / 184 次，分成 1 个区块（最大区块 177 店）。 地盘东西 5.2 × 南北 8.4 km；区块内店距中位 30 m。 节奏：20 个工作日、平均每天 11.8 家店、一天 1.0 个区块、当天作业半径中位 0.85 km；出勤 周一49/周二39/周三42/周四37/周五50/周六20；周日 没跑。 ① 区块开工：1 块里他开工了 1 块；② 区块内执行率中位 93%（最弱一块 93%）；③ 区块星期一致 100%。 参考：覆盖 93%、同日 93%、相位 93%、量比 1.29。 结论：**计划怎么划他就怎么做**——区块全开工、区块内做全、星期按计划。"
NP8801063,重庆市,两江新区×47,47,47,301,232,1.0,0.203,1.0,1.0,1.0,6.4,0,1,[47],"[{'块': '块1', '中心': '29.597,106.498', '计划店': 47, '跑到的计划店': 47, '执行率': 1.0, '计划星期': '周一', '实际主力星期': '周一'}]",1,1.0,1.0,1.0,1.0,,2.7,5.6,61.0,15,2,20.1,"[73, 59, 56, 57, 56, 0, 0]",0.97,1.0,183,49,区块全开·星期照做,重庆市（两江新区×47）：计划 47 店 / 47 次，分成 1 个区块（最大区块 47 店）。 地盘东西 2.7 × 南北 5.6 km；区块内店距中位 61 m。 节奏：15 个工作日、平均每天 20.1 家店、一天 1.0 个区块、当天作业半径中位 0.97 km；出勤 周一73/周二59/周三56/周四57/周五56；周六、周日 没跑。 ① 区块开工：1 块里他开工了 1 块；② 区块内执行率中位 100%（最弱一块 100%）；③ 区块星期一致 100%。 参考：覆盖 100%、同日 100%、相位 100%、量比 6.4。 结论：**计划怎么划他就怎么做**——区块全开工、区块内做全、星期按计划。
NP8801065,徐州市,"鼓楼区×200, 贾汪区×36",231,254,256,229,0.983,0.991,0.983,0.984,0.983,1.01,4,3,"[217, 13, 1]","[{'块': '块1', '中心': '34.283,117.204', '计划店': 217, '跑到的计划店': 214, '执行率': 0.986, '计划星期': '周一', '实际主力星期': '周一'}, {'块': '块2', '中心': '34.438,117.465', '计划店': 13, '跑到的计划店': 12, '执行率': 0.923, '计划星期': '周四', '实际主力星期': '周四'}, {'块': '块3', '中心': '34.340,117.247', '计划店': 1, '跑到的计划店': 1, '执行率': 1.0, '计划星期': '周三', '实际主力星期': '周三'}]",3,1.0,0.986,0.923,1.0,,32.6,20.5,70.0,21,12,12.2,"[58, 48, 50, 50, 50, 0, 0]",1.54,1.0,206,23,区块全开·星期照做,"徐州市（鼓楼区×200, 贾汪区×36）：计划 231 店 / 254 次，分成 3 个区块（最大区块 217 店）。 地盘东西 32.6 × 南北 20.5 km；区块内店距中位 70 m。 节奏：21 个工作日、平均每天 12.2 家店、一天 1.0 个区块、当天作业半径中位 1.54 km；出勤 周一58/周二48/周三50/周四50/周五50；周六、周日 没跑。 ① 区块开工：3 块里他开工了 3 块；② 区块内执行率中位 99%（最弱一块 92%）；③ 区块星期一致 100%。 参考：覆盖 98%、同日 98%、相位 98%、量比 1.01。 结论：**计划怎么划他就怎么做**——区块全开工、区块内做全、星期按计划。"
NP8801066,南通市,"崇川区×251, 通州区×28",259,279,181,168,0.641,0.988,0.633,0.616,0.633,0.65,93,5,"[181, 58, 7, 7, 6]","[{'块': '块1', '中心': '31.987,120.889', '计划店': 181, '跑到的计划店': 110, '执行率': 0.608, '计划星期': '周一', '实际主力星期': '周一'}, {'块': '块2', '中心': '31.921,120.960', '计划店': 58, '跑到的计划店': 45, '执行率': 0.776, '计划星期': '周四', '实际主力星期': '周四'}, {'块': '块3', '中心': '32.003,120.979', '计划店': 7, '跑到的计划店': 2, '执行率': 0.286, '计划星期': '周三', '实际主力星期': '周三'}, {'块': '块4', '中心': '31.845,120.999', '计划店': 7, '跑到的计划店': 7, '执行率': 1.0, '计划星期': '周四', '实际主力星期': '周四'}, {'块': '块5', '中心': '31.987,121.041', '计划店': 6, '跑到的计划店': 2, '执行率': 0.333, '计划星期': '周三', '实际主力星期': '周三'}]",5,1.0,0.608,0.286,1.0,区块×7店 仅执行 29%; 区块×6店 仅执行 33%,19.6,21.4,71.0,21,8,8.6,"[42, 27, 34, 35, 36, 0, 7]",1.41,1.0,157,11,区块全开·区块内欠访,"南通市（崇川区×251, 通州区×28）：计划 259 店 / 279 次，分成 5 个区块（最大区块 181 店）。 地盘东西 19.6 × 南北 21.4 km；区块内店距中位 71 m。 节奏：21 个工作日、平均每天 8.6 家店、一天 1.0 个区块、当天作业半径中位 1.41 km；出勤 周一42/周二27/周三34/周四35/周五36/周日7；周六 没跑。 ① 区块开工：5 块里他开工了 5 块；② 区块内执行率中位 61%（最弱一块 29%）；③ 区块星期一致 100%。 参考：覆盖 64%、同日 62%、相位 63%、量比 0.65。 结论：区块都开了、星期也守，但**区块内没做全**（存在欠访）。 最冷的区块（计划内执行率最低）：区块×7店 仅执行 29%; 区块×6店 仅执行 33%。"
NP8801067,昆明市,"五华区×128, 盘龙区×25",153,154,234,210,1.0,0.729,1.0,1.0,1.0,1.52,0,2,"[152, 1]","[{'块': '块1', '中心': '25.095,102.704', '计划店': 152, '跑到的计划店': 152, '执行率': 1.0, '计划星期': '周二', '实际主力星期': '周二'}, {'块': '块2', '中心': '25.001,102.724', '计划店': 1, '跑到的计划店': 1, '执行率': 1.0, '计划星期': '周四', '实际主力星期': '周四'}]",2,1.0,1.0,1.0,1.0,,10.9,18.5,69.0,18,12,13.0,"[60, 38, 48, 48, 40, 0, 0]",0.75,1.0,189,21,区块全开·星期照做,"昆明市（五华区×128, 盘龙区×25）：计划 153 店 / 154 次，分成 2 个区块（最大区块 152 店）。 地盘东西 10.9 × 南北 18.5 km；区块内店距中位 69 m。 节奏：18 个工作日、平均每天 13.0 家店、一天 1.0 个区块、当天作业半径中位 0.75 km；出勤 周一60/周二38/周三48/周四48/周五40；周六、周日 没跑。 ① 区块开工：2 块里他开工了 2 块；② 区块内执行率中位 100%（最弱一块 100%）；③ 区块星期一致 100%。 参考：覆盖 100%、同日 100%、相位 100%、量比 1.52。 结论：**计划怎么划他就怎么做**——区块全开工、区块内做全、星期按计划。"
NP8801078,宁波市,"海曙区×59, 鄞州区×11",70,70,281,224,0.529,0.165,0.271,0.214,0.371,4.01,33,4,"[60, 8, 1, 1]","[{'块': '块1', '中心': '29.840,121.516', '计划店': 60, '跑到的计划店': 35, '执行率': 0.583, '计划星期': '周三', '实际主力星期': '周四'}, {'块': '块2', '中心': '29.774,121.363', '计划店': 8, '跑到的计划店': 1, '执行率': 0.125, '计划星期': '周五', '实际主力星期': '周二'}, {'块': '块3', '中心': '29.854,121.454', '计划店': 1, '跑到的计划店': 0, '执行率': 0.0, '计划星期': '周一', '实际主力星期': '未开工'}, {'块': '块4', '中心': '29.876,121.476', '计划店': 1, '跑到的计划店': 1, '执行率': 1.0, '计划星期': '周四', '实际主力星期': '周二'}]",3,0.75,0.354,0.0,0.333,区块×8店 仅执行 12%; 区块×60店 仅执行 58%,20.9,11.8,149.0,19,2,14.8,"[57, 58, 43, 61, 47, 14, 1]",1.92,1.0,176,48,区块缺了没开,"宁波市（海曙区×59, 鄞州区×11）：计划 70 店 / 70 次，分成 4 个区块（最大区块 60 店）。 地盘东西 20.9 × 南北 11.8 km；区块内店距中位 149 m。 节奏：19 个工作日、平均每天 14.8 家店、一天 1.0 个区块、当天作业半径中位 1.92 km；出勤 周一57/周二58/周三43/周四61/周五47/周六14/周日1。 ① 区块开工：4 块里他开工了 3 块；② 区块内执行率中位 35%（最弱一块 0%）；③ 区块星期一致 33%。 参考：覆盖 53%、同日 21%、相位 37%、量比 4.01。 结论：**有 1 个区块整块没开工**，但他开的那几块做得很好（执行率与星期都守）——先问为什么不去那几块。 最冷的区块（计划内执行率最低）：区块×8店 仅执行 12%; 区块×60店 仅执行 58%。"
NP8801079,赤峰市,"松山区×67, 宁城县×57",215,215,158,144,0.242,0.361,0.098,0.06,0.126,0.73,163,7,"[82, 56, 51, 23, 1]","[{'块': '块1', '中心': '42.284,118.930', '计划店': 82, '跑到的计划店': 33, '执行率': 0.402, '计划星期': '周五', '实际主力星期': '周一'}, {'块': '块2', '中心': '41.598,119.329', '计划店': 56, '跑到的计划店': 0, '执行率': 0.0, '计划星期': '周四', '实际主力星期': '未开工'}, {'块': '块3', '中心': '42.937,119.000', '计划店': 51, '跑到的计划店': 19, '执行率': 0.373, '计划星期': '周一', '实际主力星期': '周四'}, {'块': '块4', '中心': '43.529,118.675', '计划店': 23, '跑到的计划店': 0, '执行率': 0.0, '计划星期': '周五', '实际主力星期': '未开工'}, {'块': '块5', '中心': '43.522,118.639', '计划店': 1, '跑到的计划店': 0, '执行率': 0.0, '计划星期': '周四', '实际主力星期': '未开工'}, {'块': '块6', '中心': '41.610,119.285', '计划店': 1, '跑到的计划店': 0, '执行率': 0.0, '计划星期': '周一', '实际主力星期': '未开工'}, {'块': '块7', '中心': '42.342,118.911', '计划店': 1, '跑到的计划店': 0, '执行率': 0.0, '计划星期': '周三', '实际主力星期': '未开工'}]",2,0.286,0.0,0.0,0.5,区块×51店 仅执行 37%; 区块×82店 仅执行 40%,58.3,217.0,47.0,15,3,10.5,"[40, 25, 19, 17, 36, 21, 0]",0.56,1.0,132,12,计划与实际几乎不相交,"赤峰市（松山区×67, 宁城县×57）：计划 215 店 / 215 次，分成 7 个区块（最大区块 82 店）。 地盘东西 58.3 × 南北 217.0 km；区块内店距中位 47 m。 节奏：15 个工作日、平均每天 10.5 家店、一天 1.0 个区块、当天作业半径中位 0.56 km；出勤 周一40/周二25/周三19/周四17/周五36/周六21；周日 没跑。 ① 区块开工：7 块里他开工了 2 块；② 区块内执行率中位 0%（最弱一块 0%）；③ 区块星期一致 50%。 参考：覆盖 24%、同日 6%、相位 13%、量比 0.73。 结论：计划与实际几乎不相交——先查这块地盘是不是搞错了（管辖/门店清单），再谈行为。 最冷的区块（计划内执行率最低）：区块×51店 仅执行 37%; 区块×82店 仅执行 40%。"
NP8801080,苏州市,"相城区×258, 虎丘区×2",253,261,174,169,0.621,0.929,0.597,0.582,0.601,0.67,96,9,"[134, 52, 38, 15, 6]","[{'块': '块1', '中心': '31.381,120.621', '计划店': 134, '跑到的计划店': 86, '执行率': 0.642, '计划星期': '周二', '实际主力星期': '周二'}, {'块': '块2', '中心': '31.466,120.640', '计划店': 52, '跑到的计划店': 34, '执行率': 0.654, '计划星期': '周四', '实际主力星期': '周四'}, {'块': '块3', '中心': '31.431,120.541', '计划店': 38, '跑到的计划店': 23, '执行率': 0.605, '计划星期': '周一', '实际主力星期': '周一'}, {'块': '块4', '中心': '31.421,120.448', '计划店': 15, '跑到的计划店': 7, '执行率': 0.467, '计划星期': '周一', '实际主力星期': '周一'}, {'块': '块5', '中心': '31.407,120.727', '计划店': 6, '跑到的计划店': 2, '执行率': 0.333, '计划星期': '周三', '实际主力星期': '周三'}, {'块': '块6', '中心': '31.483,120.720', '计划店': 4, '跑到的计划店': 4, '执行率': 1.0, '计划星期': '周四', '实际主力星期': '周四'}, {'块': '块7', '中心': '31.444,120.473', '计划店': 2, '跑到的计划店': 1, '执行率': 0.5, '计划星期': '周一', '实际主力星期': '周一'}, {'块': '块8', '中心': '31.449,120.769', '计划店': 1, '跑到的计划店': 0, '执行率': 0.0, '计划星期': '周三', '实际主力星期': '未开工'}, {'块': '块9', '中心': '31.463,120.526', '计划店': 1, '跑到的计划店': 0, '执行率': 0.0, '计划星期': '周一', '实际主力星期': '未开工'}]",7,0.778,0.5,0.0,1.0,区块×6店 仅执行 33%; 区块×15店 仅执行 47%; 区块×2店 仅执行 50%,31.9,17.4,77.0,16,12,10.9,"[40, 35, 27, 36, 21, 0, 15]",2.11,1.0,164,5,区块缺了没开,"苏州市（相城区×258, 虎丘区×2）：计划 253 店 / 261 次，分成 9 个区块（最大区块 134 店）。 地盘东西 31.9 × 南北 17.4 km；区块内店距中位 77 m。 节奏：16 个工作日、平均每天 10.9 家店、一天 1.0 个区块、当天作业半径中位 2.11 km；出勤 周一40/周二35/周三27/周四36/周五21/周日15；周六 没跑。 ① 区块开工：9 块里他开工了 7 块；② 区块内执行率中位 50%（最弱一块 0%）；③ 区块星期一致 100%。 参考：覆盖 62%、同日 58%、相位 60%、量比 0.67。 结论：**有 2 个区块整块没开工**，但他开的那几块做得很好（执行率与星期都守）——先问为什么不去那几块。 最冷的区块（计划内执行率最低）：区块×6店 仅执行 33%; 区块×15店 仅执行 47%; 区块×2店 仅执行 50%。"
NP8801083,南昌市,西湖区×208,171,208,221,194,0.778,0.686,0.708,0.572,0.725,1.06,38,1,[171],"[{'块': '块1', '中心': '28.654,115.885', '计划店': 171, '跑到的计划店': 133, '执行率': 0.778, '计划星期': '周一', '实际主力星期': '周一'}]",1,1.0,0.778,0.778,1.0,,6.8,6.6,65.0,18,10,12.3,"[61, 50, 45, 40, 25, 0, 0]",2.52,1.0,170,24,区块全开·区块内欠访,南昌市（西湖区×208）：计划 171 店 / 208 次，分成 1 个区块（最大区块 171 店）。 地盘东西 6.8 × 南北 6.6 km；区块内店距中位 65 m。 节奏：18 个工作日、平均每天 12.3 家店、一天 1.0 个区块、当天作业半径中位 2.52 km；出勤 周一61/周二50/周三45/周四40/周五25；周六、周日 没跑。 ① 区块开工：1 块里他开工了 1 块；② 区块内执行率中位 78%（最弱一块 78%）；③ 区块星期一致 100%。 参考：覆盖 78%、同日 57%、相位 72%、量比 1.06。 结论：区块都开了、星期也守，但**区块内没做全**（存在欠访）。
NP8801085,兰州市,"西固区×66, 七里河区×60",149,150,294,271,0.872,0.48,0.873,0.873,0.872,1.96,19,3,"[130, 17, 2]","[{'块': '块1', '中心': '36.084,103.680', '计划店': 130, '跑到的计划店': 116, '执行率': 0.892, '计划星期': '周一', '实际主力星期': '周一'}, {'块': '块2', '中心': '36.017,103.840', '计划店': 17, '跑到的计划店': 14, '执行率': 0.824, '计划星期': '周三', '实际主力星期': '周三'}, {'块': '块3', '中心': '36.069,103.822', '计划店': 2, '跑到的计划店': 0, '执行率': 0.0, '计划星期': '周三', '实际主力星期': '未开工'}]",2,0.667,0.824,0.0,1.0,,20.5,10.9,80.0,17,10,17.3,"[67, 57, 65, 57, 48, 0, 0]",1.1,1.0,249,22,区块缺了没开,"兰州市（西固区×66, 七里河区×60）：计划 149 店 / 150 次，分成 3 个区块（最大区块 130 店）。 地盘东西 20.5 × 南北 10.9 km；区块内店距中位 80 m。 节奏：17 个工作日、平均每天 17.3 家店、一天 1.0 个区块、当天作业半径中位 1.1 km；出勤 周一67/周二57/周三65/周四57/周五48；周六、周日 没跑。 ① 区块开工：3 块里他开工了 2 块；② 区块内执行率中位 82%（最弱一块 0%）；③ 区块星期一致 100%。 参考：覆盖 87%、同日 87%、相位 87%、量比 1.96。 结论：**有 1 个区块整块没开工**，但他开的那几块做得很好（执行率与星期都守）——先问为什么不去那几块。"
NP8801099,苏州市,吴江区×287,265,287,199,173,0.63,0.965,0.615,0.624,0.619,0.69,98,15,"[111, 56, 22, 19, 16]","[{'块': '块1', '中心': '31.146,120.635', '计划店': 111, '跑到的计划店': 60, '执行率': 0.541, '计划星期': '周三', '实际主力星期': '周三'}, {'块': '块2', '中心': '30.902,120.643', '计划店': 56, '跑到的计划店': 39, '执行率': 0.696, '计划星期': '周二', '实际主力星期': '周二'}, {'块': '块3', '中心': '30.910,120.516', '计划店': 22, '跑到的计划店': 7, '执行率': 0.318, '计划星期': '周一', '实际主力星期': '周一'}, {'块': '块4', '中心': '31.014,120.537', '计划店': 19, '跑到的计划店': 19, '执行率': 1.0, '计划星期': '周一', '实际主力星期': '周一'}, {'块': '块5', '中心': '30.975,120.638', '计划店': 16, '跑到的计划店': 14, '执行率': 0.875, '计划星期': '周四', '实际主力星期': '周四'}, {'块': '块6', '中心': '30.951,120.396', '计划店': 11, '跑到的计划店': 1, '执行率': 0.091, '计划星期': '周一', '实际主力星期': '周日'}, {'块': '块7', '中心': '31.068,120.602', '计划店': 9, '跑到的计划店': 8, '执行率': 0.889, '计划星期': '周四', '实际主力星期': '周四'}, {'块': '块8', '中心': '30.980,120.586', '计划店': 8, '跑到的计划店': 8, '执行率': 1.0, '计划星期': '周四', '实际主力星期': '周四'}, {'块': '块9', '中心': '30.912,120.451', '计划店': 5, '跑到的计划店': 5, '执行率': 1.0, '计划星期': '周一', '实际主力星期': '周一'}, {'块': '块10', '中心': '31.079,120.669', '计划店': 2, '跑到的计划店': 1, '执行率': 0.5, '计划星期': '周四', '实际主力星期': '周四'}, {'块': '块11', '中心': '30.840,120.535', '计划店': 2, '跑到的计划店': 2, '执行率': 1.0, '计划星期': '周二', '实际主力星期': '周二'}, {'块': '块12', '中心': '31.027,120.621', '计划店': 1, '跑到的计划店': 1, '执行率': 1.0, '计划星期': '周四', '实际主力星期': '周四'}, {'块': '块13', '中心': '30.858,120.445', '计划店': 1, '跑到的计划店': 1, '执行率': 1.0, '计划星期': '周一', '实际主力星期': '周一'}, {'块': '块14', '中心': '30.847,120.492', '计划店': 1, '跑到的计划店': 1, '执行率': 1.0, '计划星期': '周二', '实际主力星期': '周二'}, {'块': '块15', '中心': '30.865,120.651', '计划店': 1, '跑到的计划店': 0, '执行率': 0.0, '计划星期': '周二', '实际主力星期': '未开工'}]",14,0.933,0.889,0.0,0.929,区块×11店 仅执行 9%; 区块×22店 仅执行 32%; 区块×2店 仅执行 50%,28.7,37.4,107.0,16,12,12.4,"[41, 41, 38, 48, 23, 0, 8]",6.1,2.0,151,22,区块全开·星期照做,苏州市（吴江区×287）：计划 265 店 / 287 次，分成 15 个区块（最大区块 111 店）。 地盘东西 28.7 × 南北 37.4 km；区块内店距中位 107 m。 节奏：16 个工作日、平均每天 12.4 家店、一天 2.0 个区块、当天作业半径中位 6.1 km；出勤 周一41/周二41/周三38/周四48/周五23/周日8；周六 没跑。 ① 区块开工：15 块里他开工了 14 块；② 区块内执行率中位 89%（最弱一块 0%）；③ 区块星期一致 93%。 参考：覆盖 63%、同日 62%、相位 62%、量比 0.69。 结论：**计划怎么划他就怎么做**——区块全开工、区块内做全、星期按计划。 最冷的区块（计划内执行率最低）：区块×11店 仅执行 9%; 区块×22店 仅执行 32%; 区块×2店 仅执行 50%。
NP8801101,台州市,"黄岩区×58, 路桥区×48",207,207,251,211,0.754,0.739,0.609,0.599,0.662,1.21,51,7,"[108, 57, 22, 9, 9]","[{'块': '块1', '中心': '28.571,121.375', '计划店': 108, '跑到的计划店': 80, '执行率': 0.741, '计划星期': '周四', '实际主力星期': '周四'}, {'块': '块2', '中心': '28.646,121.257', '计划店': 57, '跑到的计划店': 43, '执行率': 0.754, '计划星期': '周三', '实际主力星期': '周三'}, {'块': '块3', '中心': '29.148,121.017', '计划店': 22, '跑到的计划店': 15, '执行率': 0.682, '计划星期': '周二', '实际主力星期': '周四'}, {'块': '块4', '中心': '28.529,121.435', '计划店': 9, '跑到的计划店': 7, '执行率': 0.778, '计划星期': '周三', '实际主力星期': '周一'}, {'块': '块5', '中心': '28.503,121.515', '计划店': 9, '跑到的计划店': 9, '执行率': 1.0, '计划星期': '周一', '实际主力星期': '周一'}, {'块': '块6', '中心': '28.518,121.364', '计划店': 1, '跑到的计划店': 1, '执行率': 1.0, '计划星期': '周一', '实际主力星期': '周一'}, {'块': '块7', '中心': '28.673,121.323', '计划店': 1, '跑到的计划店': 1, '执行率': 1.0, '计划星期': '周五', '实际主力星期': '周五'}]",7,1.0,0.778,0.682,1.0,,51.9,75.0,35.0,24,8,10.5,"[46, 41, 43, 48, 34, 23, 16]",4.2,2.0,171,40,区块全开·区块内欠访,"台州市（黄岩区×58, 路桥区×48）：计划 207 店 / 207 次，分成 7 个区块（最大区块 108 店）。 地盘东西 51.9 × 南北 75.0 km；区块内店距中位 35 m。 节奏：24 个工作日、平均每天 10.5 家店、一天 2.0 个区块、当天作业半径中位 4.2 km；出勤 周一46/周二41/周三43/周四48/周五34/周六23/周日16。 ① 区块开工：7 块里他开工了 7 块；② 区块内执行率中位 78%（最弱一块 68%）；③ 区块星期一致 100%。 参考：覆盖 75%、同日 60%、相位 66%、量比 1.21。 结论：区块都开了、星期也守，但**区块内没做全**（存在欠访）。"
NP8801102,成都市,"锦江区×5, 龙泉驿区×5",12,12,266,258,1.0,0.047,1.0,1.0,1.0,22.17,0,2,"[11, 1]","[{'块': '块1', '中心': '30.613,104.163', '计划店': 11, '跑到的计划店': 11, '执行率': 1.0, '计划星期': '周一', '实际主力星期': '周一'}, {'块': '块2', '中心': '30.593,104.070', '计划店': 1, '跑到的计划店': 1, '执行率': 1.0, '计划星期': '周四', '实际主力星期': '周四'}]",2,1.0,1.0,1.0,1.0,,11.0,7.8,1050.0,10,1,26.6,"[65, 54, 54, 56, 29, 8, 0]",0.01,1.0,250,8,区块全开·星期照做,"成都市（锦江区×5, 龙泉驿区×5）：计划 12 店 / 12 次，分成 2 个区块（最大区块 11 店）。 地盘东西 11.0 × 南北 7.8 km；区块内店距中位 1050 m。 节奏：10 个工作日、平均每天 26.6 家店、一天 1.0 个区块、当天作业半径中位 0.01 km；出勤 周一65/周二54/周三54/周四56/周五29/周六8；周日 没跑。 ① 区块开工：2 块里他开工了 2 块；② 区块内执行率中位 100%（最弱一块 100%）；③ 区块星期一致 100%。 参考：覆盖 100%、同日 100%、相位 100%、量比 22.17。 结论：**计划怎么划他就怎么做**——区块全开工、区块内做全、星期按计划。"
NP8801114,杭州市,"拱墅区×91, 上城区×21",143,150,251,197,0.818,0.594,0.811,0.813,0.811,1.67,26,3,"[130, 11, 2]","[{'块': '块1', '中心': '30.344,120.181', '计划店': 130, '跑到的计划店': 114, '执行率': 0.877, '计划星期': '周三', '实际主力星期': '周五'}, {'块': '块2', '中心': '30.471,120.196', '计划店': 11, '跑到的计划店': 1, '执行率': 0.091, '计划星期': '周四', '实际主力星期': '周四'}, {'块': '块3', '中心': '30.334,120.086', '计划店': 2, '跑到的计划店': 2, '执行率': 1.0, '计划星期': '周一', '实际主力星期': '周一'}]",3,1.0,0.877,0.091,1.0,区块×11店 仅执行 9%,15.9,18.9,41.0,20,9,12.6,"[61, 41, 44, 52, 49, 4, 0]",2.09,1.0,153,44,区块全开·星期照做,"杭州市（拱墅区×91, 上城区×21）：计划 143 店 / 150 次，分成 3 个区块（最大区块 130 店）。 地盘东西 15.9 × 南北 18.9 km；区块内店距中位 41 m。 节奏：20 个工作日、平均每天 12.6 家店、一天 1.0 个区块、当天作业半径中位 2.09 km；出勤 周一61/周二41/周三44/周四52/周五49/周六4；周日 没跑。 ① 区块开工：3 块里他开工了 3 块；② 区块内执行率中位 88%（最弱一块 9%）；③ 区块星期一致 100%。 参考：覆盖 82%、同日 81%、相位 81%、量比 1.67。 结论：**计划怎么划他就怎么做**——区块全开工、区块内做全、星期按计划。 最冷的区块（计划内执行率最低）：区块×11店 仅执行 9%。"
NP8801117,杭州市,"上城区×83, 拱墅区×82",155,165,213,203,0.735,0.562,0.71,0.673,0.729,1.29,41,1,[155],"[{'块': '块1', '中心': '30.299,120.186', '计划店': 155, '跑到的计划店': 114, '执行率': 0.735, '计划星期': '周一', '实际主力星期': '周一'}]",1,1.0,0.735,0.735,1.0,,8.7,7.2,51.0,17,8,12.5,"[52, 52, 42, 42, 25, 0, 0]",1.18,1.0,193,10,区块全开·区块内欠访,"杭州市（上城区×83, 拱墅区×82）：计划 155 店 / 165 次，分成 1 个区块（最大区块 155 店）。 地盘东西 8.7 × 南北 7.2 km；区块内店距中位 51 m。 节奏：17 个工作日、平均每天 12.5 家店、一天 1.0 个区块、当天作业半径中位 1.18 km；出勤 周一52/周二52/周三42/周四42/周五25；周六、周日 没跑。 ① 区块开工：1 块里他开工了 1 块；② 区块内执行率中位 74%（最弱一块 74%）；③ 区块星期一致 100%。 参考：覆盖 74%、同日 67%、相位 73%、量比 1.29。 结论：区块都开了、星期也守，但**区块内没做全**（存在欠访）。"
NP8801128,常州市,武进区×35,34,35,190,189,0.853,0.153,0.829,0.829,0.824,5.43,5,3,"[23, 10, 1]","[{'块': '块1', '中心': '31.701,119.955', '计划店': 23, '跑到的计划店': 19, '执行率': 0.826, '计划星期': '周一', '实际主力星期': '周二'}, {'块': '块2', '中心': '31.706,120.104', '计划店': 10, '跑到的计划店': 9, '执行率': 0.9, '计划星期': '周四', '实际主力星期': '周四'}, {'块': '块3', '中心': '31.624,120.016', '计划店': 1, '跑到的计划店': 1, '执行率': 1.0, '计划星期': '周四', '实际主力星期': '周四'}]",3,1.0,0.9,0.826,1.0,,18.0,12.1,245.0,13,2,14.6,"[40, 41, 37, 41, 31, 0, 0]",0.45,1.0,188,1,区块全开·星期照做,常州市（武进区×35）：计划 34 店 / 35 次，分成 3 个区块（最大区块 23 店）。 地盘东西 18.0 × 南北 12.1 km；区块内店距中位 245 m。 节奏：13 个工作日、平均每天 14.6 家店、一天 1.0 个区块、当天作业半径中位 0.45 km；出勤 周一40/周二41/周三37/周四41/周五31；周六、周日 没跑。 ① 区块开工：3 块里他开工了 3 块；② 区块内执行率中位 90%（最弱一块 83%）；③ 区块星期一致 100%。 参考：覆盖 85%、同日 83%、相位 82%、量比 5.43。 结论：**计划怎么划他就怎么做**——区块全开工、区块内做全、星期按计划。
NP8801129,新乡市,"长垣市×111, 封丘县×44",145,155,182,162,0.586,0.525,0.414,0.355,0.434,1.17,60,8,"[92, 43, 3, 2, 2]","[{'块': '块1', '中心': '35.182,114.672', '计划店': 92, '跑到的计划店': 68, '执行率': 0.739, '计划星期': '周二', '实际主力星期': '周三'}, {'块': '块2', '中心': '35.048,114.430', '计划店': 43, '跑到的计划店': 11, '执行率': 0.256, '计划星期': '周一', '实际主力星期': '周五'}, {'块': '块3', '中心': '35.065,114.751', '计划店': 3, '跑到的计划店': 3, '执行率': 1.0, '计划星期': '周五', '实际主力星期': '周四'}, {'块': '块4', '中心': '35.209,114.569', '计划店': 2, '跑到的计划店': 0, '执行率': 0.0, '计划星期': '周五', '实际主力星期': '未开工'}, {'块': '块5', '中心': '35.091,114.680', '计划店': 2, '跑到的计划店': 1, '执行率': 0.5, '计划星期': '周五', '实际主力星期': '周一'}, {'块': '块6', '中心': '35.267,114.828', '计划店': 1, '跑到的计划店': 1, '执行率': 1.0, '计划星期': '周三', '实际主力星期': '周五'}, {'块': '块7', '中心': '35.285,114.749', '计划店': 1, '跑到的计划店': 0, '执行率': 0.0, '计划星期': '周三', '实际主力星期': '未开工'}, {'块': '块8', '中心': '35.062,114.604', '计划店': 1, '跑到的计划店': 1, '执行率': 1.0, '计划星期': '周三', '实际主力星期': '周二'}]",6,0.75,0.62,0.0,0.333,区块×43店 仅执行 26%; 区块×2店 仅执行 50%,37.6,28.0,97.0,16,6,11.4,"[38, 28, 38, 42, 36, 0, 0]",2.02,1.0,145,17,区块缺了没开,"新乡市（长垣市×111, 封丘县×44）：计划 145 店 / 155 次，分成 8 个区块（最大区块 92 店）。 地盘东西 37.6 × 南北 28.0 km；区块内店距中位 97 m。 节奏：16 个工作日、平均每天 11.4 家店、一天 1.0 个区块、当天作业半径中位 2.02 km；出勤 周一38/周二28/周三38/周四42/周五36；周六、周日 没跑。 ① 区块开工：8 块里他开工了 6 块；② 区块内执行率中位 62%（最弱一块 0%）；③ 区块星期一致 33%。 参考：覆盖 59%、同日 36%、相位 43%、量比 1.17。 结论：**有 2 个区块整块没开工**，但他开的那几块做得很好（执行率与星期都守）——先问为什么不去那几块。 最冷的区块（计划内执行率最低）：区块×43店 仅执行 26%; 区块×2店 仅执行 50%。"
NP8801130,北京市,"海淀区×108, 朝阳区×69",203,229,234,208,0.537,0.524,0.44,0.432,0.498,1.02,94,5,"[192, 5, 3, 2, 1]","[{'块': '块1', '中心': '40.039,116.359', '计划店': 192, '跑到的计划店': 108, '执行率': 0.562, '计划星期': '周一', '实际主力星期': '周一'}, {'块': '块2', '中心': '40.096,116.287', '计划店': 5, '跑到的计划店': 0, '执行率': 0.0, '计划星期': '周五', '实际主力星期': '未开工'}, {'块': '块3', '中心': '40.064,116.251', '计划店': 3, '跑到的计划店': 0, '执行率': 0.0, '计划星期': '周二', '实际主力星期': '未开工'}, {'块': '块4', '中心': '39.991,116.476', '计划店': 2, '跑到的计划店': 0, '执行率': 0.0, '计划星期': '周五', '实际主力星期': '未开工'}, {'块': '块5', '中心': '40.020,116.465', '计划店': 1, '跑到的计划店': 1, '执行率': 1.0, '计划星期': '周五', '实际主力星期': '周三'}]",2,0.4,0.0,0.0,0.5,区块×192店 仅执行 56%,20.3,12.8,95.0,19,8,12.3,"[57, 47, 42, 45, 43, 0, 0]",2.8,1.0,184,24,区块大面积没开工,"北京市（海淀区×108, 朝阳区×69）：计划 203 店 / 229 次，分成 5 个区块（最大区块 192 店）。 地盘东西 20.3 × 南北 12.8 km；区块内店距中位 95 m。 节奏：19 个工作日、平均每天 12.3 家店、一天 1.0 个区块、当天作业半径中位 2.8 km；出勤 周一57/周二47/周三42/周四45/周五43；周六、周日 没跑。 ① 区块开工：5 块里他开工了 2 块；② 区块内执行率中位 0%（最弱一块 0%）；③ 区块星期一致 50%。 参考：覆盖 54%、同日 43%、相位 50%、量比 1.02。 结论：**有区块整块没开工**（3 块），先问为什么不去，而不是谈执行率。 最冷的区块（计划内执行率最低）：区块×192店 仅执行 56%。"
NP9900738,石家庄市,"桥西区×166, 鹿泉区×83",238,270,143,135,0.315,0.556,0.118,0.085,0.189,0.53,163,3,"[225, 12, 1]","[{'块': '块1', '中心': '38.037,114.418', '计划店': 225, '跑到的计划店': 68, '执行率': 0.302, '计划星期': '周一', '实际主力星期': '周四'}, {'块': '块2', '中心': '38.075,114.059', '计划店': 12, '跑到的计划店': 7, '执行率': 0.583, '计划星期': '周四', '实际主力星期': '周三'}, {'块': '块3', '中心': '37.994,114.556', '计划店': 1, '跑到的计划店': 0, '执行率': 0.0, '计划星期': '周三', '实际主力星期': '未开工'}]",2,0.667,0.302,0.0,0.5,区块×225店 仅执行 30%; 区块×12店 仅执行 58%,44.6,12.7,113.0,15,5,9.5,"[31, 34, 31, 30, 13, 4, 0]",2.49,1.0,129,6,区块缺了没开,"石家庄市（桥西区×166, 鹿泉区×83）：计划 238 店 / 270 次，分成 3 个区块（最大区块 225 店）。 地盘东西 44.6 × 南北 12.7 km；区块内店距中位 113 m。 节奏：15 个工作日、平均每天 9.5 家店、一天 1.0 个区块、当天作业半径中位 2.49 km；出勤 周一31/周二34/周三31/周四30/周五13/周六4；周日 没跑。 ① 区块开工：3 块里他开工了 2 块；② 区块内执行率中位 30%（最弱一块 0%）；③ 区块星期一致 50%。 参考：覆盖 32%、同日 8%、相位 19%、量比 0.53。 结论：**有 1 个区块整块没开工**，但他开的那几块做得很好（执行率与星期都守）——先问为什么不去那几块。 最冷的区块（计划内执行率最低）：区块×225店 仅执行 30%; 区块×12店 仅执行 58%。"
NP9900847,青岛市,即墨区×264,221,264,179,175,0.498,0.629,0.339,0.25,0.416,0.68,111,4,"[206, 11, 3, 1]","[{'块': '块1', '中心': '36.394,120.461', '计划店': 206, '跑到的计划店': 106, '执行率': 0.515, '计划星期': '周一', '实际主力星期': '周一'}, {'块': '块2', '中心': '36.362,120.674', '计划店': 11, '跑到的计划店': 3, '执行率': 0.273, '计划星期': '周三', '实际主力星期': '周三'}, {'块': '块3', '中心': '36.443,120.649', '计划店': 3, '跑到的计划店': 0, '执行率': 0.0, '计划星期': '周三', '实际主力星期': '未开工'}, {'块': '块4', '中心': '36.444,120.218', '计划店': 1, '跑到的计划店': 1, '执行率': 1.0, '计划星期': '周二', '实际主力星期': '周二'}]",3,0.75,0.394,0.0,1.0,区块×11店 仅执行 27%; 区块×206店 仅执行 51%,43.6,11.4,96.0,18,7,9.9,"[35, 31, 35, 23, 21, 22, 12]",2.67,1.0,171,4,区块缺了没开,青岛市（即墨区×264）：计划 221 店 / 264 次，分成 4 个区块（最大区块 206 店）。 地盘东西 43.6 × 南北 11.4 km；区块内店距中位 96 m。 节奏：18 个工作日、平均每天 9.9 家店、一天 1.0 个区块、当天作业半径中位 2.67 km；出勤 周一35/周二31/周三35/周四23/周五21/周六22/周日12。 ① 区块开工：4 块里他开工了 3 块；② 区块内执行率中位 39%（最弱一块 0%）；③ 区块星期一致 100%。 参考：覆盖 50%、同日 25%、相位 42%、量比 0.68。 结论：**有 1 个区块整块没开工**，但他开的那几块做得很好（执行率与星期都守）——先问为什么不去那几块。 最冷的区块（计划内执行率最低）：区块×11店 仅执行 27%; 区块×206店 仅执行 51%。
NP9900886,曲靖市,"麒麟区×120, 530304×30",131,152,233,175,1.0,0.749,1.0,1.0,1.0,1.53,0,3,"[102, 27, 2]","[{'块': '块1', '中心': '25.508,103.776', '计划店': 102, '跑到的计划店': 102, '执行率': 1.0, '计划星期': '周三', '实际主力星期': '周三'}, {'块': '块2', '中心': '25.436,103.582', '计划店': 27, '跑到的计划店': 27, '执行率': 1.0, '计划星期': '周一', '实际主力星期': '周一'}, {'块': '块3', '中心': '25.465,103.579', '计划店': 2, '跑到的计划店': 2, '执行率': 1.0, '计划星期': '周一', '实际主力星期': '周一'}]",3,1.0,1.0,1.0,1.0,,26.7,13.7,122.0,19,10,12.3,"[52, 51, 48, 37, 36, 9, 0]",4.37,1.0,131,44,区块全开·星期照做,"曲靖市（麒麟区×120, 530304×30）：计划 131 店 / 152 次，分成 3 个区块（最大区块 102 店）。 地盘东西 26.7 × 南北 13.7 km；区块内店距中位 122 m。 节奏：19 个工作日、平均每天 12.3 家店、一天 1.0 个区块、当天作业半径中位 4.37 km；出勤 周一52/周二51/周三48/周四37/周五36/周六9；周日 没跑。 ① 区块开工：3 块里他开工了 3 块；② 区块内执行率中位 100%（最弱一块 100%）；③ 区块星期一致 100%。 参考：覆盖 100%、同日 100%、相位 100%、量比 1.53。 结论：**计划怎么划他就怎么做**——区块全开工、区块内做全、星期按计划。"
NP9900957,郑州市,"管城回族区×133, 二七区×66",200,240,244,199,0.875,0.879,0.875,0.863,0.875,1.02,25,1,[200],"[{'块': '块1', '中心': '34.741,113.679', '计划店': 200, '跑到的计划店': 175, '执行率': 0.875, '计划星期': '周一', '实际主力星期': '周一'}]",1,1.0,0.875,0.875,1.0,,5.7,7.7,75.0,22,10,11.1,"[55, 42, 49, 46, 46, 0, 6]",1.46,1.0,162,37,区块全开·星期照做,"郑州市（管城回族区×133, 二七区×66）：计划 200 店 / 240 次，分成 1 个区块（最大区块 200 店）。 地盘东西 5.7 × 南北 7.7 km；区块内店距中位 75 m。 节奏：22 个工作日、平均每天 11.1 家店、一天 1.0 个区块、当天作业半径中位 1.46 km；出勤 周一55/周二42/周三49/周四46/周五46/周日6；周六 没跑。 ① 区块开工：1 块里他开工了 1 块；② 区块内执行率中位 88%（最弱一块 88%）；③ 区块星期一致 100%。 参考：覆盖 88%、同日 86%、相位 88%、量比 1.02。 结论：**计划怎么划他就怎么做**——区块全开工、区块内做全、星期按计划。"
NP9901052,淄博市,"张店区×33, 桓台县×22",78,78,152,147,0.628,0.333,0.449,0.423,0.449,1.95,29,12,"[22, 21, 13, 8, 5]","[{'块': '块1', '中心': '36.854,118.068', '计划店': 22, '跑到的计划店': 13, '执行率': 0.591, '计划星期': '周一', '实际主力星期': '周五'}, {'块': '块2', '中心': '36.820,118.330', '计划店': 21, '跑到的计划店': 10, '执行率': 0.476, '计划星期': '周三', '实际主力星期': '周二'}, {'块': '块3', '中心': '36.957,118.085', '计划店': 13, '跑到的计划店': 11, '执行率': 0.846, '计划星期': '周三', '实际主力星期': '周三'}, {'块': '块4', '中心': '36.824,118.114', '计划店': 8, '跑到的计划店': 7, '执行率': 0.875, '计划星期': '周五', '实际主力星期': '周四'}, {'块': '块5', '中心': '36.924,118.067', '计划店': 5, '跑到的计划店': 5, '执行率': 1.0, '计划星期': '周二', '实际主力星期': '周三'}, {'块': '块6', '中心': '36.863,118.144', '计划店': 3, '跑到的计划店': 3, '执行率': 1.0, '计划星期': '周五', '实际主力星期': '周五'}, {'块': '块7', '中心': '36.928,117.993', '计划店': 1, '跑到的计划店': 0, '执行率': 0.0, '计划星期': '周二', '实际主力星期': '未开工'}, {'块': '块8', '中心': '36.742,117.989', '计划店': 1, '跑到的计划店': 0, '执行率': 0.0, '计划星期': '周五', '实际主力星期': '未开工'}, {'块': '块9', '中心': '37.009,117.924', '计划店': 1, '跑到的计划店': 0, '执行率': 0.0, '计划星期': '周二', '实际主力星期': '未开工'}, {'块': '块10', '中心': '36.858,118.315', '计划店': 1, '跑到的计划店': 0, '执行率': 0.0, '计划星期': '周三', '实际主力星期': '未开工'}, {'块': '块11', '中心': '36.982,118.069', '计划店': 1, '跑到的计划店': 0, '执行率': 0.0, '计划星期': '周二', '实际主力星期': '未开工'}, {'块': '块12', '中心': '37.055,118.091', '计划店': 1, '跑到的计划店': 0, '执行率': 0.0, '计划星期': '周三', '实际主力星期': '未开工'}]",6,0.5,0.238,0.0,0.5,区块×21店 仅执行 48%; 区块×22店 仅执行 59%,37.5,34.7,151.0,9,5,16.9,"[43, 34, 31, 31, 13, 0, 0]",0.98,1.0,142,5,区块大面积没开工,"淄博市（张店区×33, 桓台县×22）：计划 78 店 / 78 次，分成 12 个区块（最大区块 22 店）。 地盘东西 37.5 × 南北 34.7 km；区块内店距中位 151 m。 节奏：9 个工作日、平均每天 16.9 家店、一天 1.0 个区块、当天作业半径中位 0.98 km；出勤 周一43/周二34/周三31/周四31/周五13；周六、周日 没跑。 ① 区块开工：12 块里他开工了 6 块；② 区块内执行率中位 24%（最弱一块 0%）；③ 区块星期一致 50%。 参考：覆盖 63%、同日 42%、相位 45%、量比 1.95。 结论：**有区块整块没开工**（6 块），先问为什么不去，而不是谈执行率。 最冷的区块（计划内执行率最低）：区块×21店 仅执行 48%; 区块×22店 仅执行 59%。"
NP9901079,安阳市,"文峰区×198, 北关区×37",221,251,207,186,0.801,0.952,0.762,0.757,0.801,0.82,44,3,"[206, 12, 3]","[{'块': '块1', '中心': '36.089,114.381', '计划店': 206, '跑到的计划店': 165, '执行率': 0.801, '计划星期': '周一', '实际主力星期': '周三'}, {'块': '块2', '中心': '35.554,114.529', '计划店': 12, '跑到的计划店': 11, '执行率': 0.917, '计划星期': '周五', '实际主力星期': '周四'}, {'块': '块3', '中心': '35.925,114.382', '计划店': 3, '跑到的计划店': 1, '执行率': 0.333, '计划星期': '周五', '实际主力星期': '周四'}]",3,1.0,0.801,0.333,0.667,区块×3店 仅执行 33%,17.9,64.4,111.0,18,12,11.5,"[35, 46, 49, 49, 27, 1, 0]",2.77,1.0,165,21,区块全开·店和星期都有欠,"安阳市（文峰区×198, 北关区×37）：计划 221 店 / 251 次，分成 3 个区块（最大区块 206 店）。 地盘东西 17.9 × 南北 64.4 km；区块内店距中位 111 m。 节奏：18 个工作日、平均每天 11.5 家店、一天 1.0 个区块、当天作业半径中位 2.77 km；出勤 周一35/周二46/周三49/周四49/周五27/周六1；周日 没跑。 ① 区块开工：3 块里他开工了 3 块；② 区块内执行率中位 80%（最弱一块 33%）；③ 区块星期一致 67%。 参考：覆盖 80%、同日 76%、相位 80%、量比 0.82。 结论：区块开了，但店没做全、星期也没守——属于执行力不足，要具体看到底缺在哪块。 最冷的区块（计划内执行率最低）：区块×3店 仅执行 33%。"
NP9902255,海口市,"琼山区×182, 龙华区×71",232,254,279,252,0.953,0.877,0.953,0.957,0.953,1.1,11,2,"[227, 5]","[{'块': '块1', '中心': '19.993,110.352', '计划店': 227, '跑到的计划店': 216, '执行率': 0.952, '计划星期': '周一', '实际主力星期': '周一'}, {'块': '块2', '中心': '19.912,110.426', '计划店': 5, '跑到的计划店': 5, '执行率': 1.0, '计划星期': '周二', '实际主力星期': '周二'}]",2,1.0,0.976,0.952,1.0,,13.8,12.6,90.0,21,12,13.3,"[62, 53, 53, 54, 53, 4, 0]",1.4,1.0,227,25,区块全开·星期照做,"海口市（琼山区×182, 龙华区×71）：计划 232 店 / 254 次，分成 2 个区块（最大区块 227 店）。 地盘东西 13.8 × 南北 12.6 km；区块内店距中位 90 m。 节奏：21 个工作日、平均每天 13.3 家店、一天 1.0 个区块、当天作业半径中位 1.4 km；出勤 周一62/周二53/周三53/周四54/周五53/周六4；周日 没跑。 ① 区块开工：2 块里他开工了 2 块；② 区块内执行率中位 98%（最弱一块 95%）；③ 区块星期一致 100%。 参考：覆盖 95%、同日 96%、相位 95%、量比 1.1。 结论：**计划怎么划他就怎么做**——区块全开工、区块内做全、星期按计划。"
NP9902323,北京市,昌平区×237,207,237,303,237,0.778,0.679,0.362,0.169,0.449,1.28,46,3,"[198, 8, 1]","[{'块': '块1', '中心': '40.225,116.223', '计划店': 198, '跑到的计划店': 157, '执行率': 0.793, '计划星期': '周二', '实际主力星期': '周二'}, {'块': '块2', '中心': '40.185,116.400', '计划店': 8, '跑到的计划店': 4, '执行率': 0.5, '计划星期': '周一', '实际主力星期': '周三'}, {'块': '块3', '中心': '40.176,116.462', '计划店': 1, '跑到的计划店': 0, '执行率': 0.0, '计划星期': '周一', '实际主力星期': '未开工'}]",2,0.667,0.5,0.0,1.0,区块×8店 仅执行 50%,28.6,12.8,51.0,23,9,13.2,"[55, 73, 73, 59, 40, 0, 3]",5.54,1.0,179,58,区块缺了没开,北京市（昌平区×237）：计划 207 店 / 237 次，分成 3 个区块（最大区块 198 店）。 地盘东西 28.6 × 南北 12.8 km；区块内店距中位 51 m。 节奏：23 个工作日、平均每天 13.2 家店、一天 1.0 个区块、当天作业半径中位 5.54 km；出勤 周一55/周二73/周三73/周四59/周五40/周日3；周六 没跑。 ① 区块开工：3 块里他开工了 2 块；② 区块内执行率中位 50%（最弱一块 0%）；③ 区块星期一致 100%。 参考：覆盖 78%、同日 17%、相位 45%、量比 1.28。 结论：**有 1 个区块整块没开工**，但他开的那几块做得很好（执行率与星期都守）——先问为什么不去那几块。 最冷的区块（计划内执行率最低）：区块×8店 仅执行 50%。
NP9902466,哈尔滨市,"道里区×213, 南岗区×37",242,250,239,231,0.95,0.996,0.95,0.952,0.95,0.96,12,1,[242],"[{'块': '块1', '中心': '45.752,126.606', '计划店': 242, '跑到的计划店': 230, '执行率': 0.95, '计划星期': '周一', '实际主力星期': '周一'}]",1,1.0,0.95,0.95,1.0,,6.5,6.7,57.0,21,12,11.4,"[50, 48, 48, 48, 45, 0, 0]",0.85,1.0,223,8,区块全开·星期照做,"哈尔滨市（道里区×213, 南岗区×37）：计划 242 店 / 250 次，分成 1 个区块（最大区块 242 店）。 地盘东西 6.5 × 南北 6.7 km；区块内店距中位 57 m。 节奏：21 个工作日、平均每天 11.4 家店、一天 1.0 个区块、当天作业半径中位 0.85 km；出勤 周一50/周二48/周三48/周四48/周五45；周六、周日 没跑。 ① 区块开工：1 块里他开工了 1 块；② 区块内执行率中位 95%（最弱一块 95%）；③ 区块星期一致 100%。 参考：覆盖 95%、同日 95%、相位 95%、量比 0.96。 结论：**计划怎么划他就怎么做**——区块全开工、区块内做全、星期按计划。"
NP9902501,邯郸市,"丛台区×112, 邯山区×68",190,190,148,144,0.558,0.736,0.453,0.416,0.505,0.78,84,2,"[189, 1]","[{'块': '块1', '中心': '36.602,114.504', '计划店': 189, '跑到的计划店': 106, '执行率': 0.561, '计划星期': '周五', '实际主力星期': '周一'}, {'块': '块2', '中心': '36.544,114.487', '计划店': 1, '跑到的计划店': 0, '执行率': 0.0, '计划星期': '周三', '实际主力星期': '未开工'}]",1,0.5,0.28,0.0,1.0,区块×189店 仅执行 56%,8.8,13.8,125.0,19,6,7.8,"[38, 24, 31, 27, 28, 0, 0]",2.22,1.0,140,4,区块大面积没开工,"邯郸市（丛台区×112, 邯山区×68）：计划 190 店 / 190 次，分成 2 个区块（最大区块 189 店）。 地盘东西 8.8 × 南北 13.8 km；区块内店距中位 125 m。 节奏：19 个工作日、平均每天 7.8 家店、一天 1.0 个区块、当天作业半径中位 2.22 km；出勤 周一38/周二24/周三31/周四27/周五28；周六、周日 没跑。 ① 区块开工：2 块里他开工了 1 块；② 区块内执行率中位 28%（最弱一块 0%）；③ 区块星期一致 100%。 参考：覆盖 56%、同日 42%、相位 50%、量比 0.78。 结论：**有区块整块没开工**（1 块），先问为什么不去，而不是谈执行率。 最冷的区块（计划内执行率最低）：区块×189店 仅执行 56%。"
NP9902504,北京市,房山区×241,200,241,182,172,0.785,0.913,0.765,0.651,0.715,0.76,43,15,"[167, 7, 7, 4, 4]","[{'块': '块1', '中心': '39.713,116.078', '计划店': 167, '跑到的计划店': 135, '执行率': 0.808, '计划星期': '周三', '实际主力星期': '周五'}, {'块': '块2', '中心': '39.590,115.910', '计划店': 7, '跑到的计划店': 1, '执行率': 0.143, '计划星期': '周一', '实际主力星期': '周一'}, {'块': '块3', '中心': '39.769,116.035', '计划店': 7, '跑到的计划店': 6, '执行率': 0.857, '计划星期': '周五', '实际主力星期': '周五'}, {'块': '块4', '中心': '39.634,115.600', '计划店': 4, '跑到的计划店': 3, '执行率': 0.75, '计划星期': '周一', '实际主力星期': '周一'}, {'块': '块5', '中心': '39.704,116.214', '计划店': 4, '跑到的计划店': 3, '执行率': 0.75, '计划星期': '周四', '实际主力星期': '周四'}, {'块': '块6', '中心': '39.606,116.040', '计划店': 2, '跑到的计划店': 2, '执行率': 1.0, '计划星期': '周一', '实际主力星期': '周四'}, {'块': '块7', '中心': '39.626,116.103', '计划店': 1, '跑到的计划店': 1, '执行率': 1.0, '计划星期': '周二', '实际主力星期': '周二'}, {'块': '块8', '中心': '39.594,116.161', '计划店': 1, '跑到的计划店': 1, '执行率': 1.0, '计划星期': '周四', '实际主力星期': '周四'}, {'块': '块9', '中心': '39.798,115.980', '计划店': 1, '跑到的计划店': 1, '执行率': 1.0, '计划星期': '周五', '实际主力星期': '周五'}, {'块': '块10', '中心': '39.662,115.889', '计划店': 1, '跑到的计划店': 1, '执行率': 1.0, '计划星期': '周一', '实际主力星期': '周一'}, {'块': '块11', '中心': '39.568,115.734', '计划店': 1, '跑到的计划店': 0, '执行率': 0.0, '计划星期': '周一', '实际主力星期': '未开工'}, {'块': '块12', '中心': '39.542,115.790', '计划店': 1, '跑到的计划店': 1, '执行率': 1.0, '计划星期': '周一', '实际主力星期': '周一'}, {'块': '块13', '中心': '39.817,115.959', '计划店': 1, '跑到的计划店': 1, '执行率': 1.0, '计划星期': '周五', '实际主力星期': '周五'}, {'块': '块14', '中心': '39.734,116.226', '计划店': 1, '跑到的计划店': 0, '执行率': 0.0, '计划星期': '周四', '实际主力星期': '未开工'}, {'块': '块15', '中心': '39.811,116.215', '计划店': 1, '跑到的计划店': 1, '执行率': 1.0, '计划星期': '周四', '实际主力星期': '周四'}]",13,0.867,1.0,0.0,1.0,区块×7店 仅执行 14%,54.6,30.6,134.0,19,10,9.6,"[27, 34, 38, 40, 43, 0, 0]",4.7,1.0,162,10,区块缺了没开,北京市（房山区×241）：计划 200 店 / 241 次，分成 15 个区块（最大区块 167 店）。 地盘东西 54.6 × 南北 30.6 km；区块内店距中位 134 m。 节奏：19 个工作日、平均每天 9.6 家店、一天 1.0 个区块、当天作业半径中位 4.7 km；出勤 周一27/周二34/周三38/周四40/周五43；周六、周日 没跑。 ① 区块开工：15 块里他开工了 13 块；② 区块内执行率中位 100%（最弱一块 0%）；③ 区块星期一致 100%。 参考：覆盖 78%、同日 65%、相位 72%、量比 0.76。 结论：**有 2 个区块整块没开工**，但他开的那几块做得很好（执行率与星期都守）——先问为什么不去那几块。 最冷的区块（计划内执行率最低）：区块×7店 仅执行 14%。
NP9902535,洛阳市,"洛龙区×198, 偃师区×35",204,233,267,222,0.529,0.486,0.211,0.159,0.363,1.15,96,4,"[135, 32, 25, 12]","[{'块': '块1', '中心': '34.616,112.469', '计划店': 135, '跑到的计划店': 86, '执行率': 0.637, '计划星期': '周一', '实际主力星期': '周一'}, {'块': '块2', '中心': '34.720,112.768', '计划店': 32, '跑到的计划店': 5, '执行率': 0.156, '计划星期': '周三', '实际主力星期': '周四'}, {'块': '块3', '中心': '34.625,112.580', '计划店': 25, '跑到的计划店': 9, '执行率': 0.36, '计划星期': '周四', '实际主力星期': '周一'}, {'块': '块4', '中心': '34.584,112.530', '计划店': 12, '跑到的计划店': 8, '执行率': 0.667, '计划星期': '周四', '实际主力星期': '周二'}]",4,1.0,0.499,0.156,0.25,区块×32店 仅执行 16%; 区块×25店 仅执行 36%,33.1,21.0,81.0,24,5,11.1,"[61, 48, 51, 44, 42, 18, 3]",2.47,1.0,183,39,区块全开·店和星期都有欠,"洛阳市（洛龙区×198, 偃师区×35）：计划 204 店 / 233 次，分成 4 个区块（最大区块 135 店）。 地盘东西 33.1 × 南北 21.0 km；区块内店距中位 81 m。 节奏：24 个工作日、平均每天 11.1 家店、一天 1.0 个区块、当天作业半径中位 2.47 km；出勤 周一61/周二48/周三51/周四44/周五42/周六18/周日3。 ① 区块开工：4 块里他开工了 4 块；② 区块内执行率中位 50%（最弱一块 16%）；③ 区块星期一致 25%。 参考：覆盖 53%、同日 16%、相位 36%、量比 1.15。 结论：区块开了，但店没做全、星期也没守——属于执行力不足，要具体看到底缺在哪块。 最冷的区块（计划内执行率最低）：区块×32店 仅执行 16%; 区块×25店 仅执行 36%。"
NP9902541,廊坊市,"广阳区×150, 三河市×35",201,201,130,124,0.547,0.887,0.502,0.502,0.547,0.65,91,4,"[166, 33, 1, 1]","[{'块': '块1', '中心': '39.538,116.723', '计划店': 166, '跑到的计划店': 110, '执行率': 0.663, '计划星期': '周五', '实际主力星期': '周五'}, {'块': '块2', '中心': '39.958,116.824', '计划店': 33, '跑到的计划店': 0, '执行率': 0.0, '计划星期': '周一', '实际主力星期': '未开工'}, {'块': '块3', '中心': '39.455,116.720', '计划店': 1, '跑到的计划店': 0, '执行率': 0.0, '计划星期': '周四', '实际主力星期': '未开工'}, {'块': '块4', '中心': '39.986,117.067', '计划店': 1, '跑到的计划店': 0, '执行率': 0.0, '计划星期': '周四', '实际主力星期': '未开工'}]",1,0.25,0.0,0.0,1.0,,31.7,58.9,63.0,12,10,10.8,"[8, 23, 29, 23, 47, 0, 0]",1.53,1.0,118,6,区块大面积没开工,"廊坊市（广阳区×150, 三河市×35）：计划 201 店 / 201 次，分成 4 个区块（最大区块 166 店）。 地盘东西 31.7 × 南北 58.9 km；区块内店距中位 63 m。 节奏：12 个工作日、平均每天 10.8 家店、一天 1.0 个区块、当天作业半径中位 1.53 km；出勤 周一8/周二23/周三29/周四23/周五47；周六、周日 没跑。 ① 区块开工：4 块里他开工了 1 块；② 区块内执行率中位 0%（最弱一块 0%）；③ 区块星期一致 100%。 参考：覆盖 55%、同日 50%、相位 55%、量比 0.65。 结论：**有区块整块没开工**（3 块），先问为什么不去，而不是谈执行率。"
NP9902598,西宁市,城西区×3,3,3,49,48,1.0,0.062,1.0,1.0,1.0,16.33,0,1,[3],"[{'块': '块1', '中心': '36.645,101.721', '计划店': 3, '跑到的计划店': 3, '执行率': 1.0, '计划星期': '周五', '实际主力星期': '周五'}]",1,1.0,1.0,1.0,1.0,,0.1,0.3,42.0,1,3,49.0,"[11, 12, 0, 13, 13, 0, 0]",0.19,1.0,47,1,区块全开·星期照做,西宁市（城西区×3）：计划 3 店 / 3 次，分成 1 个区块（最大区块 3 店）。 地盘东西 0.1 × 南北 0.3 km；区块内店距中位 42 m。 节奏：1 个工作日、平均每天 49.0 家店、一天 1.0 个区块、当天作业半径中位 0.19 km；出勤 周一11/周二12/周四13/周五13；周三、周六、周日 没跑。 ① 区块开工：1 块里他开工了 1 块；② 区块内执行率中位 100%（最弱一块 100%）；③ 区块星期一致 100%。 参考：覆盖 100%、同日 100%、相位 100%、量比 16.33。 结论：**计划怎么划他就怎么做**——区块全开工、区块内做全、星期按计划。
NP9902616,绵阳市,涪城区×111,111,111,209,192,1.0,0.578,1.0,1.0,1.0,1.88,0,1,[111],"[{'块': '块1', '中心': '31.464,104.687', '计划店': 111, '跑到的计划店': 111, '执行率': 1.0, '计划星期': '周二', '实际主力星期': '周二'}]",1,1.0,1.0,1.0,1.0,,10.8,5.6,84.0,17,8,12.3,"[43, 41, 39, 36, 37, 13, 0]",0.82,1.0,175,17,区块全开·星期照做,绵阳市（涪城区×111）：计划 111 店 / 111 次，分成 1 个区块（最大区块 111 店）。 地盘东西 10.8 × 南北 5.6 km；区块内店距中位 84 m。 节奏：17 个工作日、平均每天 12.3 家店、一天 1.0 个区块、当天作业半径中位 0.82 km；出勤 周一43/周二41/周三39/周四36/周五37/周六13；周日 没跑。 ① 区块开工：1 块里他开工了 1 块；② 区块内执行率中位 100%（最弱一块 100%）；③ 区块星期一致 100%。 参考：覆盖 100%、同日 100%、相位 100%、量比 1.88。 结论：**计划怎么划他就怎么做**——区块全开工、区块内做全、星期按计划。
NP9902639,长春市,"朝阳区×155, 南关区×46",230,247,147,144,0.504,0.806,0.078,0.028,0.291,0.6,114,5,"[185, 32, 11, 1, 1]","[{'块': '块1', '中心': '43.826,125.274', '计划店': 185, '跑到的计划店': 84, '执行率': 0.454, '计划星期': '周五', '实际主力星期': '周一'}, {'块': '块2', '中心': '43.903,125.325', '计划店': 32, '跑到的计划店': 22, '执行率': 0.688, '计划星期': '周一', '实际主力星期': '周四'}, {'块': '块3', '中心': '44.146,125.838', '计划店': 11, '跑到的计划店': 10, '执行率': 0.909, '计划星期': '周一', '实际主力星期': '周三'}, {'块': '块4', '中心': '43.867,125.218', '计划店': 1, '跑到的计划店': 0, '执行率': 0.0, '计划星期': '周二', '实际主力星期': '未开工'}, {'块': '块5', '中心': '43.941,125.293', '计划店': 1, '跑到的计划店': 0, '执行率': 0.0, '计划星期': '周一', '实际主力星期': '未开工'}]",3,0.6,0.454,0.0,0.333,区块×185店 仅执行 45%,50.2,42.8,86.0,15,8,9.8,"[37, 14, 23, 29, 36, 8, 0]",2.58,1.0,141,3,区块缺了没开,"长春市（朝阳区×155, 南关区×46）：计划 230 店 / 247 次，分成 5 个区块（最大区块 185 店）。 地盘东西 50.2 × 南北 42.8 km；区块内店距中位 86 m。 节奏：15 个工作日、平均每天 9.8 家店、一天 1.0 个区块、当天作业半径中位 2.58 km；出勤 周一37/周二14/周三23/周四29/周五36/周六8；周日 没跑。 ① 区块开工：5 块里他开工了 3 块；② 区块内执行率中位 45%（最弱一块 0%）；③ 区块星期一致 33%。 参考：覆盖 50%、同日 3%、相位 29%、量比 0.6。 结论：**有 2 个区块整块没开工**，但他开的那几块做得很好（执行率与星期都守）——先问为什么不去那几块。 最冷的区块（计划内执行率最低）：区块×185店 仅执行 45%。"
NP9902676,漳州市,"漳浦县×76, 云霄县×72",217,236,220,195,0.806,0.897,0.734,0.64,0.714,0.93,42,4,"[69, 61, 57, 30]","[{'块': '块1', '中心': '24.119,117.620', '计划店': 69, '跑到的计划店': 41, '执行率': 0.594, '计划星期': '周四', '实际主力星期': '周四'}, {'块': '块2', '中心': '23.716,117.476', '计划店': 61, '跑到的计划店': 58, '执行率': 0.951, '计划星期': '周一', '实际主力星期': '周一'}, {'块': '块3', '中心': '23.954,117.334', '计划店': 57, '跑到的计划店': 54, '执行率': 0.947, '计划星期': '周三', '实际主力星期': '周二'}, {'块': '块4', '中心': '23.714,117.175', '计划店': 30, '跑到的计划店': 22, '执行率': 0.733, '计划星期': '周二', '实际主力星期': '周二'}]",4,1.0,0.84,0.594,1.0,区块×69店 仅执行 59%,48.5,50.1,147.0,19,11,11.6,"[43, 48, 47, 35, 47, 0, 0]",1.81,1.0,170,25,区块全开·区块内欠访,"漳州市（漳浦县×76, 云霄县×72）：计划 217 店 / 236 次，分成 4 个区块（最大区块 69 店）。 地盘东西 48.5 × 南北 50.1 km；区块内店距中位 147 m。 节奏：19 个工作日、平均每天 11.6 家店、一天 1.0 个区块、当天作业半径中位 1.81 km；出勤 周一43/周二48/周三47/周四35/周五47；周六、周日 没跑。 ① 区块开工：4 块里他开工了 4 块；② 区块内执行率中位 84%（最弱一块 59%）；③ 区块星期一致 100%。 参考：覆盖 81%、同日 64%、相位 71%、量比 0.93。 结论：区块都开了、星期也守，但**区块内没做全**（存在欠访）。 最冷的区块（计划内执行率最低）：区块×69店 仅执行 59%。"
NP9902730,中山市,中山市×202,190,202,254,226,0.889,0.748,0.88,0.871,0.884,1.26,21,4,"[130, 58, 1, 1]","[{'块': '块1', '中心': '22.703,113.355', '计划店': 130, '跑到的计划店': 110, '执行率': 0.846, '计划星期': '周四', '实际主力星期': '周四'}, {'块': '块2', '中心': '22.655,113.483', '计划店': 58, '跑到的计划店': 57, '执行率': 0.983, '计划星期': '周三', '实际主力星期': '周三'}, {'块': '块3', '中心': '22.763,113.358', '计划店': 1, '跑到的计划店': 1, '执行率': 1.0, '计划星期': '周四', '实际主力星期': '周四'}, {'块': '块4', '中心': '22.722,113.419', '计划店': 1, '跑到的计划店': 1, '执行率': 1.0, '计划星期': '周一', '实际主力星期': '周一'}]",4,1.0,0.991,0.846,1.0,,25.2,19.0,86.0,17,12,14.9,"[63, 56, 56, 42, 37, 0, 0]",2.92,1.0,198,28,区块全开·星期照做,中山市（中山市×202）：计划 190 店 / 202 次，分成 4 个区块（最大区块 130 店）。 地盘东西 25.2 × 南北 19.0 km；区块内店距中位 86 m。 节奏：17 个工作日、平均每天 14.9 家店、一天 1.0 个区块、当天作业半径中位 2.92 km；出勤 周一63/周二56/周三56/周四42/周五37；周六、周日 没跑。 ① 区块开工：4 块里他开工了 4 块；② 区块内执行率中位 99%（最弱一块 85%）；③ 区块星期一致 100%。 参考：覆盖 89%、同日 87%、相位 88%、量比 1.26。 结论：**计划怎么划他就怎么做**——区块全开工、区块内做全、星期按计划。
NP9902802,漳州市,"芗城区×114, 龙海区×83",168,207,218,205,0.601,0.493,0.472,0.464,0.542,1.05,67,7,"[104, 47, 9, 5, 1]","[{'块': '块1', '中心': '24.517,117.663', '计划店': 104, '跑到的计划店': 62, '执行率': 0.596, '计划星期': '周四', '实际主力星期': '周三'}, {'块': '块2', '中心': '24.443,117.820', '计划店': 47, '跑到的计划店': 38, '执行率': 0.809, '计划星期': '周一', '实际主力星期': '周一'}, {'块': '块3', '中心': '24.367,117.916', '计划店': 9, '跑到的计划店': 0, '执行率': 0.0, '计划星期': '周一', '实际主力星期': '未开工'}, {'块': '块4', '中心': '24.502,117.774', '计划店': 5, '跑到的计划店': 0, '执行率': 0.0, '计划星期': '周五', '实际主力星期': '未开工'}, {'块': '块5', '中心': '24.470,117.700', '计划店': 1, '跑到的计划店': 1, '执行率': 1.0, '计划星期': '周五', '实际主力星期': '周五'}, {'块': '块6', '中心': '24.477,117.612', '计划店': 1, '跑到的计划店': 0, '执行率': 0.0, '计划星期': '周三', '实际主力星期': '未开工'}, {'块': '块7', '中心': '24.617,117.752', '计划店': 1, '跑到的计划店': 0, '执行率': 0.0, '计划星期': '周四', '实际主力星期': '未开工'}]",3,0.429,0.0,0.0,1.0,区块×104店 仅执行 60%,32.4,28.7,103.0,17,8,12.8,"[48, 39, 50, 37, 44, 0, 0]",1.21,1.0,192,13,区块大面积没开工,"漳州市（芗城区×114, 龙海区×83）：计划 168 店 / 207 次，分成 7 个区块（最大区块 104 店）。 地盘东西 32.4 × 南北 28.7 km；区块内店距中位 103 m。 节奏：17 个工作日、平均每天 12.8 家店、一天 1.0 个区块、当天作业半径中位 1.21 km；出勤 周一48/周二39/周三50/周四37/周五44；周六、周日 没跑。 ① 区块开工：7 块里他开工了 3 块；② 区块内执行率中位 0%（最弱一块 0%）；③ 区块星期一致 100%。 参考：覆盖 60%、同日 46%、相位 54%、量比 1.05。 结论：**有区块整块没开工**（4 块），先问为什么不去，而不是谈执行率。 最冷的区块（计划内执行率最低）：区块×104店 仅执行 60%。"
NP9902842,商丘市,"睢阳区×101, 柘城县×12",85,113,199,159,0.847,0.453,0.57,0.531,0.718,1.76,13,3,"[74, 10, 1]","[{'块': '块1', '中心': '34.388,115.659', '计划店': 74, '跑到的计划店': 63, '执行率': 0.851, '计划星期': '周二', '实际主力星期': '周五'}, {'块': '块2', '中心': '34.093,115.316', '计划店': 10, '跑到的计划店': 8, '执行率': 0.8, '计划星期': '周一', '实际主力星期': '周四'}, {'块': '块3', '中心': '34.356,115.581', '计划店': 1, '跑到的计划店': 1, '执行率': 1.0, '计划星期': '周三', '实际主力星期': '周三'}]",3,1.0,0.851,0.8,0.667,,35.3,37.0,141.0,19,5,10.5,"[29, 45, 45, 36, 44, 0, 0]",2.01,1.0,122,37,区块全开·星期自己定,"商丘市（睢阳区×101, 柘城县×12）：计划 85 店 / 113 次，分成 3 个区块（最大区块 74 店）。 地盘东西 35.3 × 南北 37.0 km；区块内店距中位 141 m。 节奏：19 个工作日、平均每天 10.5 家店、一天 1.0 个区块、当天作业半径中位 2.01 km；出勤 周一29/周二45/周三45/周四36/周五44；周六、周日 没跑。 ① 区块开工：3 块里他开工了 3 块；② 区块内执行率中位 85%（最弱一块 80%）；③ 区块星期一致 67%。 参考：覆盖 85%、同日 53%、相位 72%、量比 1.76。 结论：区块都开了但**星期由他自己排**，周内顺序不跟计划。"
NP9902843,包头市,"东河区×241, 石拐区×4",201,246,177,161,0.687,0.857,0.547,0.467,0.632,0.72,63,2,"[197, 4]","[{'块': '块1', '中心': '40.583,110.033', '计划店': 197, '跑到的计划店': 135, '执行率': 0.685, '计划星期': '周一', '实际主力星期': '周三'}, {'块': '块2', '中心': '40.678,110.064', '计划店': 4, '跑到的计划店': 3, '执行率': 0.75, '计划星期': '周四', '实际主力星期': '周五'}]",2,1.0,0.718,0.685,0.5,,8.2,13.6,48.0,20,8,8.8,"[42, 30, 42, 26, 31, 6, 0]",1.52,1.0,145,16,区块全开·店和星期都有欠,"包头市（东河区×241, 石拐区×4）：计划 201 店 / 246 次，分成 2 个区块（最大区块 197 店）。 地盘东西 8.2 × 南北 13.6 km；区块内店距中位 48 m。 节奏：20 个工作日、平均每天 8.8 家店、一天 1.0 个区块、当天作业半径中位 1.52 km；出勤 周一42/周二30/周三42/周四26/周五31/周六6；周日 没跑。 ① 区块开工：2 块里他开工了 2 块；② 区块内执行率中位 72%（最弱一块 68%）；③ 区块星期一致 50%。 参考：覆盖 69%、同日 47%、相位 63%、量比 0.72。 结论：区块开了，但店没做全、星期也没守——属于执行力不足，要具体看到底缺在哪块。"
NP9902851,福州市,"鼓楼区×258, 晋安区×3",242,261,265,238,0.95,0.966,0.93,0.935,0.95,1.02,12,1,[242],"[{'块': '块1', '中心': '26.090,119.296', '计划店': 242, '跑到的计划店': 230, '执行率': 0.95, '计划星期': '周一', '实际主力星期': '周一'}]",1,1.0,0.95,0.95,1.0,,7.3,5.3,64.0,21,12,12.6,"[60, 51, 54, 50, 50, 0, 0]",1.15,1.0,211,27,区块全开·星期照做,"福州市（鼓楼区×258, 晋安区×3）：计划 242 店 / 261 次，分成 1 个区块（最大区块 242 店）。 地盘东西 7.3 × 南北 5.3 km；区块内店距中位 64 m。 节奏：21 个工作日、平均每天 12.6 家店、一天 1.0 个区块、当天作业半径中位 1.15 km；出勤 周一60/周二51/周三54/周四50/周五50；周六、周日 没跑。 ① 区块开工：1 块里他开工了 1 块；② 区块内执行率中位 95%（最弱一块 95%）；③ 区块星期一致 100%。 参考：覆盖 95%、同日 94%、相位 95%、量比 1.02。 结论：**计划怎么划他就怎么做**——区块全开工、区块内做全、星期按计划。"
NP9902885,济南市,"天桥区×176, 槐荫区×37",186,221,255,206,0.715,0.646,0.608,0.511,0.591,1.15,53,6,"[170, 9, 3, 2, 1]","[{'块': '块1', '中心': '36.694,116.976', '计划店': 170, '跑到的计划店': 121, '执行率': 0.712, '计划星期': '周二', '实际主力星期': '周一'}, {'块': '块2', '中心': '36.785,116.919', '计划店': 9, '跑到的计划店': 7, '执行率': 0.778, '计划星期': '周三', '实际主力星期': '周三'}, {'块': '块3', '中心': '36.611,116.953', '计划店': 3, '跑到的计划店': 1, '执行率': 0.333, '计划星期': '周二', '实际主力星期': '周二'}, {'块': '块4', '中心': '36.648,117.046', '计划店': 2, '跑到的计划店': 2, '执行率': 1.0, '计划星期': '周一', '实际主力星期': '周一'}, {'块': '块5', '中心': '36.672,117.073', '计划店': 1, '跑到的计划店': 1, '执行率': 1.0, '计划星期': '周一', '实际主力星期': '周一'}, {'块': '块6', '中心': '36.701,117.054', '计划店': 1, '跑到的计划店': 1, '执行率': 1.0, '计划星期': '周一', '实际主力星期': '周一'}]",6,1.0,0.889,0.333,1.0,区块×3店 仅执行 33%,16.9,20.2,209.0,25,6,10.2,"[57, 30, 47, 52, 42, 17, 10]",4.48,1.0,164,42,区块全开·星期照做,"济南市（天桥区×176, 槐荫区×37）：计划 186 店 / 221 次，分成 6 个区块（最大区块 170 店）。 地盘东西 16.9 × 南北 20.2 km；区块内店距中位 209 m。 节奏：25 个工作日、平均每天 10.2 家店、一天 1.0 个区块、当天作业半径中位 4.48 km；出勤 周一57/周二30/周三47/周四52/周五42/周六17/周日10。 ① 区块开工：6 块里他开工了 6 块；② 区块内执行率中位 89%（最弱一块 33%）；③ 区块星期一致 100%。 参考：覆盖 72%、同日 51%、相位 59%、量比 1.15。 结论：**计划怎么划他就怎么做**——区块全开工、区块内做全、星期按计划。 最冷的区块（计划内执行率最低）：区块×3店 仅执行 33%。"
NP9902897,潍坊市,"坊子区×144, 奎文区×1",133,145,197,170,0.617,0.482,0.263,0.076,0.368,1.36,51,11,"[74, 17, 15, 6, 6]","[{'块': '块1', '中心': '36.631,119.163', '计划店': 74, '跑到的计划店': 40, '执行率': 0.541, '计划星期': '周一', '实际主力星期': '周三'}, {'块': '块2', '中心': '36.688,119.355', '计划店': 17, '跑到的计划店': 14, '执行率': 0.824, '计划星期': '周三', '实际主力星期': '周五'}, {'块': '块3', '中心': '36.520,119.420', '计划店': 15, '跑到的计划店': 11, '执行率': 0.733, '计划星期': '周四', '实际主力星期': '周四'}, {'块': '块4', '中心': '36.574,119.408', '计划店': 6, '跑到的计划店': 2, '执行率': 0.333, '计划星期': '周四', '实际主力星期': '周四'}, {'块': '块5', '中心': '36.466,119.411', '计划店': 6, '跑到的计划店': 6, '执行率': 1.0, '计划星期': '周四', '实际主力星期': '周四'}, {'块': '块6', '中心': '36.599,119.307', '计划店': 4, '跑到的计划店': 3, '执行率': 0.75, '计划星期': '周三', '实际主力星期': '周三'}, {'块': '块7', '中心': '36.567,119.356', '计划店': 4, '跑到的计划店': 1, '执行率': 0.25, '计划星期': '周三', '实际主力星期': '周三'}, {'块': '块8', '中心': '36.475,119.374', '计划店': 2, '跑到的计划店': 1, '执行率': 0.5, '计划星期': '周五', '实际主力星期': '周四'}, {'块': '块9', '中心': '36.652,119.300', '计划店': 2, '跑到的计划店': 2, '执行率': 1.0, '计划星期': '周三', '实际主力星期': '周二'}, {'块': '块10', '中心': '36.587,119.227', '计划店': 2, '跑到的计划店': 2, '执行率': 1.0, '计划星期': '周五', '实际主力星期': '周四'}, {'块': '块11', '中心': '36.610,119.339', '计划店': 1, '跑到的计划店': 0, '执行率': 0.0, '计划星期': '周三', '实际主力星期': '未开工'}]",10,0.909,0.733,0.0,0.7,区块×4店 仅执行 25%; 区块×6店 仅执行 33%; 区块×2店 仅执行 50%,29.0,30.6,181.0,18,5,10.9,"[23, 46, 35, 45, 44, 4, 0]",6.23,2.0,145,25,区块全开·店和星期都有欠,"潍坊市（坊子区×144, 奎文区×1）：计划 133 店 / 145 次，分成 11 个区块（最大区块 74 店）。 地盘东西 29.0 × 南北 30.6 km；区块内店距中位 181 m。 节奏：18 个工作日、平均每天 10.9 家店、一天 2.0 个区块、当天作业半径中位 6.23 km；出勤 周一23/周二46/周三35/周四45/周五44/周六4；周日 没跑。 ① 区块开工：11 块里他开工了 10 块；② 区块内执行率中位 73%（最弱一块 0%）；③ 区块星期一致 70%。 参考：覆盖 62%、同日 8%、相位 37%、量比 1.36。 结论：区块开了，但店没做全、星期也没守——属于执行力不足，要具体看到底缺在哪块。 最冷的区块（计划内执行率最低）：区块×4店 仅执行 25%; 区块×6店 仅执行 33%; 区块×2店 仅执行 50%。"
NP9902925,哈尔滨市,"松北区×138, 呼兰区×116",248,254,243,230,0.883,0.952,0.879,0.882,0.879,0.96,29,5,"[109, 102, 25, 11, 1]","[{'块': '块1', '中心': '45.815,126.535', '计划店': 109, '跑到的计划店': 83, '执行率': 0.761, '计划星期': '周一', '实际主力星期': '周三'}, {'块': '块2', '中心': '45.881,126.556', '计划店': 102, '跑到的计划店': 100, '执行率': 0.98, '计划星期': '周二', '实际主力星期': '周二'}, {'块': '块3', '中心': '45.980,126.602', '计划店': 25, '跑到的计划店': 24, '执行率': 0.96, '计划星期': '周五', '实际主力星期': '周五'}, {'块': '块4', '中心': '45.822,126.651', '计划店': 11, '跑到的计划店': 11, '执行率': 1.0, '计划星期': '周五', '实际主力星期': '周五'}, {'块': '块5', '中心': '45.923,126.578', '计划店': 1, '跑到的计划店': 1, '执行率': 1.0, '计划星期': '周五', '实际主力星期': '周五'}]",5,1.0,0.98,0.761,1.0,,14.9,22.0,62.0,19,12,12.8,"[40, 48, 56, 48, 51, 0, 0]",1.62,1.0,218,12,区块全开·星期照做,"哈尔滨市（松北区×138, 呼兰区×116）：计划 248 店 / 254 次，分成 5 个区块（最大区块 109 店）。 地盘东西 14.9 × 南北 22.0 km；区块内店距中位 62 m。 节奏：19 个工作日、平均每天 12.8 家店、一天 1.0 个区块、当天作业半径中位 1.62 km；出勤 周一40/周二48/周三56/周四48/周五51；周六、周日 没跑。 ① 区块开工：5 块里他开工了 5 块；② 区块内执行率中位 98%（最弱一块 76%）；③ 区块星期一致 100%。 参考：覆盖 88%、同日 88%、相位 88%、量比 0.96。 结论：**计划怎么划他就怎么做**——区块全开工、区块内做全、星期按计划。"
NP9902930,天津市,"河北区×142, 红桥区×83",211,229,209,195,0.72,0.779,0.687,0.651,0.701,0.91,59,2,"[210, 1]","[{'块': '块1', '中心': '39.161,117.189', '计划店': 210, '跑到的计划店': 151, '执行率': 0.719, '计划星期': '周一', '实际主力星期': '周一'}, {'块': '块2', '中心': '110.000,110.000', '计划店': 1, '跑到的计划店': 1, '执行率': 1.0, '计划星期': '周四', '实际主力星期': '周四'}]",2,1.0,0.86,0.719,1.0,,620.8,7866.2,79.0,20,8,10.4,"[52, 39, 34, 44, 40, 0, 0]",1.44,1.0,185,10,区块全开·星期照做,"天津市（河北区×142, 红桥区×83）：计划 211 店 / 229 次，分成 2 个区块（最大区块 210 店）。 地盘东西 620.8 × 南北 7866.2 km；区块内店距中位 79 m。 节奏：20 个工作日、平均每天 10.4 家店、一天 1.0 个区块、当天作业半径中位 1.44 km；出勤 周一52/周二39/周三34/周四44/周五40；周六、周日 没跑。 ① 区块开工：2 块里他开工了 2 块；② 区块内执行率中位 86%（最弱一块 72%）；③ 区块星期一致 100%。 参考：覆盖 72%、同日 65%、相位 70%、量比 0.91。 结论：**计划怎么划他就怎么做**——区块全开工、区块内做全、星期按计划。"
NP9902950,130500,"130503×33, 130528×12",60,60,158,150,0.2,0.08,0.117,0.117,0.15,2.63,48,5,"[36, 11, 9, 3, 1]","[{'块': '块1', '中心': '37.079,114.478', '计划店': 36, '跑到的计划店': 12, '执行率': 0.333, '计划星期': '周二', '实际主力星期': '周三'}, {'块': '块2', '中心': '37.625,114.928', '计划店': 11, '跑到的计划店': 0, '执行率': 0.0, '计划星期': '周一', '实际主力星期': '未开工'}, {'块': '块3', '中心': '37.063,115.033', '计划店': 9, '跑到的计划店': 0, '执行率': 0.0, '计划星期': '周四', '实际主力星期': '未开工'}, {'块': '块4', '中心': '37.225,115.046', '计划店': 3, '跑到的计划店': 0, '执行率': 0.0, '计划星期': '周四', '实际主力星期': '未开工'}, {'块': '块5', '中心': '37.612,115.121', '计划店': 1, '跑到的计划店': 0, '执行率': 0.0, '计划星期': '周一', '实际主力星期': '未开工'}]",1,0.2,0.0,0.0,0.0,区块×36店 仅执行 33%,57.8,65.0,140.0,4,3,39.5,"[50, 21, 29, 19, 37, 1, 1]",0.82,1.0,142,8,计划与实际几乎不相交,"130500（130503×33, 130528×12）：计划 60 店 / 60 次，分成 5 个区块（最大区块 36 店）。 地盘东西 57.8 × 南北 65.0 km；区块内店距中位 140 m。 节奏：4 个工作日、平均每天 39.5 家店、一天 1.0 个区块、当天作业半径中位 0.82 km；出勤 周一50/周二21/周三29/周四19/周五37/周六1/周日1。 ① 区块开工：5 块里他开工了 1 块；② 区块内执行率中位 0%（最弱一块 0%）；③ 区块星期一致 0%。 参考：覆盖 20%、同日 12%、相位 15%、量比 2.63。 结论：计划与实际几乎不相交——先查这块地盘是不是搞错了（管辖/门店清单），再谈行为。 最冷的区块（计划内执行率最低）：区块×36店 仅执行 33%。"
NP9902951,珠海市,"金湾区×198, 斗门区×33",213,231,230,215,0.934,0.926,0.901,0.883,0.925,1.0,14,5,"[168, 32, 11, 1, 1]","[{'块': '块1', '中心': '22.095,113.355', '计划店': 168, '跑到的计划店': 154, '执行率': 0.917, '计划星期': '周一', '实际主力星期': '周五'}, {'块': '块2', '中心': '22.098,113.183', '计划店': 32, '跑到的计划店': 32, '执行率': 1.0, '计划星期': '周三', '实际主力星期': '周三'}, {'块': '块3', '中心': '22.005,113.201', '计划店': 11, '跑到的计划店': 11, '执行率': 1.0, '计划星期': '周三', '实际主力星期': '周三'}, {'块': '块4', '中心': '21.975,113.209', '计划店': 1, '跑到的计划店': 1, '执行率': 1.0, '计划星期': '周三', '实际主力星期': '周三'}, {'块': '块5', '中心': '22.029,113.238', '计划店': 1, '跑到的计划店': 1, '执行率': 1.0, '计划星期': '周五', '实际主力星期': '周五'}]",5,1.0,1.0,0.917,1.0,,24.0,23.2,54.0,19,12,12.1,"[37, 49, 52, 39, 53, 0, 0]",3.19,1.0,201,14,区块全开·星期照做,"珠海市（金湾区×198, 斗门区×33）：计划 213 店 / 231 次，分成 5 个区块（最大区块 168 店）。 地盘东西 24.0 × 南北 23.2 km；区块内店距中位 54 m。 节奏：19 个工作日、平均每天 12.1 家店、一天 1.0 个区块、当天作业半径中位 3.19 km；出勤 周一37/周二49/周三52/周四39/周五53；周六、周日 没跑。 ① 区块开工：5 块里他开工了 5 块；② 区块内执行率中位 100%（最弱一块 92%）；③ 区块星期一致 100%。 参考：覆盖 93%、同日 88%、相位 92%、量比 1.0。 结论：**计划怎么划他就怎么做**——区块全开工、区块内做全、星期按计划。"
NP9902957,吉林市,"丰满区×143, 昌邑区×43",219,221,204,198,0.626,0.692,0.357,0.303,0.47,0.92,82,5,"[178, 33, 4, 3, 1]","[{'块': '块1', '中心': '43.825,126.572', '计划店': 178, '跑到的计划店': 105, '执行率': 0.59, '计划星期': '周五', '实际主力星期': '周二'}, {'块': '块2', '中心': '43.724,127.339', '计划店': 33, '跑到的计划店': 32, '执行率': 0.97, '计划星期': '周二', '实际主力星期': '周五'}, {'块': '块3', '中心': '43.733,126.795', '计划店': 4, '跑到的计划店': 0, '执行率': 0.0, '计划星期': '周二', '实际主力星期': '未开工'}, {'块': '块4', '中心': '43.739,126.680', '计划店': 3, '跑到的计划店': 0, '执行率': 0.0, '计划星期': '周二', '实际主力星期': '未开工'}, {'块': '块5', '中心': '43.742,127.083', '计划店': 1, '跑到的计划店': 0, '执行率': 0.0, '计划星期': '周一', '实际主力星期': '未开工'}]",2,0.4,0.0,0.0,0.5,区块×178店 仅执行 59%,64.3,17.1,41.0,19,7,10.7,"[36, 37, 38, 49, 44, 0, 0]",1.25,1.0,192,6,区块大面积没开工,"吉林市（丰满区×143, 昌邑区×43）：计划 219 店 / 221 次，分成 5 个区块（最大区块 178 店）。 地盘东西 64.3 × 南北 17.1 km；区块内店距中位 41 m。 节奏：19 个工作日、平均每天 10.7 家店、一天 1.0 个区块、当天作业半径中位 1.25 km；出勤 周一36/周二37/周三38/周四49/周五44；周六、周日 没跑。 ① 区块开工：5 块里他开工了 2 块；② 区块内执行率中位 0%（最弱一块 0%）；③ 区块星期一致 50%。 参考：覆盖 63%、同日 30%、相位 47%、量比 0.92。 结论：**有区块整块没开工**（3 块），先问为什么不去，而不是谈执行率。 最冷的区块（计划内执行率最低）：区块×178店 仅执行 59%。"
NP9902999,中山市,中山市×252,227,252,234,209,0.841,0.914,0.837,0.845,0.833,0.93,36,2,"[223, 4]","[{'块': '块1', '中心': '22.298,113.462', '计划店': 223, '跑到的计划店': 187, '执行率': 0.839, '计划星期': '周一', '实际主力星期': '周四'}, {'块': '块2', '中心': '22.270,113.394', '计划店': 4, '跑到的计划店': 4, '执行率': 1.0, '计划星期': '周三', '实际主力星期': '周三'}]",2,1.0,0.919,0.839,1.0,,18.0,16.0,83.0,19,12,12.3,"[49, 35, 43, 53, 49, 0, 5]",2.86,1.0,185,24,区块全开·星期照做,中山市（中山市×252）：计划 227 店 / 252 次，分成 2 个区块（最大区块 223 店）。 地盘东西 18.0 × 南北 16.0 km；区块内店距中位 83 m。 节奏：19 个工作日、平均每天 12.3 家店、一天 1.0 个区块、当天作业半径中位 2.86 km；出勤 周一49/周二35/周三43/周四53/周五49/周日5；周六 没跑。 ① 区块开工：2 块里他开工了 2 块；② 区块内执行率中位 92%（最弱一块 84%）；③ 区块星期一致 100%。 参考：覆盖 84%、同日 84%、相位 83%、量比 0.93。 结论：**计划怎么划他就怎么做**——区块全开工、区块内做全、星期按计划。
NP9903011,郑州市,"金水区×135, 管城回族区×119",234,263,202,183,0.697,0.891,0.692,0.654,0.679,0.77,71,2,"[225, 9]","[{'块': '块1', '中心': '34.753,113.748', '计划店': 225, '跑到的计划店': 155, '执行率': 0.689, '计划星期': '周一', '实际主力星期': '周一'}, {'块': '块2', '中心': '34.825,113.536', '计划店': 9, '跑到的计划店': 8, '执行率': 0.889, '计划星期': '周四', '实际主力星期': '周四'}]",2,1.0,0.789,0.689,1.0,,30.1,13.8,63.0,21,9,9.6,"[42, 41, 41, 42, 23, 8, 5]",1.23,1.0,165,18,区块全开·区块内欠访,"郑州市（金水区×135, 管城回族区×119）：计划 234 店 / 263 次，分成 2 个区块（最大区块 225 店）。 地盘东西 30.1 × 南北 13.8 km；区块内店距中位 63 m。 节奏：21 个工作日、平均每天 9.6 家店、一天 1.0 个区块、当天作业半径中位 1.23 km；出勤 周一42/周二41/周三41/周四42/周五23/周六8/周日5。 ① 区块开工：2 块里他开工了 2 块；② 区块内执行率中位 79%（最弱一块 69%）；③ 区块星期一致 100%。 参考：覆盖 70%、同日 65%、相位 68%、量比 0.77。 结论：区块都开了、星期也守，但**区块内没做全**（存在欠访）。"
NP9903059,长沙市,"雨花区×165, 芙蓉区×67",213,232,247,223,0.958,0.915,0.958,0.961,0.958,1.06,9,1,[213],"[{'块': '块1', '中心': '28.176,113.025', '计划店': 213, '跑到的计划店': 204, '执行率': 0.958, '计划星期': '周一', '实际主力星期': '周一'}]",1,1.0,0.958,0.958,1.0,,8.1,5.3,61.0,19,12,13.0,"[66, 51, 48, 40, 42, 0, 0]",1.18,1.0,199,24,区块全开·星期照做,"长沙市（雨花区×165, 芙蓉区×67）：计划 213 店 / 232 次，分成 1 个区块（最大区块 213 店）。 地盘东西 8.1 × 南北 5.3 km；区块内店距中位 61 m。 节奏：19 个工作日、平均每天 13.0 家店、一天 1.0 个区块、当天作业半径中位 1.18 km；出勤 周一66/周二51/周三48/周四40/周五42；周六、周日 没跑。 ① 区块开工：1 块里他开工了 1 块；② 区块内执行率中位 96%（最弱一块 96%）；③ 区块星期一致 100%。 参考：覆盖 96%、同日 96%、相位 96%、量比 1.06。 结论：**计划怎么划他就怎么做**——区块全开工、区块内做全、星期按计划。"
NP9903076,广州市,番禺区×252,229,252,276,249,1.0,0.92,1.0,1.0,1.0,1.1,0,1,[229],"[{'块': '块1', '中心': '22.926,113.359', '计划店': 229, '跑到的计划店': 229, '执行率': 1.0, '计划星期': '周一', '实际主力星期': '周一'}]",1,1.0,1.0,1.0,1.0,,12.2,7.8,64.0,22,12,12.5,"[61, 52, 50, 51, 50, 12, 0]",1.18,1.0,223,26,区块全开·星期照做,广州市（番禺区×252）：计划 229 店 / 252 次，分成 1 个区块（最大区块 229 店）。 地盘东西 12.2 × 南北 7.8 km；区块内店距中位 64 m。 节奏：22 个工作日、平均每天 12.5 家店、一天 1.0 个区块、当天作业半径中位 1.18 km；出勤 周一61/周二52/周三50/周四51/周五50/周六12；周日 没跑。 ① 区块开工：1 块里他开工了 1 块；② 区块内执行率中位 100%（最弱一块 100%）；③ 区块星期一致 100%。 参考：覆盖 100%、同日 100%、相位 100%、量比 1.1。 结论：**计划怎么划他就怎么做**——区块全开工、区块内做全、星期按计划。
NP9903091,自贡市,"自流井区×3, 沿滩区×1",4,4,244,216,1.0,0.019,1.0,1.0,1.0,61.0,0,1,[4],"[{'块': '块1', '中心': '29.324,104.775', '计划店': 4, '跑到的计划店': 4, '执行率': 1.0, '计划星期': '周一', '实际主力星期': '周一'}]",1,1.0,1.0,1.0,1.0,,1.8,3.4,981.0,4,1,61.0,"[66, 47, 43, 50, 38, 0, 0]",0.04,1.0,188,28,区块全开·星期照做,"自贡市（自流井区×3, 沿滩区×1）：计划 4 店 / 4 次，分成 1 个区块（最大区块 4 店）。 地盘东西 1.8 × 南北 3.4 km；区块内店距中位 981 m。 节奏：4 个工作日、平均每天 61.0 家店、一天 1.0 个区块、当天作业半径中位 0.04 km；出勤 周一66/周二47/周三43/周四50/周五38；周六、周日 没跑。 ① 区块开工：1 块里他开工了 1 块；② 区块内执行率中位 100%（最弱一块 100%）；③ 区块星期一致 100%。 参考：覆盖 100%、同日 100%、相位 100%、量比 61.0。 结论：**计划怎么划他就怎么做**——区块全开工、区块内做全、星期按计划。"
NP9903119,南充市,"高坪区×139, 嘉陵区×85",203,224,163,147,0.581,0.803,0.507,0.509,0.537,0.73,85,5,"[196, 4, 1, 1, 1]","[{'块': '块1', '中心': '30.776,106.098', '计划店': 196, '跑到的计划店': 117, '执行率': 0.597, '计划星期': '周一', '实际主力星期': '周一'}, {'块': '块2', '中心': '30.777,106.275', '计划店': 4, '跑到的计划店': 1, '执行率': 0.25, '计划星期': '周五', '实际主力星期': '周五'}, {'块': '块3', '中心': '30.794,106.362', '计划店': 1, '跑到的计划店': 0, '执行率': 0.0, '计划星期': '周五', '实际主力星期': '未开工'}, {'块': '块4', '中心': '30.785,106.326', '计划店': 1, '跑到的计划店': 0, '执行率': 0.0, '计划星期': '周五', '实际主力星期': '未开工'}, {'块': '块5', '中心': '30.760,106.341', '计划店': 1, '跑到的计划店': 0, '执行率': 0.0, '计划星期': '周五', '实际主力星期': '未开工'}]",2,0.4,0.0,0.0,1.0,区块×4店 仅执行 25%; 区块×196店 仅执行 60%,30.0,16.2,58.0,21,6,7.8,"[37, 35, 31, 25, 24, 11, 0]",1.02,1.0,131,16,区块大面积没开工,"南充市（高坪区×139, 嘉陵区×85）：计划 203 店 / 224 次，分成 5 个区块（最大区块 196 店）。 地盘东西 30.0 × 南北 16.2 km；区块内店距中位 58 m。 节奏：21 个工作日、平均每天 7.8 家店、一天 1.0 个区块、当天作业半径中位 1.02 km；出勤 周一37/周二35/周三31/周四25/周五24/周六11；周日 没跑。 ① 区块开工：5 块里他开工了 2 块；② 区块内执行率中位 0%（最弱一块 0%）；③ 区块星期一致 100%。 参考：覆盖 58%、同日 51%、相位 54%、量比 0.73。 结论：**有区块整块没开工**（3 块），先问为什么不去，而不是谈执行率。 最冷的区块（计划内执行率最低）：区块×4店 仅执行 25%; 区块×196店 仅执行 60%。"
NP9903125,曲靖市,"麒麟区×160, 陆良县×28",180,188,233,209,1.0,0.861,1.0,1.0,1.0,1.24,0,2,"[152, 28]","[{'块': '块1', '中心': '25.502,103.795', '计划店': 152, '跑到的计划店': 152, '执行率': 1.0, '计划星期': '周一', '实际主力星期': '周一'}, {'块': '块2', '中心': '25.034,103.658', '计划店': 28, '跑到的计划店': 28, '执行率': 1.0, '计划星期': '周二', '实际主力星期': '周二'}]",2,1.0,1.0,1.0,1.0,,17.9,57.8,69.0,21,10,11.1,"[65, 45, 47, 36, 35, 5, 0]",1.91,1.0,187,22,区块全开·星期照做,"曲靖市（麒麟区×160, 陆良县×28）：计划 180 店 / 188 次，分成 2 个区块（最大区块 152 店）。 地盘东西 17.9 × 南北 57.8 km；区块内店距中位 69 m。 节奏：21 个工作日、平均每天 11.1 家店、一天 1.0 个区块、当天作业半径中位 1.91 km；出勤 周一65/周二45/周三47/周四36/周五35/周六5；周日 没跑。 ① 区块开工：2 块里他开工了 2 块；② 区块内执行率中位 100%（最弱一块 100%）；③ 区块星期一致 100%。 参考：覆盖 100%、同日 100%、相位 100%、量比 1.24。 结论：**计划怎么划他就怎么做**——区块全开工、区块内做全、星期按计划。"
NP9903128,广州市,白云区×217,203,217,267,250,0.961,0.78,0.961,0.963,0.961,1.23,8,2,"[193, 10]","[{'块': '块1', '中心': '23.214,113.238', '计划店': 193, '跑到的计划店': 185, '执行率': 0.959, '计划星期': '周一', '实际主力星期': '周一'}, {'块': '块2', '中心': '23.333,113.191', '计划店': 10, '跑到的计划店': 10, '执行率': 1.0, '计划星期': '周四', '实际主力星期': '周四'}]",2,1.0,0.979,0.959,1.0,,9.6,18.8,100.0,21,10,12.7,"[61, 57, 50, 50, 45, 1, 3]",1.67,1.0,235,15,区块全开·星期照做,广州市（白云区×217）：计划 203 店 / 217 次，分成 2 个区块（最大区块 193 店）。 地盘东西 9.6 × 南北 18.8 km；区块内店距中位 100 m。 节奏：21 个工作日、平均每天 12.7 家店、一天 1.0 个区块、当天作业半径中位 1.67 km；出勤 周一61/周二57/周三50/周四50/周五45/周六1/周日3。 ① 区块开工：2 块里他开工了 2 块；② 区块内执行率中位 98%（最弱一块 96%）；③ 区块星期一致 100%。 参考：覆盖 96%、同日 96%、相位 96%、量比 1.23。 结论：**计划怎么划他就怎么做**——区块全开工、区块内做全、星期按计划。
NP9903144,新乡市,"红旗区×61, 卫滨区×53",191,225,217,182,0.649,0.681,0.543,0.516,0.639,0.96,67,8,"[142, 20, 17, 7, 2]","[{'块': '块1', '中心': '35.300,113.878', '计划店': 142, '跑到的计划店': 117, '执行率': 0.824, '计划星期': '周四', '实际主力星期': '周四'}, {'块': '块2', '中心': '35.452,113.806', '计划店': 20, '跑到的计划店': 0, '执行率': 0.0, '计划星期': '周二', '实际主力星期': '未开工'}, {'块': '块3', '中心': '35.183,113.794', '计划店': 17, '跑到的计划店': 2, '执行率': 0.118, '计划星期': '周一', '实际主力星期': '周三'}, {'块': '块4', '中心': '35.266,113.658', '计划店': 7, '跑到的计划店': 4, '执行率': 0.571, '计划星期': '周二', '实际主力星期': '周四'}, {'块': '块5', '中心': '35.481,113.870', '计划店': 2, '跑到的计划店': 0, '执行率': 0.0, '计划星期': '周三', '实际主力星期': '未开工'}, {'块': '块6', '中心': '35.206,113.870', '计划店': 1, '跑到的计划店': 1, '执行率': 1.0, '计划星期': '周二', '实际主力星期': '周一'}, {'块': '块7', '中心': '35.223,113.898', '计划店': 1, '跑到的计划店': 0, '执行率': 0.0, '计划星期': '周二', '实际主力星期': '未开工'}, {'块': '块8', '中心': '35.458,113.621', '计划店': 1, '跑到的计划店': 0, '执行率': 0.0, '计划星期': '周一', '实际主力星期': '未开工'}]",4,0.5,0.059,0.0,0.25,区块×17店 仅执行 12%; 区块×7店 仅执行 57%,25.3,38.7,130.0,17,10,12.8,"[42, 21, 38, 63, 53, 0, 0]",3.08,1.0,151,31,区块大面积没开工,"新乡市（红旗区×61, 卫滨区×53）：计划 191 店 / 225 次，分成 8 个区块（最大区块 142 店）。 地盘东西 25.3 × 南北 38.7 km；区块内店距中位 130 m。 节奏：17 个工作日、平均每天 12.8 家店、一天 1.0 个区块、当天作业半径中位 3.08 km；出勤 周一42/周二21/周三38/周四63/周五53；周六、周日 没跑。 ① 区块开工：8 块里他开工了 4 块；② 区块内执行率中位 6%（最弱一块 0%）；③ 区块星期一致 25%。 参考：覆盖 65%、同日 52%、相位 64%、量比 0.96。 结论：**有区块整块没开工**（4 块），先问为什么不去，而不是谈执行率。 最冷的区块（计划内执行率最低）：区块×17店 仅执行 12%; 区块×7店 仅执行 57%。"
NP9903168,武汉市,"江岸区×98, 江汉区×64",195,219,204,176,0.805,0.892,0.779,0.767,0.779,0.93,38,1,[195],"[{'块': '块1', '中心': '30.583,114.285', '计划店': 195, '跑到的计划店': 157, '执行率': 0.805, '计划星期': '周一', '实际主力星期': '周五'}]",1,1.0,0.805,0.805,1.0,,7.3,5.5,52.0,17,11,12.0,"[47, 34, 40, 34, 49, 0, 0]",0.93,1.0,149,27,区块全开·区块内欠访,"武汉市（江岸区×98, 江汉区×64）：计划 195 店 / 219 次，分成 1 个区块（最大区块 195 店）。 地盘东西 7.3 × 南北 5.5 km；区块内店距中位 52 m。 节奏：17 个工作日、平均每天 12.0 家店、一天 1.0 个区块、当天作业半径中位 0.93 km；出勤 周一47/周二34/周三40/周四34/周五49；周六、周日 没跑。 ① 区块开工：1 块里他开工了 1 块；② 区块内执行率中位 80%（最弱一块 80%）；③ 区块星期一致 100%。 参考：覆盖 80%、同日 77%、相位 78%、量比 0.93。 结论：区块都开了、星期也守，但**区块内没做全**（存在欠访）。"
NP9903170,洛阳市,"涧西区×135, 洛龙区×120",210,255,341,295,0.676,0.481,0.448,0.353,0.543,1.34,68,2,"[207, 3]","[{'块': '块1', '中心': '34.626,112.406', '计划店': 207, '跑到的计划店': 140, '执行率': 0.676, '计划星期': '周一', '实际主力星期': '周一'}, {'块': '块2', '中心': '34.567,112.280', '计划店': 3, '跑到的计划店': 2, '执行率': 0.667, '计划星期': '周四', '实际主力星期': '周六'}]",2,1.0,0.671,0.667,0.5,,16.8,11.9,46.0,26,6,13.1,"[67, 54, 56, 54, 45, 53, 12]",3.18,1.0,252,43,区块全开·店和星期都有欠,"洛阳市（涧西区×135, 洛龙区×120）：计划 210 店 / 255 次，分成 2 个区块（最大区块 207 店）。 地盘东西 16.8 × 南北 11.9 km；区块内店距中位 46 m。 节奏：26 个工作日、平均每天 13.1 家店、一天 1.0 个区块、当天作业半径中位 3.18 km；出勤 周一67/周二54/周三56/周四54/周五45/周六53/周日12。 ① 区块开工：2 块里他开工了 2 块；② 区块内执行率中位 67%（最弱一块 67%）；③ 区块星期一致 50%。 参考：覆盖 68%、同日 35%、相位 54%、量比 1.34。 结论：区块开了，但店没做全、星期也没守——属于执行力不足，要具体看到底缺在哪块。"
NP9903172,茂名市,电白区×233,224,233,249,230,0.969,0.943,0.96,0.961,0.964,1.07,7,7,"[190, 12, 8, 5, 4]","[{'块': '块1', '中心': '21.509,111.016', '计划店': 190, '跑到的计划店': 185, '执行率': 0.974, '计划星期': '周一', '实际主力星期': '周一'}, {'块': '块2', '中心': '21.487,111.232', '计划店': 12, '跑到的计划店': 11, '执行率': 0.917, '计划星期': '周四', '实际主力星期': '周四'}, {'块': '块3', '中心': '21.484,111.154', '计划店': 8, '跑到的计划店': 7, '执行率': 0.875, '计划星期': '周四', '实际主力星期': '周四'}, {'块': '块4', '中心': '21.627,111.121', '计划店': 5, '跑到的计划店': 5, '执行率': 1.0, '计划星期': '周一', '实际主力星期': '周一'}, {'块': '块5', '中心': '21.780,111.223', '计划店': 4, '跑到的计划店': 4, '执行率': 1.0, '计划星期': '周一', '实际主力星期': '周一'}, {'块': '块6', '中心': '21.736,111.110', '计划店': 4, '跑到的计划店': 4, '执行率': 1.0, '计划星期': '周一', '实际主力星期': '周一'}, {'块': '块7', '中心': '21.464,111.102', '计划店': 1, '跑到的计划店': 1, '执行率': 1.0, '计划星期': '周四', '实际主力星期': '周四'}]",7,1.0,1.0,0.875,1.0,,26.9,39.7,77.0,21,12,11.9,"[60, 45, 49, 48, 47, 0, 0]",2.13,1.0,212,18,区块全开·星期照做,茂名市（电白区×233）：计划 224 店 / 233 次，分成 7 个区块（最大区块 190 店）。 地盘东西 26.9 × 南北 39.7 km；区块内店距中位 77 m。 节奏：21 个工作日、平均每天 11.9 家店、一天 1.0 个区块、当天作业半径中位 2.13 km；出勤 周一60/周二45/周三49/周四48/周五47；周六、周日 没跑。 ① 区块开工：7 块里他开工了 7 块；② 区块内执行率中位 100%（最弱一块 88%）；③ 区块星期一致 100%。 参考：覆盖 97%、同日 96%、相位 96%、量比 1.07。 结论：**计划怎么划他就怎么做**——区块全开工、区块内做全、星期按计划。
NP9903205,兰州市,城关区×84,84,84,287,250,1.0,0.336,1.0,1.0,1.0,3.42,0,1,[84],"[{'块': '块1', '中心': '36.069,103.847', '计划店': 84, '跑到的计划店': 84, '执行率': 1.0, '计划星期': '周一', '实际主力星期': '周一'}]",1,1.0,1.0,1.0,1.0,,6.5,7.0,46.0,16,7,17.9,"[76, 48, 56, 63, 44, 0, 0]",0.59,1.0,215,35,区块全开·星期照做,兰州市（城关区×84）：计划 84 店 / 84 次，分成 1 个区块（最大区块 84 店）。 地盘东西 6.5 × 南北 7.0 km；区块内店距中位 46 m。 节奏：16 个工作日、平均每天 17.9 家店、一天 1.0 个区块、当天作业半径中位 0.59 km；出勤 周一76/周二48/周三56/周四63/周五44；周六、周日 没跑。 ① 区块开工：1 块里他开工了 1 块；② 区块内执行率中位 100%（最弱一块 100%）；③ 区块星期一致 100%。 参考：覆盖 100%、同日 100%、相位 100%、量比 3.42。 结论：**计划怎么划他就怎么做**——区块全开工、区块内做全、星期按计划。
NP9903257,银川市,"金凤区×24, 西夏区×11",38,38,287,267,0.974,0.139,0.974,0.974,0.974,7.55,1,2,"[35, 3]","[{'块': '块1', '中心': '38.494,106.190', '计划店': 35, '跑到的计划店': 34, '执行率': 0.971, '计划星期': '周三', '实际主力星期': '周三'}, {'块': '块2', '中心': '38.471,106.269', '计划店': 3, '跑到的计划店': 3, '执行率': 1.0, '计划星期': '周三', '实际主力星期': '周三'}]",2,1.0,0.986,0.971,1.0,,11.5,6.1,55.0,8,3,35.9,"[72, 46, 51, 61, 57, 0, 0]",1.44,1.0,247,20,区块全开·星期照做,"银川市（金凤区×24, 西夏区×11）：计划 38 店 / 38 次，分成 2 个区块（最大区块 35 店）。 地盘东西 11.5 × 南北 6.1 km；区块内店距中位 55 m。 节奏：8 个工作日、平均每天 35.9 家店、一天 1.0 个区块、当天作业半径中位 1.44 km；出勤 周一72/周二46/周三51/周四61/周五57；周六、周日 没跑。 ① 区块开工：2 块里他开工了 2 块；② 区块内执行率中位 99%（最弱一块 97%）；③ 区块星期一致 100%。 参考：覆盖 97%、同日 97%、相位 97%、量比 7.55。 结论：**计划怎么划他就怎么做**——区块全开工、区块内做全、星期按计划。"
NP9903262,无锡市,江阴市×252,232,252,145,131,0.56,0.992,0.56,0.552,0.56,0.58,102,12,"[164, 18, 12, 12, 9]","[{'块': '块1', '中心': '31.905,120.272', '计划店': 164, '跑到的计划店': 88, '执行率': 0.537, '计划星期': '周二', '实际主力星期': '周二'}, {'块': '块2', '中心': '31.889,120.140', '计划店': 18, '跑到的计划店': 14, '执行率': 0.778, '计划星期': '周一', '实际主力星期': '周一'}, {'块': '块3', '中心': '31.762,120.266', '计划店': 12, '跑到的计划店': 12, '执行率': 1.0, '计划星期': '周四', '实际主力星期': '周四'}, {'块': '块4', '中心': '31.813,120.305', '计划店': 12, '跑到的计划店': 12, '执行率': 1.0, '计划星期': '周四', '实际主力星期': '周四'}, {'块': '块5', '中心': '31.756,120.344', '计划店': 9, '跑到的计划店': 0, '执行率': 0.0, '计划星期': '周四', '实际主力星期': '未开工'}, {'块': '块6', '中心': '31.809,120.509', '计划店': 5, '跑到的计划店': 4, '执行率': 0.8, '计划星期': '周四', '实际主力星期': '周四'}, {'块': '块7', '中心': '31.734,120.559', '计划店': 4, '跑到的计划店': 0, '执行率': 0.0, '计划星期': '周四', '实际主力星期': '未开工'}, {'块': '块8', '中心': '31.715,120.318', '计划店': 3, '跑到的计划店': 0, '执行率': 0.0, '计划星期': '周四', '实际主力星期': '未开工'}, {'块': '块9', '中心': '31.775,120.552', '计划店': 2, '跑到的计划店': 0, '执行率': 0.0, '计划星期': '周四', '实际主力星期': '未开工'}, {'块': '块10', '中心': '31.768,120.496', '计划店': 1, '跑到的计划店': 0, '执行率': 0.0, '计划星期': '周四', '实际主力星期': '未开工'}, {'块': '块11', '中心': '31.832,120.192', '计划店': 1, '跑到的计划店': 0, '执行率': 0.0, '计划星期': '周一', '实际主力星期': '未开工'}, {'块': '块12', '中心': '31.809,120.219', '计划店': 1, '跑到的计划店': 0, '执行率': 0.0, '计划星期': '周一', '实际主力星期': '未开工'}]",5,0.417,0.0,0.0,1.0,区块×164店 仅执行 54%,42.2,24.3,106.0,15,11,9.7,"[32, 33, 24, 29, 27, 0, 0]",2.22,1.0,117,14,区块大面积没开工,无锡市（江阴市×252）：计划 232 店 / 252 次，分成 12 个区块（最大区块 164 店）。 地盘东西 42.2 × 南北 24.3 km；区块内店距中位 106 m。 节奏：15 个工作日、平均每天 9.7 家店、一天 1.0 个区块、当天作业半径中位 2.22 km；出勤 周一32/周二33/周三24/周四29/周五27；周六、周日 没跑。 ① 区块开工：12 块里他开工了 5 块；② 区块内执行率中位 0%（最弱一块 0%）；③ 区块星期一致 100%。 参考：覆盖 56%、同日 55%、相位 56%、量比 0.58。 结论：**有区块整块没开工**（7 块），先问为什么不去，而不是谈执行率。 最冷的区块（计划内执行率最低）：区块×164店 仅执行 54%。
NP9903265,重庆市,涪陵区×163,150,163,194,174,0.973,0.839,0.973,0.975,0.973,1.19,4,4,"[130, 16, 3, 1]","[{'块': '块1', '中心': '29.706,107.385', '计划店': 130, '跑到的计划店': 127, '执行率': 0.977, '计划星期': '周一', '实际主力星期': '周一'}, {'块': '块2', '中心': '29.756,107.262', '计划店': 16, '跑到的计划店': 15, '执行率': 0.938, '计划星期': '周四', '实际主力星期': '周四'}, {'块': '块3', '中心': '29.660,107.196', '计划店': 3, '跑到的计划店': 3, '执行率': 1.0, '计划星期': '周四', '实际主力星期': '周四'}, {'块': '块4', '中心': '29.733,107.292', '计划店': 1, '跑到的计划店': 1, '执行率': 1.0, '计划星期': '周四', '实际主力星期': '周四'}]",4,1.0,0.988,0.938,1.0,,20.8,11.0,62.0,17,12,11.4,"[47, 36, 26, 47, 38, 0, 0]",1.19,1.0,154,20,区块全开·星期照做,重庆市（涪陵区×163）：计划 150 店 / 163 次，分成 4 个区块（最大区块 130 店）。 地盘东西 20.8 × 南北 11.0 km；区块内店距中位 62 m。 节奏：17 个工作日、平均每天 11.4 家店、一天 1.0 个区块、当天作业半径中位 1.19 km；出勤 周一47/周二36/周三26/周四47/周五38；周六、周日 没跑。 ① 区块开工：4 块里他开工了 4 块；② 区块内执行率中位 99%（最弱一块 94%）；③ 区块星期一致 100%。 参考：覆盖 97%、同日 98%、相位 97%、量比 1.19。 结论：**计划怎么划他就怎么做**——区块全开工、区块内做全、星期按计划。
NP9903298,370800,"370883×32, 370831×12",48,48,66,61,0.021,0.016,0.0,0.0,0.0,1.38,47,6,"[32, 8, 3, 2, 2]","[{'块': '块1', '中心': '35.416,116.993', '计划店': 32, '跑到的计划店': 1, '执行率': 0.031, '计划星期': '周四', '实际主力星期': '周一'}, {'块': '块2', '中心': '35.651,117.274', '计划店': 8, '跑到的计划店': 0, '执行率': 0.0, '计划星期': '周三', '实际主力星期': '未开工'}, {'块': '块3', '中心': '35.614,117.525', '计划店': 3, '跑到的计划店': 0, '执行率': 0.0, '计划星期': '周三', '实际主力星期': '未开工'}, {'块': '块4', '中心': '35.548,116.967', '计划店': 2, '跑到的计划店': 0, '执行率': 0.0, '计划星期': '周二', '实际主力星期': '未开工'}, {'块': '块5', '中心': '35.587,116.946', '计划店': 2, '跑到的计划店': 0, '执行率': 0.0, '计划星期': '周二', '实际主力星期': '未开工'}, {'块': '块6', '中心': '35.592,117.295', '计划店': 1, '跑到的计划店': 0, '执行率': 0.0, '计划星期': '周三', '实际主力星期': '未开工'}]",1,0.167,0.0,0.0,0.0,区块×32店 仅执行 3%,53.4,28.1,251.0,1,1,66.0,"[36, 13, 2, 0, 13, 2, 0]",,1.0,57,4,计划与实际几乎不相交,"370800（370883×32, 370831×12）：计划 48 店 / 48 次，分成 6 个区块（最大区块 32 店）。 地盘东西 53.4 × 南北 28.1 km；区块内店距中位 251 m。 节奏：1 个工作日、平均每天 66.0 家店、一天 1.0 个区块、当天作业半径中位 None km；出勤 周一36/周二13/周三2/周五13/周六2；周四、周日 没跑。 ① 区块开工：6 块里他开工了 1 块；② 区块内执行率中位 0%（最弱一块 0%）；③ 区块星期一致 0%。 参考：覆盖 2%、同日 0%、相位 0%、量比 1.38。 结论：计划与实际几乎不相交——先查这块地盘是不是搞错了（管辖/门店清单），再谈行为。 最冷的区块（计划内执行率最低）：区块×32店 仅执行 3%。"
NP9903310,江门市,"新会区×116, 蓬江区×9",117,126,248,212,0.966,0.533,0.949,0.913,0.966,1.97,4,4,"[96, 10, 9, 2]","[{'块': '块1', '中心': '22.516,113.040', '计划店': 96, '跑到的计划店': 94, '执行率': 0.979, '计划星期': '周一', '实际主力星期': '周四'}, {'块': '块2', '中心': '22.645,113.139', '计划店': 10, '跑到的计划店': 8, '执行率': 0.8, '计划星期': '周三', '实际主力星期': '周三'}, {'块': '块3', '中心': '22.466,112.980', '计划店': 9, '跑到的计划店': 9, '执行率': 1.0, '计划星期': '周二', '实际主力星期': '周二'}, {'块': '块4', '中心': '22.525,112.900', '计划店': 2, '跑到的计划店': 2, '执行率': 1.0, '计划星期': '周四', '实际主力星期': '周四'}]",4,1.0,0.99,0.8,1.0,,25.5,21.6,186.0,20,8,12.4,"[43, 52, 55, 55, 38, 5, 0]",1.78,1.0,183,29,区块全开·星期照做,"江门市（新会区×116, 蓬江区×9）：计划 117 店 / 126 次，分成 4 个区块（最大区块 96 店）。 地盘东西 25.5 × 南北 21.6 km；区块内店距中位 186 m。 节奏：20 个工作日、平均每天 12.4 家店、一天 1.0 个区块、当天作业半径中位 1.78 km；出勤 周一43/周二52/周三55/周四55/周五38/周六5；周日 没跑。 ① 区块开工：4 块里他开工了 4 块；② 区块内执行率中位 99%（最弱一块 80%）；③ 区块星期一致 100%。 参考：覆盖 97%、同日 91%、相位 97%、量比 1.97。 结论：**计划怎么划他就怎么做**——区块全开工、区块内做全、星期按计划。"
NP9903312,包头市,"青山区×211, 九原区×26",211,249,220,172,0.559,0.686,0.469,0.422,0.493,0.88,93,2,"[210, 1]","[{'块': '块1', '中心': '40.656,109.885', '计划店': 210, '跑到的计划店': 117, '执行率': 0.557, '计划星期': '周一', '实际主力星期': '周三'}, {'块': '块2', '中心': '40.634,109.809', '计划店': 1, '跑到的计划店': 1, '执行率': 1.0, '计划星期': '周一', '实际主力星期': '周一'}]",2,1.0,0.779,0.557,1.0,区块×210店 仅执行 56%,10.8,8.9,46.0,19,8,11.6,"[44, 37, 46, 42, 37, 6, 8]",1.71,1.0,130,42,区块全开·区块内欠访,"包头市（青山区×211, 九原区×26）：计划 211 店 / 249 次，分成 2 个区块（最大区块 210 店）。 地盘东西 10.8 × 南北 8.9 km；区块内店距中位 46 m。 节奏：19 个工作日、平均每天 11.6 家店、一天 1.0 个区块、当天作业半径中位 1.71 km；出勤 周一44/周二37/周三46/周四42/周五37/周六6/周日8。 ① 区块开工：2 块里他开工了 2 块；② 区块内执行率中位 78%（最弱一块 56%）；③ 区块星期一致 100%。 参考：覆盖 56%、同日 42%、相位 49%、量比 0.88。 结论：区块都开了、星期也守，但**区块内没做全**（存在欠访）。 最冷的区块（计划内执行率最低）：区块×210店 仅执行 56%。"
NP9903330,厦门市,"思明区×218, 湖里区×26",231,247,255,226,0.909,0.929,0.909,0.915,0.909,1.03,21,3,"[227, 3, 1]","[{'块': '块1', '中心': '24.476,118.094', '计划店': 227, '跑到的计划店': 206, '执行率': 0.907, '计划星期': '周一', '实际主力星期': '周一'}, {'块': '块2', '中心': '24.573,118.078', '计划店': 3, '跑到的计划店': 3, '执行率': 1.0, '计划星期': '周一', '实际主力星期': '周一'}, {'块': '块3', '中心': '24.508,118.183', '计划店': 1, '跑到的计划店': 1, '执行率': 1.0, '计划星期': '周一', '实际主力星期': '周一'}]",3,1.0,1.0,0.907,1.0,,11.8,14.3,49.0,19,12,13.4,"[72, 52, 51, 29, 51, 0, 0]",1.33,1.0,197,29,区块全开·星期照做,"厦门市（思明区×218, 湖里区×26）：计划 231 店 / 247 次，分成 3 个区块（最大区块 227 店）。 地盘东西 11.8 × 南北 14.3 km；区块内店距中位 49 m。 节奏：19 个工作日、平均每天 13.4 家店、一天 1.0 个区块、当天作业半径中位 1.33 km；出勤 周一72/周二52/周三51/周四29/周五51；周六、周日 没跑。 ① 区块开工：3 块里他开工了 3 块；② 区块内执行率中位 100%（最弱一块 91%）；③ 区块星期一致 100%。 参考：覆盖 91%、同日 92%、相位 91%、量比 1.03。 结论：**计划怎么划他就怎么做**——区块全开工、区块内做全、星期按计划。"
NP9903363,武汉市,"江岸区×185, 江汉区×45",209,232,247,220,0.995,0.945,0.995,0.996,0.995,1.06,1,2,"[208, 1]","[{'块': '块1', '中心': '30.637,114.291', '计划店': 208, '跑到的计划店': 207, '执行率': 0.995, '计划星期': '周一', '实际主力星期': '周一'}, {'块': '块2', '中心': '30.674,114.366', '计划店': 1, '跑到的计划店': 1, '执行率': 1.0, '计划星期': '周五', '实际主力星期': '周五'}]",2,1.0,0.998,0.995,1.0,,11.6,6.7,68.0,21,11,11.8,"[59, 48, 47, 46, 47, 0, 0]",1.13,1.0,193,27,区块全开·星期照做,"武汉市（江岸区×185, 江汉区×45）：计划 209 店 / 232 次，分成 2 个区块（最大区块 208 店）。 地盘东西 11.6 × 南北 6.7 km；区块内店距中位 68 m。 节奏：21 个工作日、平均每天 11.8 家店、一天 1.0 个区块、当天作业半径中位 1.13 km；出勤 周一59/周二48/周三47/周四46/周五47；周六、周日 没跑。 ① 区块开工：2 块里他开工了 2 块；② 区块内执行率中位 100%（最弱一块 100%）；③ 区块星期一致 100%。 参考：覆盖 100%、同日 100%、相位 100%、量比 1.06。 结论：**计划怎么划他就怎么做**——区块全开工、区块内做全、星期按计划。"
NP9903397,韶关市,"浈江区×36, 南雄市×28",84,97,233,221,0.417,0.158,0.042,0.01,0.143,2.4,49,6,"[53, 17, 10, 2, 1]","[{'块': '块1', '中心': '24.812,113.609', '计划店': 53, '跑到的计划店': 18, '执行率': 0.34, '计划星期': '周一', '实际主力星期': '周四'}, {'块': '块2', '中心': '25.119,114.312', '计划店': 17, '跑到的计划店': 14, '执行率': 0.824, '计划星期': '周五', '实际主力星期': '周三'}, {'块': '块3', '中心': '24.950,114.062', '计划店': 10, '跑到的计划店': 0, '执行率': 0.0, '计划星期': '周四', '实际主力星期': '未开工'}, {'块': '块4', '中心': '25.178,114.353', '计划店': 2, '跑到的计划店': 2, '执行率': 1.0, '计划星期': '周一', '实际主力星期': '周二'}, {'块': '块5', '中心': '24.774,113.680', '计划店': 1, '跑到的计划店': 0, '执行率': 0.0, '计划星期': '周一', '实际主力星期': '未开工'}, {'块': '块6', '中心': '25.120,114.104', '计划店': 1, '跑到的计划店': 1, '执行率': 1.0, '计划星期': '周一', '实际主力星期': '周三'}]",4,0.667,0.582,0.0,0.25,区块×53店 仅执行 34%,77.9,49.4,271.0,16,1,14.6,"[56, 45, 35, 45, 52, 0, 0]",2.36,1.0,210,11,区块缺了没开,"韶关市（浈江区×36, 南雄市×28）：计划 84 店 / 97 次，分成 6 个区块（最大区块 53 店）。 地盘东西 77.9 × 南北 49.4 km；区块内店距中位 271 m。 节奏：16 个工作日、平均每天 14.6 家店、一天 1.0 个区块、当天作业半径中位 2.36 km；出勤 周一56/周二45/周三35/周四45/周五52；周六、周日 没跑。 ① 区块开工：6 块里他开工了 4 块；② 区块内执行率中位 58%（最弱一块 0%）；③ 区块星期一致 25%。 参考：覆盖 42%、同日 1%、相位 14%、量比 2.4。 结论：**有 2 个区块整块没开工**，但他开的那几块做得很好（执行率与星期都守）——先问为什么不去那几块。 最冷的区块（计划内执行率最低）：区块×53店 仅执行 34%。"
NP9903405,烟台市,"芝罘区×169, 福山区×86",222,256,306,259,0.739,0.633,0.644,0.574,0.658,1.2,58,2,"[221, 1]","[{'块': '块1', '中心': '37.516,121.325', '计划店': 221, '跑到的计划店': 164, '执行率': 0.742, '计划星期': '周一', '实际主力星期': '周一'}, {'块': '块2', '中心': '37.565,121.231', '计划店': 1, '跑到的计划店': 0, '执行率': 0.0, '计划星期': '周四', '实际主力星期': '未开工'}]",1,0.5,0.371,0.0,1.0,,16.8,15.1,138.0,21,10,14.6,"[75, 60, 44, 45, 60, 22, 0]",5.13,1.0,215,44,区块大面积没开工,"烟台市（芝罘区×169, 福山区×86）：计划 222 店 / 256 次，分成 2 个区块（最大区块 221 店）。 地盘东西 16.8 × 南北 15.1 km；区块内店距中位 138 m。 节奏：21 个工作日、平均每天 14.6 家店、一天 1.0 个区块、当天作业半径中位 5.13 km；出勤 周一75/周二60/周三44/周四45/周五60/周六22；周日 没跑。 ① 区块开工：2 块里他开工了 1 块；② 区块内执行率中位 37%（最弱一块 0%）；③ 区块星期一致 100%。 参考：覆盖 74%、同日 57%、相位 66%、量比 1.2。 结论：**有区块整块没开工**（1 块），先问为什么不去，而不是谈执行率。"
NP9903408,自贡市,富顺县×39,39,39,274,228,1.0,0.171,1.0,1.0,1.0,7.03,0,3,"[29, 9, 1]","[{'块': '块1', '中心': '29.183,104.978', '计划店': 29, '跑到的计划店': 29, '执行率': 1.0, '计划星期': '周四', '实际主力星期': '周四'}, {'块': '块2', '中心': '29.216,105.144', '计划店': 9, '跑到的计划店': 9, '执行率': 1.0, '计划星期': '周五', '实际主力星期': '周五'}, {'块': '块3', '中心': '29.207,105.096', '计划店': 1, '跑到的计划店': 1, '执行率': 1.0, '计划星期': '周五', '实际主力星期': '周五'}]",3,1.0,1.0,1.0,1.0,,18.6,4.4,131.0,14,1,19.6,"[74, 53, 41, 44, 50, 5, 7]",0.47,1.0,184,44,区块全开·星期照做,自贡市（富顺县×39）：计划 39 店 / 39 次，分成 3 个区块（最大区块 29 店）。 地盘东西 18.6 × 南北 4.4 km；区块内店距中位 131 m。 节奏：14 个工作日、平均每天 19.6 家店、一天 1.0 个区块、当天作业半径中位 0.47 km；出勤 周一74/周二53/周三41/周四44/周五50/周六5/周日7。 ① 区块开工：3 块里他开工了 3 块；② 区块内执行率中位 100%（最弱一块 100%）；③ 区块星期一致 100%。 参考：覆盖 100%、同日 100%、相位 100%、量比 7.03。 结论：**计划怎么划他就怎么做**——区块全开工、区块内做全、星期按计划。
NP9903439,济南市,"槐荫区×106, 市中区×39",176,176,82,69,0.25,0.638,0.085,0.0,0.136,0.47,132,5,"[169, 2, 2, 2, 1]","[{'块': '块1', '中心': '36.666,116.965', '计划店': 169, '跑到的计划店': 44, '执行率': 0.26, '计划星期': '周一', '实际主力星期': '周一'}, {'块': '块2', '中心': '36.741,116.838', '计划店': 2, '跑到的计划店': 0, '执行率': 0.0, '计划星期': '周四', '实际主力星期': '未开工'}, {'块': '块3', '中心': '36.796,116.763', '计划店': 2, '跑到的计划店': 0, '执行率': 0.0, '计划星期': '周四', '实际主力星期': '未开工'}, {'块': '块4', '中心': '36.711,116.779', '计划店': 2, '跑到的计划店': 0, '执行率': 0.0, '计划星期': '周四', '实际主力星期': '未开工'}, {'块': '块5', '中心': '36.798,116.864', '计划店': 1, '跑到的计划店': 0, '执行率': 0.0, '计划星期': '周四', '实际主力星期': '未开工'}]",1,0.2,0.0,0.0,1.0,区块×169店 仅执行 26%,30.1,18.5,119.0,6,7,13.7,"[26, 12, 14, 19, 11, 0, 0]",5.11,1.0,56,13,计划与实际几乎不相交,"济南市（槐荫区×106, 市中区×39）：计划 176 店 / 176 次，分成 5 个区块（最大区块 169 店）。 地盘东西 30.1 × 南北 18.5 km；区块内店距中位 119 m。 节奏：6 个工作日、平均每天 13.7 家店、一天 1.0 个区块、当天作业半径中位 5.11 km；出勤 周一26/周二12/周三14/周四19/周五11；周六、周日 没跑。 ① 区块开工：5 块里他开工了 1 块；② 区块内执行率中位 0%（最弱一块 0%）；③ 区块星期一致 100%。 参考：覆盖 25%、同日 0%、相位 14%、量比 0.47。 结论：计划与实际几乎不相交——先查这块地盘是不是搞错了（管辖/门店清单），再谈行为。 最冷的区块（计划内执行率最低）：区块×169店 仅执行 26%。"
NP9903456,哈尔滨市,"南岗区×226, 香坊区×29",244,256,179,165,0.52,0.77,0.348,0.312,0.385,0.7,117,1,[244],"[{'块': '块1', '中心': '45.743,126.641', '计划店': 244, '跑到的计划店': 127, '执行率': 0.52, '计划星期': '周一', '实际主力星期': '周三'}]",1,1.0,0.52,0.52,1.0,区块×244店 仅执行 52%,4.9,5.9,47.0,18,8,9.9,"[43, 31, 45, 22, 37, 1, 0]",2.68,1.0,152,13,区块全开·区块内欠访,"哈尔滨市（南岗区×226, 香坊区×29）：计划 244 店 / 256 次，分成 1 个区块（最大区块 244 店）。 地盘东西 4.9 × 南北 5.9 km；区块内店距中位 47 m。 节奏：18 个工作日、平均每天 9.9 家店、一天 1.0 个区块、当天作业半径中位 2.68 km；出勤 周一43/周二31/周三45/周四22/周五37/周六1；周日 没跑。 ① 区块开工：1 块里他开工了 1 块；② 区块内执行率中位 52%（最弱一块 52%）；③ 区块星期一致 100%。 参考：覆盖 52%、同日 31%、相位 38%、量比 0.7。 结论：区块都开了、星期也守，但**区块内没做全**（存在欠访）。 最冷的区块（计划内执行率最低）：区块×244店 仅执行 52%。"
NP9903457,长春市,"宽城区×143, 绿园区×114",237,258,229,214,0.835,0.925,0.819,0.767,0.789,0.89,39,2,"[234, 3]","[{'块': '块1', '中心': '43.921,125.307', '计划店': 234, '跑到的计划店': 195, '执行率': 0.833, '计划星期': '周一', '实际主力星期': '周一'}, {'块': '块2', '中心': '43.864,125.230', '计划店': 3, '跑到的计划店': 3, '执行率': 1.0, '计划星期': '周四', '实际主力星期': '周四'}]",2,1.0,0.917,0.833,1.0,,14.3,15.0,76.0,19,12,12.1,"[61, 48, 33, 40, 47, 0, 0]",1.66,1.0,199,15,区块全开·星期照做,"长春市（宽城区×143, 绿园区×114）：计划 237 店 / 258 次，分成 2 个区块（最大区块 234 店）。 地盘东西 14.3 × 南北 15.0 km；区块内店距中位 76 m。 节奏：19 个工作日、平均每天 12.1 家店、一天 1.0 个区块、当天作业半径中位 1.66 km；出勤 周一61/周二48/周三33/周四40/周五47；周六、周日 没跑。 ① 区块开工：2 块里他开工了 2 块；② 区块内执行率中位 92%（最弱一块 83%）；③ 区块星期一致 100%。 参考：覆盖 84%、同日 77%、相位 79%、量比 0.89。 结论：**计划怎么划他就怎么做**——区块全开工、区块内做全、星期按计划。"
NP9903466,沈阳市,"和平区×108, 沈河区×10",109,118,232,213,0.844,0.432,0.835,0.847,0.844,1.97,17,1,[109],"[{'块': '块1', '中心': '41.782,123.410', '计划店': 109, '跑到的计划店': 92, '执行率': 0.844, '计划星期': '周一', '实际主力星期': '周一'}]",1,1.0,0.844,0.844,1.0,,4.7,5.4,65.0,12,9,19.3,"[54, 52, 47, 32, 47, 0, 0]",0.76,1.0,195,18,区块全开·区块内欠访,"沈阳市（和平区×108, 沈河区×10）：计划 109 店 / 118 次，分成 1 个区块（最大区块 109 店）。 地盘东西 4.7 × 南北 5.4 km；区块内店距中位 65 m。 节奏：12 个工作日、平均每天 19.3 家店、一天 1.0 个区块、当天作业半径中位 0.76 km；出勤 周一54/周二52/周三47/周四32/周五47；周六、周日 没跑。 ① 区块开工：1 块里他开工了 1 块；② 区块内执行率中位 84%（最弱一块 84%）；③ 区块星期一致 100%。 参考：覆盖 84%、同日 85%、相位 84%、量比 1.97。 结论：区块都开了、星期也守，但**区块内没做全**（存在欠访）。"
NP9903471,济南市,"市中区×186, 历城区×19",192,235,247,181,0.703,0.746,0.661,0.655,0.651,1.05,57,11,"[169, 13, 2, 1, 1]","[{'块': '块1', '中心': '36.620,116.989', '计划店': 169, '跑到的计划店': 117, '执行率': 0.692, '计划星期': '周二', '实际主力星期': '周二'}, {'块': '块2', '中心': '36.501,117.025', '计划店': 13, '跑到的计划店': 13, '执行率': 1.0, '计划星期': '周三', '实际主力星期': '周三'}, {'块': '块3', '中心': '36.681,117.115', '计划店': 2, '跑到的计划店': 1, '执行率': 0.5, '计划星期': '周四', '实际主力星期': '周四'}, {'块': '块4', '中心': '36.652,117.143', '计划店': 1, '跑到的计划店': 0, '执行率': 0.0, '计划星期': '周一', '实际主力星期': '未开工'}, {'块': '块5', '中心': '36.672,117.073', '计划店': 1, '跑到的计划店': 1, '执行率': 1.0, '计划星期': '周四', '实际主力星期': '周四'}, {'块': '块6', '中心': '36.744,117.257', '计划店': 1, '跑到的计划店': 1, '执行率': 1.0, '计划星期': '周四', '实际主力星期': '周四'}, {'块': '块7', '中心': '36.517,116.950', '计划店': 1, '跑到的计划店': 0, '执行率': 0.0, '计划星期': '周五', '实际主力星期': '未开工'}, {'块': '块8', '中心': '36.516,116.907', '计划店': 1, '跑到的计划店': 1, '执行率': 1.0, '计划星期': '周五', '实际主力星期': '周五'}, {'块': '块9', '中心': '36.453,117.068', '计划店': 1, '跑到的计划店': 0, '执行率': 0.0, '计划星期': '周三', '实际主力星期': '未开工'}, {'块': '块10', '中心': '36.708,116.935', '计划店': 1, '跑到的计划店': 0, '执行率': 0.0, '计划星期': '周四', '实际主力星期': '未开工'}, {'块': '块11', '中心': '36.686,117.014', '计划店': 1, '跑到的计划店': 1, '执行率': 1.0, '计划星期': '周四', '实际主力星期': '周四'}]",7,0.636,0.692,0.0,1.0,区块×2店 仅执行 50%,32.1,32.3,194.0,21,9,11.8,"[40, 52, 36, 43, 15, 61, 0]",7.95,2.0,132,49,区块缺了没开,"济南市（市中区×186, 历城区×19）：计划 192 店 / 235 次，分成 11 个区块（最大区块 169 店）。 地盘东西 32.1 × 南北 32.3 km；区块内店距中位 194 m。 节奏：21 个工作日、平均每天 11.8 家店、一天 2.0 个区块、当天作业半径中位 7.95 km；出勤 周一40/周二52/周三36/周四43/周五15/周六61；周日 没跑。 ① 区块开工：11 块里他开工了 7 块；② 区块内执行率中位 69%（最弱一块 0%）；③ 区块星期一致 100%。 参考：覆盖 70%、同日 66%、相位 65%、量比 1.05。 结论：**有 4 个区块整块没开工**，但他开的那几块做得很好（执行率与星期都守）——先问为什么不去那几块。 最冷的区块（计划内执行率最低）：区块×2店 仅执行 50%。"
NP9903482,福州市,"晋安区×249, 鼓楼区×16",246,266,254,231,0.907,0.965,0.907,0.902,0.902,0.95,23,1,[246],"[{'块': '块1', '中心': '26.098,119.327', '计划店': 246, '跑到的计划店': 223, '执行率': 0.907, '计划星期': '周一', '实际主力星期': '周四'}]",1,1.0,0.907,0.907,1.0,,8.0,9.5,84.0,20,12,12.7,"[50, 51, 50, 53, 50, 0, 0]",1.29,1.0,208,23,区块全开·星期照做,"福州市（晋安区×249, 鼓楼区×16）：计划 246 店 / 266 次，分成 1 个区块（最大区块 246 店）。 地盘东西 8.0 × 南北 9.5 km；区块内店距中位 84 m。 节奏：20 个工作日、平均每天 12.7 家店、一天 1.0 个区块、当天作业半径中位 1.29 km；出勤 周一50/周二51/周三50/周四53/周五50；周六、周日 没跑。 ① 区块开工：1 块里他开工了 1 块；② 区块内执行率中位 91%（最弱一块 91%）；③ 区块星期一致 100%。 参考：覆盖 91%、同日 90%、相位 90%、量比 0.95。 结论：**计划怎么划他就怎么做**——区块全开工、区块内做全、星期按计划。"
NP9903501,保定市,"莲池区×102, 竞秀区×66",217,245,256,235,0.645,0.596,0.263,0.139,0.41,1.04,77,11,"[160, 25, 16, 6, 3]","[{'块': '块1', '中心': '38.898,115.499', '计划店': 160, '跑到的计划店': 116, '执行率': 0.725, '计划星期': '周一', '实际主力星期': '周一'}, {'块': '块2', '中心': '39.011,115.648', '计划店': 25, '跑到的计划店': 9, '执行率': 0.36, '计划星期': '周三', '实际主力星期': '周四'}, {'块': '块3', '中心': '38.950,115.330', '计划店': 16, '跑到的计划店': 8, '执行率': 0.5, '计划星期': '周四', '实际主力星期': '周二'}, {'块': '块4', '中心': '39.054,115.438', '计划店': 6, '跑到的计划店': 3, '执行率': 0.5, '计划星期': '周四', '实际主力星期': '周四'}, {'块': '块5', '中心': '39.110,115.507', '计划店': 3, '跑到的计划店': 2, '执行率': 0.667, '计划星期': '周四', '实际主力星期': '周三'}, {'块': '块6', '中心': '39.147,115.502', '计划店': 2, '跑到的计划店': 1, '执行率': 0.5, '计划星期': '周四', '实际主力星期': '周三'}, {'块': '块7', '中心': '38.980,115.601', '计划店': 1, '跑到的计划店': 0, '执行率': 0.0, '计划星期': '周三', '实际主力星期': '未开工'}, {'块': '块8', '中心': '38.935,115.672', '计划店': 1, '跑到的计划店': 0, '执行率': 0.0, '计划星期': '周三', '实际主力星期': '未开工'}, {'块': '块9', '中心': '39.050,115.499', '计划店': 1, '跑到的计划店': 0, '执行率': 0.0, '计划星期': '周四', '实际主力星期': '未开工'}, {'块': '块10', '中心': '39.046,115.530', '计划店': 1, '跑到的计划店': 1, '执行率': 1.0, '计划星期': '周四', '实际主力星期': '周三'}, {'块': '块11', '中心': '38.785,115.307', '计划店': 1, '跑到的计划店': 0, '执行率': 0.0, '计划星期': '周四', '实际主力星期': '未开工'}]",7,0.636,0.5,0.0,0.429,区块×25店 仅执行 36%; 区块×16店 仅执行 50%; 区块×6店 仅执行 50%,32.2,40.4,101.0,20,7,12.8,"[49, 53, 49, 54, 51, 0, 0]",4.06,1.0,218,17,区块缺了没开,"保定市（莲池区×102, 竞秀区×66）：计划 217 店 / 245 次，分成 11 个区块（最大区块 160 店）。 地盘东西 32.2 × 南北 40.4 km；区块内店距中位 101 m。 节奏：20 个工作日、平均每天 12.8 家店、一天 1.0 个区块、当天作业半径中位 4.06 km；出勤 周一49/周二53/周三49/周四54/周五51；周六、周日 没跑。 ① 区块开工：11 块里他开工了 7 块；② 区块内执行率中位 50%（最弱一块 0%）；③ 区块星期一致 43%。 参考：覆盖 64%、同日 14%、相位 41%、量比 1.04。 结论：**有 4 个区块整块没开工**，但他开的那几块做得很好（执行率与星期都守）——先问为什么不去那几块。 最冷的区块（计划内执行率最低）：区块×25店 仅执行 36%; 区块×16店 仅执行 50%; 区块×6店 仅执行 50%。"
NP9903518,太原市,"迎泽区×81, 杏花岭区×52",169,193,223,151,0.633,0.709,0.598,0.549,0.598,1.16,62,2,"[166, 3]","[{'块': '块1', '中心': '37.845,112.566', '计划店': 166, '跑到的计划店': 105, '执行率': 0.633, '计划星期': '周一', '实际主力星期': '周二'}, {'块': '块2', '中心': '37.771,112.484', '计划店': 3, '跑到的计划店': 2, '执行率': 0.667, '计划星期': '周五', '实际主力星期': '周五'}]",2,1.0,0.65,0.633,1.0,,13.2,18.4,217.0,20,8,11.2,"[61, 49, 40, 39, 34, 0, 0]",3.25,1.0,91,60,区块全开·区块内欠访,"太原市（迎泽区×81, 杏花岭区×52）：计划 169 店 / 193 次，分成 2 个区块（最大区块 166 店）。 地盘东西 13.2 × 南北 18.4 km；区块内店距中位 217 m。 节奏：20 个工作日、平均每天 11.2 家店、一天 1.0 个区块、当天作业半径中位 3.25 km；出勤 周一61/周二49/周三40/周四39/周五34；周六、周日 没跑。 ① 区块开工：2 块里他开工了 2 块；② 区块内执行率中位 65%（最弱一块 63%）；③ 区块星期一致 100%。 参考：覆盖 63%、同日 55%、相位 60%、量比 1.16。 结论：区块都开了、星期也守，但**区块内没做全**（存在欠访）。"
NP9903523,淄博市,"博山区×22, 张店区×11",44,44,140,130,0.477,0.162,0.364,0.295,0.341,3.18,23,4,"[21, 11, 11, 1]","[{'块': '块1', '中心': '36.520,117.864', '计划店': 21, '跑到的计划店': 6, '执行率': 0.286, '计划星期': '周四', '实际主力星期': '周三'}, {'块': '块2', '中心': '36.795,118.016', '计划店': 11, '跑到的计划店': 7, '执行率': 0.636, '计划星期': '周一', '实际主力星期': '周一'}, {'块': '块3', '中心': '36.637,117.972', '计划店': 11, '跑到的计划店': 8, '执行率': 0.727, '计划星期': '周五', '实际主力星期': '周五'}, {'块': '块4', '中心': '36.585,117.863', '计划店': 1, '跑到的计划店': 0, '执行率': 0.0, '计划星期': '周五', '实际主力星期': '未开工'}]",3,0.75,0.461,0.0,1.0,区块×21店 仅执行 29%,16.3,35.4,227.0,10,1,14.0,"[22, 31, 34, 32, 19, 0, 2]",0.41,1.0,120,10,区块缺了没开,"淄博市（博山区×22, 张店区×11）：计划 44 店 / 44 次，分成 4 个区块（最大区块 21 店）。 地盘东西 16.3 × 南北 35.4 km；区块内店距中位 227 m。 节奏：10 个工作日、平均每天 14.0 家店、一天 1.0 个区块、当天作业半径中位 0.41 km；出勤 周一22/周二31/周三34/周四32/周五19/周日2；周六 没跑。 ① 区块开工：4 块里他开工了 3 块；② 区块内执行率中位 46%（最弱一块 0%）；③ 区块星期一致 100%。 参考：覆盖 48%、同日 30%、相位 34%、量比 3.18。 结论：**有 1 个区块整块没开工**，但他开的那几块做得很好（执行率与星期都守）——先问为什么不去那几块。 最冷的区块（计划内执行率最低）：区块×21店 仅执行 29%。"
NP9903526,贵阳市,"观山湖区×212, 白云区×15",220,228,264,245,0.877,0.788,0.877,0.882,0.877,1.16,27,1,[220],"[{'块': '块1', '中心': '26.642,106.637', '计划店': 220, '跑到的计划店': 193, '执行率': 0.877, '计划星期': '周一', '实际主力星期': '周一'}]",1,1.0,0.877,0.877,1.0,,7.8,7.9,48.0,19,12,13.9,"[67, 49, 52, 52, 44, 0, 0]",1.01,1.0,227,18,区块全开·星期照做,"贵阳市（观山湖区×212, 白云区×15）：计划 220 店 / 228 次，分成 1 个区块（最大区块 220 店）。 地盘东西 7.8 × 南北 7.9 km；区块内店距中位 48 m。 节奏：19 个工作日、平均每天 13.9 家店、一天 1.0 个区块、当天作业半径中位 1.01 km；出勤 周一67/周二49/周三52/周四52/周五44；周六、周日 没跑。 ① 区块开工：1 块里他开工了 1 块；② 区块内执行率中位 88%（最弱一块 88%）；③ 区块星期一致 100%。 参考：覆盖 88%、同日 88%、相位 88%、量比 1.16。 结论：**计划怎么划他就怎么做**——区块全开工、区块内做全、星期按计划。"
NP9903528,,万州区×124,115,124,223,190,1.0,0.605,1.0,1.0,1.0,1.8,0,1,[115],"[{'块': '块1', '中心': '30.818,108.381', '计划店': 115, '跑到的计划店': 115, '执行率': 1.0, '计划星期': '周二', '实际主力星期': '周四'}]",1,1.0,1.0,1.0,1.0,,5.4,5.0,66.0,21,7,10.6,"[63, 44, 39, 40, 36, 1, 0]",0.98,1.0,160,30,区块全开·星期照做,nan（万州区×124）：计划 115 店 / 124 次，分成 1 个区块（最大区块 115 店）。 地盘东西 5.4 × 南北 5.0 km；区块内店距中位 66 m。 节奏：21 个工作日、平均每天 10.6 家店、一天 1.0 个区块、当天作业半径中位 0.98 km；出勤 周一63/周二44/周三39/周四40/周五36/周六1；周日 没跑。 ① 区块开工：1 块里他开工了 1 块；② 区块内执行率中位 100%（最弱一块 100%）；③ 区块星期一致 100%。 参考：覆盖 100%、同日 100%、相位 100%、量比 1.8。 结论：**计划怎么划他就怎么做**——区块全开工、区块内做全、星期按计划。
NP9903531,广州市,花都区×279,255,279,233,214,0.839,1.0,0.839,0.835,0.839,0.84,41,4,"[243, 10, 1, 1]","[{'块': '块1', '中心': '23.407,113.180', '计划店': 243, '跑到的计划店': 203, '执行率': 0.835, '计划星期': '周一', '实际主力星期': '周三'}, {'块': '块2', '中心': '23.331,113.108', '计划店': 10, '跑到的计划店': 9, '执行率': 0.9, '计划星期': '周五', '实际主力星期': '周五'}, {'块': '块3', '中心': '23.421,113.249', '计划店': 1, '跑到的计划店': 1, '执行率': 1.0, '计划星期': '周三', '实际主力星期': '周三'}, {'块': '块4', '中心': '23.453,113.037', '计划店': 1, '跑到的计划店': 1, '执行率': 1.0, '计划星期': '周一', '实际主力星期': '周一'}]",4,1.0,0.95,0.835,1.0,,22.2,19.5,133.0,20,12,11.7,"[47, 45, 48, 46, 47, 0, 0]",3.03,1.0,195,19,区块全开·星期照做,广州市（花都区×279）：计划 255 店 / 279 次，分成 4 个区块（最大区块 243 店）。 地盘东西 22.2 × 南北 19.5 km；区块内店距中位 133 m。 节奏：20 个工作日、平均每天 11.7 家店、一天 1.0 个区块、当天作业半径中位 3.03 km；出勤 周一47/周二45/周三48/周四46/周五47；周六、周日 没跑。 ① 区块开工：4 块里他开工了 4 块；② 区块内执行率中位 95%（最弱一块 84%）；③ 区块星期一致 100%。 参考：覆盖 84%、同日 84%、相位 84%、量比 0.84。 结论：**计划怎么划他就怎么做**——区块全开工、区块内做全、星期按计划。
NP9903543,韶关市,"武江区×48, 乐昌市×37",86,102,214,208,0.477,0.197,0.071,0.01,0.256,2.1,45,6,"[57, 17, 5, 4, 2]","[{'块': '块1', '中心': '24.793,113.572', '计划店': 57, '跑到的计划店': 35, '执行率': 0.614, '计划星期': '周一', '实际主力星期': '周五'}, {'块': '块2', '中心': '25.123,113.358', '计划店': 17, '跑到的计划店': 4, '执行率': 0.235, '计划星期': '周五', '实际主力星期': '周二'}, {'块': '块3', '中心': '24.824,113.632', '计划店': 5, '跑到的计划店': 1, '执行率': 0.2, '计划星期': '周一', '实际主力星期': '周三'}, {'块': '块4', '中心': '24.776,113.286', '计划店': 4, '跑到的计划店': 1, '执行率': 0.25, '计划星期': '周三', '实际主力星期': '周五'}, {'块': '块5', '中心': '25.283,113.059', '计划店': 2, '跑到的计划店': 0, '执行率': 0.0, '计划星期': '周五', '实际主力星期': '未开工'}, {'块': '块6', '中心': '24.743,113.528', '计划店': 1, '跑到的计划店': 0, '执行率': 0.0, '计划星期': '周四', '实际主力星期': '未开工'}]",4,0.667,0.218,0.0,0.25,区块×5店 仅执行 20%; 区块×17店 仅执行 24%; 区块×4店 仅执行 25%,59.5,60.3,321.0,17,2,12.6,"[43, 47, 45, 33, 46, 0, 0]",2.49,1.0,202,6,区块缺了没开,"韶关市（武江区×48, 乐昌市×37）：计划 86 店 / 102 次，分成 6 个区块（最大区块 57 店）。 地盘东西 59.5 × 南北 60.3 km；区块内店距中位 321 m。 节奏：17 个工作日、平均每天 12.6 家店、一天 1.0 个区块、当天作业半径中位 2.49 km；出勤 周一43/周二47/周三45/周四33/周五46；周六、周日 没跑。 ① 区块开工：6 块里他开工了 4 块；② 区块内执行率中位 22%（最弱一块 0%）；③ 区块星期一致 25%。 参考：覆盖 48%、同日 1%、相位 26%、量比 2.1。 结论：**有 2 个区块整块没开工**，但他开的那几块做得很好（执行率与星期都守）——先问为什么不去那几块。 最冷的区块（计划内执行率最低）：区块×5店 仅执行 20%; 区块×17店 仅执行 24%; 区块×4店 仅执行 25%。"
NP9903544,昆明市,"官渡区×190, 盘龙区×1",187,191,276,249,0.968,0.727,0.968,0.969,0.968,1.45,6,1,[187],"[{'块': '块1', '中心': '24.961,102.759', '计划店': 187, '跑到的计划店': 181, '执行率': 0.968, '计划星期': '周二', '实际主力星期': '周二'}]",1,1.0,0.968,0.968,1.0,,7.0,5.7,50.0,19,11,14.5,"[70, 52, 52, 53, 49, 0, 0]",0.75,1.0,225,24,区块全开·星期照做,"昆明市（官渡区×190, 盘龙区×1）：计划 187 店 / 191 次，分成 1 个区块（最大区块 187 店）。 地盘东西 7.0 × 南北 5.7 km；区块内店距中位 50 m。 节奏：19 个工作日、平均每天 14.5 家店、一天 1.0 个区块、当天作业半径中位 0.75 km；出勤 周一70/周二52/周三52/周四53/周五49；周六、周日 没跑。 ① 区块开工：1 块里他开工了 1 块；② 区块内执行率中位 97%（最弱一块 97%）；③ 区块星期一致 100%。 参考：覆盖 97%、同日 97%、相位 97%、量比 1.45。 结论：**计划怎么划他就怎么做**——区块全开工、区块内做全、星期按计划。"
NP9903548,西安市,"新城区×149, 碑林区×52",202,212,338,296,0.995,0.679,0.995,0.995,0.995,1.59,1,1,[202],"[{'块': '块1', '中心': '34.268,108.993', '计划店': 202, '跑到的计划店': 201, '执行率': 0.995, '计划星期': '周一', '实际主力星期': '周一'}]",1,1.0,0.995,0.995,1.0,,7.6,6.3,49.0,19,12,17.8,"[84, 68, 52, 69, 65, 0, 0]",1.74,1.0,258,38,区块全开·星期照做,"西安市（新城区×149, 碑林区×52）：计划 202 店 / 212 次，分成 1 个区块（最大区块 202 店）。 地盘东西 7.6 × 南北 6.3 km；区块内店距中位 49 m。 节奏：19 个工作日、平均每天 17.8 家店、一天 1.0 个区块、当天作业半径中位 1.74 km；出勤 周一84/周二68/周三52/周四69/周五65；周六、周日 没跑。 ① 区块开工：1 块里他开工了 1 块；② 区块内执行率中位 100%（最弱一块 100%）；③ 区块星期一致 100%。 参考：覆盖 100%、同日 100%、相位 100%、量比 1.59。 结论：**计划怎么划他就怎么做**——区块全开工、区块内做全、星期按计划。"
NP9903549,沈阳市,"于洪区×35, 铁西区×6",40,41,261,236,0.625,0.106,0.55,0.561,0.55,6.37,15,3,"[25, 12, 3]","[{'块': '块1', '中心': '41.772,123.336', '计划店': 25, '跑到的计划店': 14, '执行率': 0.56, '计划星期': '周二', '实际主力星期': '周二'}, {'块': '块2', '中心': '41.863,123.362', '计划店': 12, '跑到的计划店': 10, '执行率': 0.833, '计划星期': '周三', '实际主力星期': '周三'}, {'块': '块3', '中心': '41.791,123.200', '计划店': 3, '跑到的计划店': 1, '执行率': 0.333, '计划星期': '周一', '实际主力星期': '周三'}]",3,1.0,0.56,0.333,0.667,区块×3店 仅执行 33%; 区块×25店 仅执行 56%,15.4,14.6,169.0,11,2,23.7,"[45, 48, 70, 50, 48, 0, 0]",1.18,1.0,212,24,区块全开·店和星期都有欠,"沈阳市（于洪区×35, 铁西区×6）：计划 40 店 / 41 次，分成 3 个区块（最大区块 25 店）。 地盘东西 15.4 × 南北 14.6 km；区块内店距中位 169 m。 节奏：11 个工作日、平均每天 23.7 家店、一天 1.0 个区块、当天作业半径中位 1.18 km；出勤 周一45/周二48/周三70/周四50/周五48；周六、周日 没跑。 ① 区块开工：3 块里他开工了 3 块；② 区块内执行率中位 56%（最弱一块 33%）；③ 区块星期一致 67%。 参考：覆盖 62%、同日 56%、相位 55%、量比 6.37。 结论：区块开了，但店没做全、星期也没守——属于执行力不足，要具体看到底缺在哪块。 最冷的区块（计划内执行率最低）：区块×3店 仅执行 33%; 区块×25店 仅执行 56%。"
NP9903555,临沂市,"罗庄区×169, 兰山区×90",252,259,178,177,0.341,0.486,0.222,0.197,0.278,0.69,166,1,[252],"[{'块': '块1', '中心': '35.023,118.306', '计划店': 252, '跑到的计划店': 86, '执行率': 0.341, '计划星期': '周一', '实际主力星期': '周四'}]",1,1.0,0.341,0.341,1.0,区块×252店 仅执行 34%,17.3,21.8,180.0,19,4,9.4,"[31, 13, 27, 30, 25, 36, 16]",2.64,1.0,176,1,区块全开·区块内欠访,"临沂市（罗庄区×169, 兰山区×90）：计划 252 店 / 259 次，分成 1 个区块（最大区块 252 店）。 地盘东西 17.3 × 南北 21.8 km；区块内店距中位 180 m。 节奏：19 个工作日、平均每天 9.4 家店、一天 1.0 个区块、当天作业半径中位 2.64 km；出勤 周一31/周二13/周三27/周四30/周五25/周六36/周日16。 ① 区块开工：1 块里他开工了 1 块；② 区块内执行率中位 34%（最弱一块 34%）；③ 区块星期一致 100%。 参考：覆盖 34%、同日 20%、相位 28%、量比 0.69。 结论：区块都开了、星期也守，但**区块内没做全**（存在欠访）。 最冷的区块（计划内执行率最低）：区块×252店 仅执行 34%。"
NP9903569,广州市,"增城区×225, 黄埔区×5",215,231,180,176,0.791,0.966,0.791,0.753,0.767,0.78,45,2,"[206, 9]","[{'块': '块1', '中心': '23.185,113.645', '计划店': 206, '跑到的计划店': 161, '执行率': 0.782, '计划星期': '周一', '实际主力星期': '周四'}, {'块': '块2', '中心': '23.122,113.653', '计划店': 9, '跑到的计划店': 9, '执行率': 1.0, '计划星期': '周二', '实际主力星期': '周二'}]",2,1.0,0.891,0.782,1.0,,22.5,12.2,55.0,19,10,9.5,"[32, 31, 33, 40, 44, 0, 0]",1.45,1.0,172,4,区块全开·星期照做,"广州市（增城区×225, 黄埔区×5）：计划 215 店 / 231 次，分成 2 个区块（最大区块 206 店）。 地盘东西 22.5 × 南北 12.2 km；区块内店距中位 55 m。 节奏：19 个工作日、平均每天 9.5 家店、一天 1.0 个区块、当天作业半径中位 1.45 km；出勤 周一32/周二31/周三33/周四40/周五44；周六、周日 没跑。 ① 区块开工：2 块里他开工了 2 块；② 区块内执行率中位 89%（最弱一块 78%）；③ 区块星期一致 100%。 参考：覆盖 79%、同日 75%、相位 77%、量比 0.78。 结论：**计划怎么划他就怎么做**——区块全开工、区块内做全、星期按计划。"
NP9903584,达州市,"达川区×164, 通川区×60",208,224,238,214,0.923,0.897,0.918,0.924,0.923,1.06,16,1,[208],"[{'块': '块1', '中心': '31.198,107.508', '计划店': 208, '跑到的计划店': 192, '执行率': 0.923, '计划星期': '周一', '实际主力星期': '周一'}]",1,1.0,0.923,0.923,1.0,,6.1,7.9,35.0,21,11,11.3,"[58, 48, 44, 42, 46, 0, 0]",0.64,1.0,193,21,区块全开·星期照做,"达州市（达川区×164, 通川区×60）：计划 208 店 / 224 次，分成 1 个区块（最大区块 208 店）。 地盘东西 6.1 × 南北 7.9 km；区块内店距中位 35 m。 节奏：21 个工作日、平均每天 11.3 家店、一天 1.0 个区块、当天作业半径中位 0.64 km；出勤 周一58/周二48/周三44/周四42/周五46；周六、周日 没跑。 ① 区块开工：1 块里他开工了 1 块；② 区块内执行率中位 92%（最弱一块 92%）；③ 区块星期一致 100%。 参考：覆盖 92%、同日 92%、相位 92%、量比 1.06。 结论：**计划怎么划他就怎么做**——区块全开工、区块内做全、星期按计划。"
NP9903585,西安市,"未央区×258, 灞桥区×6",248,269,387,290,0.851,0.728,0.831,0.818,0.839,1.44,37,1,[248],"[{'块': '块1', '中心': '34.313,108.969', '计划店': 248, '跑到的计划店': 211, '执行率': 0.851, '计划星期': '周一', '实际主力星期': '周一'}]",1,1.0,0.851,0.851,1.0,,10.2,5.2,52.0,22,12,17.6,"[110, 68, 68, 61, 70, 10, 0]",1.81,1.0,219,71,区块全开·星期照做,"西安市（未央区×258, 灞桥区×6）：计划 248 店 / 269 次，分成 1 个区块（最大区块 248 店）。 地盘东西 10.2 × 南北 5.2 km；区块内店距中位 52 m。 节奏：22 个工作日、平均每天 17.6 家店、一天 1.0 个区块、当天作业半径中位 1.81 km；出勤 周一110/周二68/周三68/周四61/周五70/周六10；周日 没跑。 ① 区块开工：1 块里他开工了 1 块；② 区块内执行率中位 85%（最弱一块 85%）；③ 区块星期一致 100%。 参考：覆盖 85%、同日 82%、相位 84%、量比 1.44。 结论：**计划怎么划他就怎么做**——区块全开工、区块内做全、星期按计划。"
NP9903602,广州市,"白云区×230, 花都区×2",211,233,259,228,0.986,0.912,0.986,0.987,0.986,1.11,3,3,"[180, 22, 9]","[{'块': '块1', '中心': '23.334,113.391', '计划店': 180, '跑到的计划店': 177, '执行率': 0.983, '计划星期': '周一', '实际主力星期': '周一'}, {'块': '块2', '中心': '23.353,113.291', '计划店': 22, '跑到的计划店': 22, '执行率': 1.0, '计划星期': '周二', '实际主力星期': '周二'}, {'块': '块3', '中心': '23.316,113.478', '计划店': 9, '跑到的计划店': 9, '执行率': 1.0, '计划星期': '周三', '实际主力星期': '周三'}]",3,1.0,1.0,0.983,1.0,,20.6,20.9,140.0,21,11,12.3,"[65, 50, 49, 47, 48, 0, 0]",6.16,1.0,203,25,区块全开·星期照做,"广州市（白云区×230, 花都区×2）：计划 211 店 / 233 次，分成 3 个区块（最大区块 180 店）。 地盘东西 20.6 × 南北 20.9 km；区块内店距中位 140 m。 节奏：21 个工作日、平均每天 12.3 家店、一天 1.0 个区块、当天作业半径中位 6.16 km；出勤 周一65/周二50/周三49/周四47/周五48；周六、周日 没跑。 ① 区块开工：3 块里他开工了 3 块；② 区块内执行率中位 100%（最弱一块 98%）；③ 区块星期一致 100%。 参考：覆盖 99%、同日 99%、相位 99%、量比 1.11。 结论：**计划怎么划他就怎么做**——区块全开工、区块内做全、星期按计划。"
NP9903604,重庆市,"巴南区×27, 南岸区×7",35,35,304,229,0.971,0.148,0.971,0.971,0.971,8.69,1,3,"[27, 7, 1]","[{'块': '块1', '中心': '29.392,106.530', '计划店': 27, '跑到的计划店': 26, '执行率': 0.963, '计划星期': '周一', '实际主力星期': '周一'}, {'块': '块2', '中心': '29.502,106.652', '计划店': 7, '跑到的计划店': 7, '执行率': 1.0, '计划星期': '周五', '实际主力星期': '周五'}, {'块': '块3', '中心': '29.454,106.628', '计划店': 1, '跑到的计划店': 1, '执行率': 1.0, '计划星期': '周三', '实际主力星期': '周三'}]",3,1.0,1.0,0.963,1.0,,15.8,15.2,147.0,14,2,21.7,"[72, 60, 55, 56, 61, 0, 0]",1.26,1.0,163,66,区块全开·星期照做,"重庆市（巴南区×27, 南岸区×7）：计划 35 店 / 35 次，分成 3 个区块（最大区块 27 店）。 地盘东西 15.8 × 南北 15.2 km；区块内店距中位 147 m。 节奏：14 个工作日、平均每天 21.7 家店、一天 1.0 个区块、当天作业半径中位 1.26 km；出勤 周一72/周二60/周三55/周四56/周五61；周六、周日 没跑。 ① 区块开工：3 块里他开工了 3 块；② 区块内执行率中位 100%（最弱一块 96%）；③ 区块星期一致 100%。 参考：覆盖 97%、同日 97%、相位 97%、量比 8.69。 结论：**计划怎么划他就怎么做**——区块全开工、区块内做全、星期按计划。"
NP9903607,衡阳市,"蒸湘区×84, 珠晖区×72",220,246,238,209,0.841,0.885,0.827,0.829,0.836,0.97,35,1,[220],"[{'块': '块1', '中心': '26.902,112.611', '计划店': 220, '跑到的计划店': 185, '执行率': 0.841, '计划星期': '周一', '实际主力星期': '周一'}]",1,1.0,0.841,0.841,1.0,,12.1,9.4,61.0,19,12,12.5,"[69, 56, 36, 37, 36, 0, 4]",2.6,1.0,182,27,区块全开·区块内欠访,"衡阳市（蒸湘区×84, 珠晖区×72）：计划 220 店 / 246 次，分成 1 个区块（最大区块 220 店）。 地盘东西 12.1 × 南北 9.4 km；区块内店距中位 61 m。 节奏：19 个工作日、平均每天 12.5 家店、一天 1.0 个区块、当天作业半径中位 2.6 km；出勤 周一69/周二56/周三36/周四37/周五36/周日4；周六 没跑。 ① 区块开工：1 块里他开工了 1 块；② 区块内执行率中位 84%（最弱一块 84%）；③ 区块星期一致 100%。 参考：覆盖 84%、同日 83%、相位 84%、量比 0.97。 结论：区块都开了、星期也守，但**区块内没做全**（存在欠访）。"
NP9903613,韶关市,"仁化县×58, 曲江区×36",122,130,241,227,0.336,0.181,0.046,0.031,0.189,1.85,81,8,"[61, 32, 17, 8, 1]","[{'块': '块1', '中心': '24.677,113.596', '计划店': 61, '跑到的计划店': 26, '执行率': 0.426, '计划星期': '周一', '实际主力星期': '周五'}, {'块': '块2', '中心': '24.357,114.128', '计划店': 32, '跑到的计划店': 14, '执行率': 0.438, '计划星期': '周五', '实际主力星期': '周三'}, {'块': '块3', '中心': '25.042,113.750', '计划店': 17, '跑到的计划店': 0, '执行率': 0.0, '计划星期': '周二', '实际主力星期': '未开工'}, {'块': '块4', '中心': '25.089,113.750', '计划店': 8, '跑到的计划店': 0, '执行率': 0.0, '计划星期': '周四', '实际主力星期': '未开工'}, {'块': '块5', '中心': '24.671,113.528', '计划店': 1, '跑到的计划店': 1, '执行率': 1.0, '计划星期': '周二', '实际主力星期': '周二'}, {'块': '块6', '中心': '24.965,113.824', '计划店': 1, '跑到的计划店': 0, '执行率': 0.0, '计划星期': '周三', '实际主力星期': '未开工'}, {'块': '块7', '中心': '24.996,113.795', '计划店': 1, '跑到的计划店': 0, '执行率': 0.0, '计划星期': '周三', '实际主力星期': '未开工'}, {'块': '块8', '中心': '25.324,113.928', '计划店': 1, '跑到的计划店': 0, '执行率': 0.0, '计划星期': '周三', '实际主力星期': '未开工'}]",3,0.375,0.0,0.0,0.667,区块×61店 仅执行 43%; 区块×32店 仅执行 44%,61.9,108.4,116.0,18,2,13.4,"[61, 48, 46, 37, 49, 0, 0]",0.93,1.0,214,13,区块大面积没开工,"韶关市（仁化县×58, 曲江区×36）：计划 122 店 / 130 次，分成 8 个区块（最大区块 61 店）。 地盘东西 61.9 × 南北 108.4 km；区块内店距中位 116 m。 节奏：18 个工作日、平均每天 13.4 家店、一天 1.0 个区块、当天作业半径中位 0.93 km；出勤 周一61/周二48/周三46/周四37/周五49；周六、周日 没跑。 ① 区块开工：8 块里他开工了 3 块；② 区块内执行率中位 0%（最弱一块 0%）；③ 区块星期一致 67%。 参考：覆盖 34%、同日 3%、相位 19%、量比 1.85。 结论：**有区块整块没开工**（5 块），先问为什么不去，而不是谈执行率。 最冷的区块（计划内执行率最低）：区块×61店 仅执行 43%; 区块×32店 仅执行 44%。"
NP9903614,昆明市,"官渡区×45, 西山区×31",76,77,277,239,0.987,0.314,0.987,0.987,0.987,3.6,1,2,"[75, 1]","[{'块': '块1', '中心': '24.994,102.724', '计划店': 75, '跑到的计划店': 74, '执行率': 0.987, '计划星期': '周一', '实际主力星期': '周一'}, {'块': '块2', '中心': '25.063,102.688', '计划店': 1, '跑到的计划店': 1, '执行率': 1.0, '计划星期': '周四', '实际主力星期': '周四'}]",2,1.0,0.993,0.987,1.0,,7.2,14.5,41.0,17,6,16.3,"[73, 53, 56, 52, 43, 0, 0]",0.81,1.0,206,33,区块全开·星期照做,"昆明市（官渡区×45, 西山区×31）：计划 76 店 / 77 次，分成 2 个区块（最大区块 75 店）。 地盘东西 7.2 × 南北 14.5 km；区块内店距中位 41 m。 节奏：17 个工作日、平均每天 16.3 家店、一天 1.0 个区块、当天作业半径中位 0.81 km；出勤 周一73/周二53/周三56/周四52/周五43；周六、周日 没跑。 ① 区块开工：2 块里他开工了 2 块；② 区块内执行率中位 99%（最弱一块 99%）；③ 区块星期一致 100%。 参考：覆盖 99%、同日 99%、相位 99%、量比 3.6。 结论：**计划怎么划他就怎么做**——区块全开工、区块内做全、星期按计划。"
NP9903617,海口市,"秀英区×172, 龙华区×39",190,211,267,217,0.989,0.866,0.989,0.991,0.989,1.27,2,5,"[162, 25, 1, 1, 1]","[{'块': '块1', '中心': '20.003,110.276', '计划店': 162, '跑到的计划店': 161, '执行率': 0.994, '计划星期': '周一', '实际主力星期': '周一'}, {'块': '块2', '中心': '20.049,110.191', '计划店': 25, '跑到的计划店': 24, '执行率': 0.96, '计划星期': '周三', '实际主力星期': '周三'}, {'块': '块3', '中心': '20.038,110.330', '计划店': 1, '跑到的计划店': 1, '执行率': 1.0, '计划星期': '周二', '实际主力星期': '周二'}, {'块': '块4', '中心': '19.929,110.222', '计划店': 1, '跑到的计划店': 1, '执行率': 1.0, '计划星期': '周一', '实际主力星期': '周一'}, {'块': '块5', '中心': '19.953,110.270', '计划店': 1, '跑到的计划店': 1, '执行率': 1.0, '计划星期': '周一', '实际主力星期': '周一'}]",5,1.0,1.0,0.96,1.0,,14.8,14.4,46.0,21,11,12.7,"[67, 48, 47, 51, 52, 2, 0]",1.88,1.0,169,48,区块全开·星期照做,"海口市（秀英区×172, 龙华区×39）：计划 190 店 / 211 次，分成 5 个区块（最大区块 162 店）。 地盘东西 14.8 × 南北 14.4 km；区块内店距中位 46 m。 节奏：21 个工作日、平均每天 12.7 家店、一天 1.0 个区块、当天作业半径中位 1.88 km；出勤 周一67/周二48/周三47/周四51/周五52/周六2；周日 没跑。 ① 区块开工：5 块里他开工了 5 块；② 区块内执行率中位 100%（最弱一块 96%）；③ 区块星期一致 100%。 参考：覆盖 99%、同日 99%、相位 99%、量比 1.27。 结论：**计划怎么划他就怎么做**——区块全开工、区块内做全、星期按计划。"
NP9903619,南昌市,"青山湖区×250, 青云谱区×2",233,252,219,188,0.665,0.824,0.665,0.679,0.657,0.87,78,3,"[224, 8, 1]","[{'块': '块1', '中心': '28.666,115.949', '计划店': 224, '跑到的计划店': 146, '执行率': 0.652, '计划星期': '周一', '实际主力星期': '周一'}, {'块': '块2', '中心': '28.749,115.853', '计划店': 8, '跑到的计划店': 8, '执行率': 1.0, '计划星期': '周三', '实际主力星期': '周三'}, {'块': '块3', '中心': '28.735,115.950', '计划店': 1, '跑到的计划店': 1, '执行率': 1.0, '计划星期': '周三', '实际主力星期': '周三'}]",3,1.0,1.0,0.652,1.0,,18.0,19.0,88.0,19,11,11.5,"[60, 44, 47, 45, 23, 0, 0]",3.26,1.0,164,24,区块全开·星期照做,"南昌市（青山湖区×250, 青云谱区×2）：计划 233 店 / 252 次，分成 3 个区块（最大区块 224 店）。 地盘东西 18.0 × 南北 19.0 km；区块内店距中位 88 m。 节奏：19 个工作日、平均每天 11.5 家店、一天 1.0 个区块、当天作业半径中位 3.26 km；出勤 周一60/周二44/周三47/周四45/周五23；周六、周日 没跑。 ① 区块开工：3 块里他开工了 3 块；② 区块内执行率中位 100%（最弱一块 65%）；③ 区块星期一致 100%。 参考：覆盖 66%、同日 68%、相位 66%、量比 0.87。 结论：**计划怎么划他就怎么做**——区块全开工、区块内做全、星期按计划。"
NP9903624,重庆市,永川区×62,61,62,238,222,1.0,0.275,1.0,1.0,1.0,3.84,0,3,"[58, 2, 1]","[{'块': '块1', '中心': '29.355,105.936', '计划店': 58, '跑到的计划店': 58, '执行率': 1.0, '计划星期': '周一', '实际主力星期': '周五'}, {'块': '块2', '中心': '29.336,105.828', '计划店': 2, '跑到的计划店': 2, '执行率': 1.0, '计划星期': '周五', '实际主力星期': '周五'}, {'块': '块3', '中心': '29.357,105.885', '计划店': 1, '跑到的计划店': 1, '执行率': 1.0, '计划星期': '周二', '实际主力星期': '周二'}]",3,1.0,1.0,1.0,1.0,,14.2,5.6,91.0,11,6,21.6,"[49, 47, 46, 47, 49, 0, 0]",0.66,1.0,206,16,区块全开·星期照做,重庆市（永川区×62）：计划 61 店 / 62 次，分成 3 个区块（最大区块 58 店）。 地盘东西 14.2 × 南北 5.6 km；区块内店距中位 91 m。 节奏：11 个工作日、平均每天 21.6 家店、一天 1.0 个区块、当天作业半径中位 0.66 km；出勤 周一49/周二47/周三46/周四47/周五49；周六、周日 没跑。 ① 区块开工：3 块里他开工了 3 块；② 区块内执行率中位 100%（最弱一块 100%）；③ 区块星期一致 100%。 参考：覆盖 100%、同日 100%、相位 100%、量比 3.84。 结论：**计划怎么划他就怎么做**——区块全开工、区块内做全、星期按计划。
NP9903627,昆明市,"盘龙区×7, 五华区×1",6,8,188,169,1.0,0.036,1.0,1.0,1.0,23.5,0,1,[6],"[{'块': '块1', '中心': '25.089,102.736', '计划店': 6, '跑到的计划店': 6, '执行率': 1.0, '计划星期': '周一', '实际主力星期': '周一'}]",1,1.0,1.0,1.0,1.0,,2.1,3.4,671.0,11,1,17.1,"[54, 30, 38, 25, 41, 0, 0]",0.52,1.0,155,14,区块全开·星期照做,"昆明市（盘龙区×7, 五华区×1）：计划 6 店 / 8 次，分成 1 个区块（最大区块 6 店）。 地盘东西 2.1 × 南北 3.4 km；区块内店距中位 671 m。 节奏：11 个工作日、平均每天 17.1 家店、一天 1.0 个区块、当天作业半径中位 0.52 km；出勤 周一54/周二30/周三38/周四25/周五41；周六、周日 没跑。 ① 区块开工：1 块里他开工了 1 块；② 区块内执行率中位 100%（最弱一块 100%）；③ 区块星期一致 100%。 参考：覆盖 100%、同日 100%、相位 100%、量比 23.5。 结论：**计划怎么划他就怎么做**——区块全开工、区块内做全、星期按计划。"
NP9903644,湛江市,"霞山区×221, 赤坎区×2",207,224,254,234,0.995,0.88,0.995,0.996,0.995,1.13,1,1,[207],"[{'块': '块1', '中心': '21.207,110.406', '计划店': 207, '跑到的计划店': 206, '执行率': 0.995, '计划星期': '周三', '实际主力星期': '周三'}]",1,1.0,0.995,0.995,1.0,,4.5,8.0,55.0,20,12,12.7,"[44, 36, 48, 48, 48, 15, 15]",1.1,1.0,214,20,区块全开·星期照做,"湛江市（霞山区×221, 赤坎区×2）：计划 207 店 / 224 次，分成 1 个区块（最大区块 207 店）。 地盘东西 4.5 × 南北 8.0 km；区块内店距中位 55 m。 节奏：20 个工作日、平均每天 12.7 家店、一天 1.0 个区块、当天作业半径中位 1.1 km；出勤 周一44/周二36/周三48/周四48/周五48/周六15/周日15。 ① 区块开工：1 块里他开工了 1 块；② 区块内执行率中位 100%（最弱一块 100%）；③ 区块星期一致 100%。 参考：覆盖 100%、同日 100%、相位 100%、量比 1.13。 结论：**计划怎么划他就怎么做**——区块全开工、区块内做全、星期按计划。"
NP9903655,玉林市,玉州区×212,186,212,282,221,0.957,0.805,0.959,0.962,0.957,1.33,8,1,[186],"[{'块': '块1', '中心': '22.627,110.164', '计划店': 186, '跑到的计划店': 178, '执行率': 0.957, '计划星期': '周一', '实际主力星期': '周一'}]",1,1.0,0.957,0.957,1.0,,5.6,6.3,61.0,20,12,14.1,"[70, 55, 43, 59, 55, 0, 0]",2.16,1.0,176,45,区块全开·星期照做,玉林市（玉州区×212）：计划 186 店 / 212 次，分成 1 个区块（最大区块 186 店）。 地盘东西 5.6 × 南北 6.3 km；区块内店距中位 61 m。 节奏：20 个工作日、平均每天 14.1 家店、一天 1.0 个区块、当天作业半径中位 2.16 km；出勤 周一70/周二55/周三43/周四59/周五55；周六、周日 没跑。 ① 区块开工：1 块里他开工了 1 块；② 区块内执行率中位 96%（最弱一块 96%）；③ 区块星期一致 100%。 参考：覆盖 96%、同日 96%、相位 96%、量比 1.33。 结论：**计划怎么划他就怎么做**——区块全开工、区块内做全、星期按计划。
NP9903656,天津市,"河东区×249, 河北区×5",231,256,212,204,0.524,0.593,0.19,0.082,0.26,0.83,110,1,[231],"[{'块': '块1', '中心': '39.126,117.250', '计划店': 231, '跑到的计划店': 121, '执行率': 0.524, '计划星期': '周一', '实际主力星期': '周五'}]",1,1.0,0.524,0.524,1.0,区块×231店 仅执行 52%,8.5,8.2,63.0,20,5,10.6,"[48, 41, 38, 40, 45, 0, 0]",3.32,1.0,197,7,区块全开·区块内欠访,"天津市（河东区×249, 河北区×5）：计划 231 店 / 256 次，分成 1 个区块（最大区块 231 店）。 地盘东西 8.5 × 南北 8.2 km；区块内店距中位 63 m。 节奏：20 个工作日、平均每天 10.6 家店、一天 1.0 个区块、当天作业半径中位 3.32 km；出勤 周一48/周二41/周三38/周四40/周五45；周六、周日 没跑。 ① 区块开工：1 块里他开工了 1 块；② 区块内执行率中位 52%（最弱一块 52%）；③ 区块星期一致 100%。 参考：覆盖 52%、同日 8%、相位 26%、量比 0.83。 结论：区块都开了、星期也守，但**区块内没做全**（存在欠访）。 最冷的区块（计划内执行率最低）：区块×231店 仅执行 52%。"
NP9903659,长沙市,"岳麓区×191, 望城区×2",178,193,254,216,0.966,0.796,0.966,0.969,0.966,1.32,6,1,[178],"[{'块': '块1', '中心': '28.224,112.921', '计划店': 178, '跑到的计划店': 172, '执行率': 0.966, '计划星期': '周一', '实际主力星期': '周四'}]",1,1.0,0.966,0.966,1.0,,13.4,7.0,95.0,18,11,14.1,"[44, 33, 36, 80, 61, 0, 0]",1.47,1.0,179,37,区块全开·星期照做,"长沙市（岳麓区×191, 望城区×2）：计划 178 店 / 193 次，分成 1 个区块（最大区块 178 店）。 地盘东西 13.4 × 南北 7.0 km；区块内店距中位 95 m。 节奏：18 个工作日、平均每天 14.1 家店、一天 1.0 个区块、当天作业半径中位 1.47 km；出勤 周一44/周二33/周三36/周四80/周五61；周六、周日 没跑。 ① 区块开工：1 块里他开工了 1 块；② 区块内执行率中位 97%（最弱一块 97%）；③ 区块星期一致 100%。 参考：覆盖 97%、同日 97%、相位 97%、量比 1.32。 结论：**计划怎么划他就怎么做**——区块全开工、区块内做全、星期按计划。"
NP9903667,江门市,"江海区×99, 新会区×26",116,125,257,200,0.422,0.245,0.078,0.016,0.25,2.06,67,4,"[91, 9, 9, 7]","[{'块': '块1', '中心': '22.554,113.124', '计划店': 91, '跑到的计划店': 37, '执行率': 0.407, '计划星期': '周三', '实际主力星期': '周二'}, {'块': '块2', '中心': '22.204,113.092', '计划店': 9, '跑到的计划店': 7, '执行率': 0.778, '计划星期': '周一', '实际主力星期': '周三'}, {'块': '块3', '中心': '22.353,113.113', '计划店': 9, '跑到的计划店': 3, '执行率': 0.333, '计划星期': '周一', '实际主力星期': '周四'}, {'块': '块4', '中心': '22.482,113.209', '计划店': 7, '跑到的计划店': 2, '执行率': 0.286, '计划星期': '周三', '实际主力星期': '周三'}]",4,1.0,0.37,0.286,0.75,区块×7店 仅执行 29%; 区块×9店 仅执行 33%; 区块×91店 仅执行 41%,13.5,44.2,142.0,19,4,13.5,"[59, 54, 48, 58, 38, 0, 0]",5.14,1.0,149,51,区块全开·店和星期都有欠,"江门市（江海区×99, 新会区×26）：计划 116 店 / 125 次，分成 4 个区块（最大区块 91 店）。 地盘东西 13.5 × 南北 44.2 km；区块内店距中位 142 m。 节奏：19 个工作日、平均每天 13.5 家店、一天 1.0 个区块、当天作业半径中位 5.14 km；出勤 周一59/周二54/周三48/周四58/周五38；周六、周日 没跑。 ① 区块开工：4 块里他开工了 4 块；② 区块内执行率中位 37%（最弱一块 29%）；③ 区块星期一致 75%。 参考：覆盖 42%、同日 2%、相位 25%、量比 2.06。 结论：区块开了，但店没做全、星期也没守——属于执行力不足，要具体看到底缺在哪块。 最冷的区块（计划内执行率最低）：区块×7店 仅执行 29%; 区块×9店 仅执行 33%; 区块×91店 仅执行 41%。"
NP9903671,南昌市,"红谷滩区×258, 新建区×7",243,265,284,274,0.704,0.624,0.588,0.525,0.638,1.07,72,5,"[230, 7, 3, 2, 1]","[{'块': '块1', '中心': '28.682,115.860', '计划店': 230, '跑到的计划店': 161, '执行率': 0.7, '计划星期': '周一', '实际主力星期': '周一'}, {'块': '块2', '中心': '28.677,115.966', '计划店': 7, '跑到的计划店': 6, '执行率': 0.857, '计划星期': '周三', '实际主力星期': '周三'}, {'块': '块3', '中心': '28.621,115.962', '计划店': 3, '跑到的计划店': 3, '执行率': 1.0, '计划星期': '周三', '实际主力星期': '周三'}, {'块': '块4', '中心': '28.640,115.793', '计划店': 2, '跑到的计划店': 1, '执行率': 0.5, '计划星期': '周四', '实际主力星期': '周四'}, {'块': '块5', '中心': '28.736,115.852', '计划店': 1, '跑到的计划店': 0, '执行率': 0.0, '计划星期': '周二', '实际主力星期': '未开工'}]",4,0.8,0.7,0.0,1.0,区块×2店 仅执行 50%,19.7,14.6,63.0,20,10,14.2,"[69, 37, 60, 64, 54, 0, 0]",2.65,1.0,264,10,区块缺了没开,"南昌市（红谷滩区×258, 新建区×7）：计划 243 店 / 265 次，分成 5 个区块（最大区块 230 店）。 地盘东西 19.7 × 南北 14.6 km；区块内店距中位 63 m。 节奏：20 个工作日、平均每天 14.2 家店、一天 1.0 个区块、当天作业半径中位 2.65 km；出勤 周一69/周二37/周三60/周四64/周五54；周六、周日 没跑。 ① 区块开工：5 块里他开工了 4 块；② 区块内执行率中位 70%（最弱一块 0%）；③ 区块星期一致 100%。 参考：覆盖 70%、同日 52%、相位 64%、量比 1.07。 结论：**有 1 个区块整块没开工**，但他开的那几块做得很好（执行率与星期都守）——先问为什么不去那几块。 最冷的区块（计划内执行率最低）：区块×2店 仅执行 50%。"
NP9903676,荆门市,"掇刀区×132, 东宝区×60",208,227,243,206,0.918,0.927,0.854,0.846,0.909,1.07,17,2,"[173, 35]","[{'块': '块1', '中心': '31.008,112.202', '计划店': 173, '跑到的计划店': 170, '执行率': 0.983, '计划星期': '周二', '实际主力星期': '周二'}, {'块': '块2', '中心': '31.173,112.594', '计划店': 35, '跑到的计划店': 21, '执行率': 0.6, '计划星期': '周一', '实际主力星期': '周五'}]",2,1.0,0.791,0.6,0.5,,42.2,25.5,120.0,20,12,12.2,"[48, 48, 51, 48, 48, 0, 0]",2.08,1.0,169,37,区块全开·店和星期都有欠,"荆门市（掇刀区×132, 东宝区×60）：计划 208 店 / 227 次，分成 2 个区块（最大区块 173 店）。 地盘东西 42.2 × 南北 25.5 km；区块内店距中位 120 m。 节奏：20 个工作日、平均每天 12.2 家店、一天 1.0 个区块、当天作业半径中位 2.08 km；出勤 周一48/周二48/周三51/周四48/周五48；周六、周日 没跑。 ① 区块开工：2 块里他开工了 2 块；② 区块内执行率中位 79%（最弱一块 60%）；③ 区块星期一致 50%。 参考：覆盖 92%、同日 85%、相位 91%、量比 1.07。 结论：区块开了，但店没做全、星期也没守——属于执行力不足，要具体看到底缺在哪块。"
NP9903677,贵阳市,"花溪区×99, 南明区×3",97,102,265,243,0.897,0.358,0.897,0.902,0.897,2.6,10,3,"[90, 5, 2]","[{'块': '块1', '中心': '26.418,106.660', '计划店': 90, '跑到的计划店': 80, '执行率': 0.889, '计划星期': '周三', '实际主力星期': '周三'}, {'块': '块2', '中心': '26.523,106.679', '计划店': 5, '跑到的计划店': 5, '执行率': 1.0, '计划星期': '周一', '实际主力星期': '周一'}, {'块': '块3', '中心': '26.393,106.749', '计划店': 2, '跑到的计划店': 2, '执行率': 1.0, '计划星期': '周四', '实际主力星期': '周四'}]",3,1.0,1.0,0.889,1.0,,13.0,18.2,67.0,16,7,16.6,"[47, 56, 50, 60, 50, 2, 0]",1.69,1.0,225,18,区块全开·星期照做,"贵阳市（花溪区×99, 南明区×3）：计划 97 店 / 102 次，分成 3 个区块（最大区块 90 店）。 地盘东西 13.0 × 南北 18.2 km；区块内店距中位 67 m。 节奏：16 个工作日、平均每天 16.6 家店、一天 1.0 个区块、当天作业半径中位 1.69 km；出勤 周一47/周二56/周三50/周四60/周五50/周六2；周日 没跑。 ① 区块开工：3 块里他开工了 3 块；② 区块内执行率中位 100%（最弱一块 89%）；③ 区块星期一致 100%。 参考：覆盖 90%、同日 90%、相位 90%、量比 2.6。 结论：**计划怎么划他就怎么做**——区块全开工、区块内做全、星期按计划。"
NP9903678,达州市,大竹县×198,197,198,241,216,1.0,0.912,1.0,1.0,1.0,1.22,0,1,[197],"[{'块': '块1', '中心': '30.738,107.211', '计划店': 197, '跑到的计划店': 197, '执行率': 1.0, '计划星期': '周一', '实际主力星期': '周一'}]",1,1.0,1.0,1.0,1.0,,2.7,3.9,41.0,24,10,10.0,"[49, 45, 42, 45, 45, 15, 0]",0.61,1.0,196,20,区块全开·星期照做,达州市（大竹县×198）：计划 197 店 / 198 次，分成 1 个区块（最大区块 197 店）。 地盘东西 2.7 × 南北 3.9 km；区块内店距中位 41 m。 节奏：24 个工作日、平均每天 10.0 家店、一天 1.0 个区块、当天作业半径中位 0.61 km；出勤 周一49/周二45/周三42/周四45/周五45/周六15；周日 没跑。 ① 区块开工：1 块里他开工了 1 块；② 区块内执行率中位 100%（最弱一块 100%）；③ 区块星期一致 100%。 参考：覆盖 100%、同日 100%、相位 100%、量比 1.22。 结论：**计划怎么划他就怎么做**——区块全开工、区块内做全、星期按计划。
NP9903679,乐山市,"市中区×71, 井研县×4",69,75,223,198,1.0,0.348,1.0,1.0,1.0,2.97,0,3,"[54, 11, 4]","[{'块': '块1', '中心': '29.601,103.736', '计划店': 54, '跑到的计划店': 54, '执行率': 1.0, '计划星期': '周三', '实际主力星期': '周二'}, {'块': '块2', '中心': '29.557,103.723', '计划店': 11, '跑到的计划店': 11, '执行率': 1.0, '计划星期': '周三', '实际主力星期': '周一'}, {'块': '块3', '中心': '29.641,104.068', '计划店': 4, '跑到的计划店': 4, '执行率': 1.0, '计划星期': '周四', '实际主力星期': '周四'}]",3,1.0,1.0,1.0,1.0,,34.9,11.2,185.0,13,7,17.2,"[47, 49, 33, 43, 47, 3, 1]",1.24,1.0,174,24,区块全开·星期照做,"乐山市（市中区×71, 井研县×4）：计划 69 店 / 75 次，分成 3 个区块（最大区块 54 店）。 地盘东西 34.9 × 南北 11.2 km；区块内店距中位 185 m。 节奏：13 个工作日、平均每天 17.2 家店、一天 1.0 个区块、当天作业半径中位 1.24 km；出勤 周一47/周二49/周三33/周四43/周五47/周六3/周日1。 ① 区块开工：3 块里他开工了 3 块；② 区块内执行率中位 100%（最弱一块 100%）；③ 区块星期一致 100%。 参考：覆盖 100%、同日 100%、相位 100%、量比 2.97。 结论：**计划怎么划他就怎么做**——区块全开工、区块内做全、星期按计划。"
NP9903685,西安市,"雁塔区×192, 碑林区×63",243,263,308,266,0.626,0.571,0.58,0.574,0.588,1.17,91,1,[243],"[{'块': '块1', '中心': '34.229,108.974', '计划店': 243, '跑到的计划店': 152, '执行率': 0.626, '计划星期': '周一', '实际主力星期': '周三'}]",1,1.0,0.626,0.626,1.0,,15.3,7.2,30.0,19,12,16.2,"[73, 69, 68, 49, 49, 0, 0]",2.14,1.0,226,40,区块全开·区块内欠访,"西安市（雁塔区×192, 碑林区×63）：计划 243 店 / 263 次，分成 1 个区块（最大区块 243 店）。 地盘东西 15.3 × 南北 7.2 km；区块内店距中位 30 m。 节奏：19 个工作日、平均每天 16.2 家店、一天 1.0 个区块、当天作业半径中位 2.14 km；出勤 周一73/周二69/周三68/周四49/周五49；周六、周日 没跑。 ① 区块开工：1 块里他开工了 1 块；② 区块内执行率中位 63%（最弱一块 63%）；③ 区块星期一致 100%。 参考：覆盖 63%、同日 57%、相位 59%、量比 1.17。 结论：区块都开了、星期也守，但**区块内没做全**（存在欠访）。"
NP9903688,中山市,中山市×208,192,208,249,225,0.958,0.818,0.948,0.952,0.958,1.2,8,3,"[152, 29, 11]","[{'块': '块1', '中心': '22.507,113.323', '计划店': 152, '跑到的计划店': 144, '执行率': 0.947, '计划星期': '周一', '实际主力星期': '周一'}, {'块': '块2', '中心': '22.408,113.317', '计划店': 29, '跑到的计划店': 29, '执行率': 1.0, '计划星期': '周三', '实际主力星期': '周三'}, {'块': '块3', '中心': '22.522,113.260', '计划店': 11, '跑到的计划店': 11, '执行率': 1.0, '计划星期': '周四', '实际主力星期': '周四'}]",3,1.0,1.0,0.947,1.0,,10.9,17.4,73.0,22,11,11.3,"[57, 50, 51, 54, 29, 0, 8]",1.36,1.0,203,22,区块全开·星期照做,中山市（中山市×208）：计划 192 店 / 208 次，分成 3 个区块（最大区块 152 店）。 地盘东西 10.9 × 南北 17.4 km；区块内店距中位 73 m。 节奏：22 个工作日、平均每天 11.3 家店、一天 1.0 个区块、当天作业半径中位 1.36 km；出勤 周一57/周二50/周三51/周四54/周五29/周日8；周六 没跑。 ① 区块开工：3 块里他开工了 3 块；② 区块内执行率中位 100%（最弱一块 95%）；③ 区块星期一致 100%。 参考：覆盖 96%、同日 95%、相位 96%、量比 1.2。 结论：**计划怎么划他就怎么做**——区块全开工、区块内做全、星期按计划。
NP9903693,唐山市,"曹妃甸区×36, 路北区×21",59,63,284,241,0.661,0.162,0.492,0.492,0.559,4.51,20,6,"[21, 16, 11, 6, 3]","[{'块': '块1', '中心': '39.658,118.151', '计划店': 21, '跑到的计划店': 19, '执行率': 0.905, '计划星期': '周四', '实际主力星期': '周四'}, {'块': '块2', '中心': '39.276,118.440', '计划店': 16, '跑到的计划店': 8, '执行率': 0.5, '计划星期': '周二', '实际主力星期': '周二'}, {'块': '块3', '中心': '39.062,118.465', '计划店': 11, '跑到的计划店': 8, '执行率': 0.727, '计划星期': '周四', '实际主力星期': '周四'}, {'块': '块4', '中心': '39.627,118.232', '计划店': 6, '跑到的计划店': 1, '执行率': 0.167, '计划星期': '周六', '实际主力星期': '周六'}, {'块': '块5', '中心': '39.197,118.577', '计划店': 3, '跑到的计划店': 1, '执行率': 0.333, '计划星期': '周六', '实际主力星期': '周五'}, {'块': '块6', '中心': '39.160,118.571', '计划店': 2, '跑到的计划店': 2, '执行率': 1.0, '计划星期': '周六', '实际主力星期': '周五'}]",6,1.0,0.614,0.167,0.667,区块×6店 仅执行 17%; 区块×3店 仅执行 33%; 区块×16店 仅执行 50%,39.1,68.5,247.0,15,2,18.9,"[67, 45, 29, 51, 69, 23, 0]",1.33,1.0,206,35,区块全开·店和星期都有欠,"唐山市（曹妃甸区×36, 路北区×21）：计划 59 店 / 63 次，分成 6 个区块（最大区块 21 店）。 地盘东西 39.1 × 南北 68.5 km；区块内店距中位 247 m。 节奏：15 个工作日、平均每天 18.9 家店、一天 1.0 个区块、当天作业半径中位 1.33 km；出勤 周一67/周二45/周三29/周四51/周五69/周六23；周日 没跑。 ① 区块开工：6 块里他开工了 6 块；② 区块内执行率中位 61%（最弱一块 17%）；③ 区块星期一致 67%。 参考：覆盖 66%、同日 49%、相位 56%、量比 4.51。 结论：区块开了，但店没做全、星期也没守——属于执行力不足，要具体看到底缺在哪块。 最冷的区块（计划内执行率最低）：区块×6店 仅执行 17%; 区块×3店 仅执行 33%; 区块×16店 仅执行 50%。"
NP9903694,济南市,"市中区×110, 历下区×97",222,252,117,99,0.284,0.636,0.189,0.163,0.23,0.46,159,3,"[220, 1, 1]","[{'块': '块1', '中心': '36.645,117.019', '计划店': 220, '跑到的计划店': 62, '执行率': 0.282, '计划星期': '周一', '实际主力星期': '周四'}, {'块': '块2', '中心': '36.681,117.080', '计划店': 1, '跑到的计划店': 1, '执行率': 1.0, '计划星期': '周五', '实际主力星期': '周五'}, {'块': '块3', '中心': '36.622,116.959', '计划店': 1, '跑到的计划店': 0, '执行率': 0.0, '计划星期': '周二', '实际主力星期': '未开工'}]",2,0.667,0.282,0.0,1.0,区块×220店 仅执行 28%,11.1,12.4,97.0,14,4,8.4,"[27, 15, 3, 42, 6, 3, 21]",3.9,1.0,82,17,计划与实际几乎不相交,"济南市（市中区×110, 历下区×97）：计划 222 店 / 252 次，分成 3 个区块（最大区块 220 店）。 地盘东西 11.1 × 南北 12.4 km；区块内店距中位 97 m。 节奏：14 个工作日、平均每天 8.4 家店、一天 1.0 个区块、当天作业半径中位 3.9 km；出勤 周一27/周二15/周三3/周四42/周五6/周六3/周日21。 ① 区块开工：3 块里他开工了 2 块；② 区块内执行率中位 28%（最弱一块 0%）；③ 区块星期一致 100%。 参考：覆盖 28%、同日 16%、相位 23%、量比 0.46。 结论：计划与实际几乎不相交——先查这块地盘是不是搞错了（管辖/门店清单），再谈行为。 最冷的区块（计划内执行率最低）：区块×220店 仅执行 28%。"
NP9903695,长沙市,"雨花区×153, 天心区×81",211,234,252,218,0.967,0.936,0.967,0.97,0.967,1.08,7,2,"[210, 1]","[{'块': '块1', '中心': '28.088,113.018', '计划店': 210, '跑到的计划店': 203, '执行率': 0.967, '计划星期': '周一', '实际主力星期': '周一'}, {'块': '块2', '中心': '28.052,113.075', '计划店': 1, '跑到的计划店': 1, '执行率': 1.0, '计划星期': '周一', '实际主力星期': '周一'}]",2,1.0,0.983,0.967,1.0,,14.0,11.7,131.0,21,11,12.0,"[61, 47, 48, 48, 48, 0, 0]",2.58,1.0,186,32,区块全开·星期照做,"长沙市（雨花区×153, 天心区×81）：计划 211 店 / 234 次，分成 2 个区块（最大区块 210 店）。 地盘东西 14.0 × 南北 11.7 km；区块内店距中位 131 m。 节奏：21 个工作日、平均每天 12.0 家店、一天 1.0 个区块、当天作业半径中位 2.58 km；出勤 周一61/周二47/周三48/周四48/周五48；周六、周日 没跑。 ① 区块开工：2 块里他开工了 2 块；② 区块内执行率中位 98%（最弱一块 97%）；③ 区块星期一致 100%。 参考：覆盖 97%、同日 97%、相位 97%、量比 1.08。 结论：**计划怎么划他就怎么做**——区块全开工、区块内做全、星期按计划。"
NP9903703,福州市,"仓山区×254, 台江区×1",234,255,263,230,0.944,0.961,0.944,0.949,0.944,1.03,13,1,[234],"[{'块': '块1', '中心': '26.020,119.334', '计划店': 234, '跑到的计划店': 221, '执行率': 0.944, '计划星期': '周一', '实际主力星期': '周一'}]",1,1.0,0.944,0.944,1.0,,13.2,10.4,68.0,21,12,12.5,"[61, 49, 49, 54, 50, 0, 0]",2.57,1.0,198,32,区块全开·星期照做,"福州市（仓山区×254, 台江区×1）：计划 234 店 / 255 次，分成 1 个区块（最大区块 234 店）。 地盘东西 13.2 × 南北 10.4 km；区块内店距中位 68 m。 节奏：21 个工作日、平均每天 12.5 家店、一天 1.0 个区块、当天作业半径中位 2.57 km；出勤 周一61/周二49/周三49/周四54/周五50；周六、周日 没跑。 ① 区块开工：1 块里他开工了 1 块；② 区块内执行率中位 94%（最弱一块 94%）；③ 区块星期一致 100%。 参考：覆盖 94%、同日 95%、相位 94%、量比 1.03。 结论：**计划怎么划他就怎么做**——区块全开工、区块内做全、星期按计划。"
NP9903706,长沙市,"天心区×148, 芙蓉区×61",229,247,271,239,0.917,0.879,0.917,0.923,0.917,1.1,19,1,[229],"[{'块': '块1', '中心': '28.178,112.980', '计划店': 229, '跑到的计划店': 210, '执行率': 0.917, '计划星期': '周一', '实际主力星期': '周一'}]",1,1.0,0.917,0.917,1.0,,3.4,9.3,51.0,20,12,13.6,"[71, 52, 56, 42, 50, 0, 0]",1.34,1.0,211,28,区块全开·星期照做,"长沙市（天心区×148, 芙蓉区×61）：计划 229 店 / 247 次，分成 1 个区块（最大区块 229 店）。 地盘东西 3.4 × 南北 9.3 km；区块内店距中位 51 m。 节奏：20 个工作日、平均每天 13.6 家店、一天 1.0 个区块、当天作业半径中位 1.34 km；出勤 周一71/周二52/周三56/周四42/周五50；周六、周日 没跑。 ① 区块开工：1 块里他开工了 1 块；② 区块内执行率中位 92%（最弱一块 92%）；③ 区块星期一致 100%。 参考：覆盖 92%、同日 92%、相位 92%、量比 1.1。 结论：**计划怎么划他就怎么做**——区块全开工、区块内做全、星期按计划。"
NP9903708,长沙市,开福区×140,128,140,248,188,0.875,0.596,0.875,0.886,0.875,1.77,16,2,"[118, 10]","[{'块': '块1', '中心': '28.242,113.010', '计划店': 118, '跑到的计划店': 102, '执行率': 0.864, '计划星期': '周一', '实际主力星期': '周一'}, {'块': '块2', '中心': '28.304,112.964', '计划店': 10, '跑到的计划店': 10, '执行率': 1.0, '计划星期': '周四', '实际主力星期': '周四'}]",2,1.0,0.932,0.864,1.0,,8.9,11.1,79.0,18,10,13.8,"[64, 48, 47, 38, 51, 0, 0]",2.27,1.0,130,58,区块全开·星期照做,长沙市（开福区×140）：计划 128 店 / 140 次，分成 2 个区块（最大区块 118 店）。 地盘东西 8.9 × 南北 11.1 km；区块内店距中位 79 m。 节奏：18 个工作日、平均每天 13.8 家店、一天 1.0 个区块、当天作业半径中位 2.27 km；出勤 周一64/周二48/周三47/周四38/周五51；周六、周日 没跑。 ① 区块开工：2 块里他开工了 2 块；② 区块内执行率中位 93%（最弱一块 86%）；③ 区块星期一致 100%。 参考：覆盖 88%、同日 89%、相位 88%、量比 1.77。 结论：**计划怎么划他就怎么做**——区块全开工、区块内做全、星期按计划。
NP9903712,太原市,"杏花岭区×108, 迎泽区×101",227,245,189,180,0.753,0.95,0.709,0.678,0.727,0.77,56,3,"[221, 4, 2]","[{'块': '块1', '中心': '37.882,112.558', '计划店': 221, '跑到的计划店': 165, '执行率': 0.747, '计划星期': '周一', '实际主力星期': '周一'}, {'块': '块2', '中心': '37.964,112.542', '计划店': 4, '跑到的计划店': 4, '执行率': 1.0, '计划星期': '周一', '实际主力星期': '周一'}, {'块': '块3', '中心': '37.977,112.524', '计划店': 2, '跑到的计划店': 2, '执行率': 1.0, '计划星期': '周一', '实际主力星期': '周一'}]",3,1.0,1.0,0.747,1.0,,5.6,13.2,51.0,18,11,10.5,"[50, 42, 33, 33, 31, 0, 0]",1.44,1.0,171,9,区块全开·星期照做,"太原市（杏花岭区×108, 迎泽区×101）：计划 227 店 / 245 次，分成 3 个区块（最大区块 221 店）。 地盘东西 5.6 × 南北 13.2 km；区块内店距中位 51 m。 节奏：18 个工作日、平均每天 10.5 家店、一天 1.0 个区块、当天作业半径中位 1.44 km；出勤 周一50/周二42/周三33/周四33/周五31；周六、周日 没跑。 ① 区块开工：3 块里他开工了 3 块；② 区块内执行率中位 100%（最弱一块 75%）；③ 区块星期一致 100%。 参考：覆盖 75%、同日 68%、相位 73%、量比 0.77。 结论：**计划怎么划他就怎么做**——区块全开工、区块内做全、星期按计划。"
NP9903713,深圳市,罗湖区×277,257,277,257,233,0.899,0.991,0.899,0.903,0.899,0.93,26,1,[257],"[{'块': '块1', '中心': '22.546,114.119', '计划店': 257, '跑到的计划店': 231, '执行率': 0.899, '计划星期': '周一', '实际主力星期': '周一'}]",1,1.0,0.899,0.899,1.0,,5.7,4.7,39.0,21,12,12.2,"[65, 48, 47, 49, 48, 0, 0]",0.73,1.0,209,24,区块全开·星期照做,深圳市（罗湖区×277）：计划 257 店 / 277 次，分成 1 个区块（最大区块 257 店）。 地盘东西 5.7 × 南北 4.7 km；区块内店距中位 39 m。 节奏：21 个工作日、平均每天 12.2 家店、一天 1.0 个区块、当天作业半径中位 0.73 km；出勤 周一65/周二48/周三47/周四49/周五48；周六、周日 没跑。 ① 区块开工：1 块里他开工了 1 块；② 区块内执行率中位 90%（最弱一块 90%）；③ 区块星期一致 100%。 参考：覆盖 90%、同日 90%、相位 90%、量比 0.93。 结论：**计划怎么划他就怎么做**——区块全开工、区块内做全、星期按计划。
NP9903715,佛山市,"南海区×258, 禅城区×1",237,259,276,239,0.958,0.95,0.958,0.961,0.958,1.07,10,1,[237],"[{'块': '块1', '中心': '23.075,112.993', '计划店': 237, '跑到的计划店': 227, '执行率': 0.958, '计划星期': '周一', '实际主力星期': '周一'}]",1,1.0,0.958,0.958,1.0,,21.2,15.7,108.0,21,12,13.1,"[61, 49, 57, 49, 60, 0, 0]",2.06,1.0,202,37,区块全开·星期照做,"佛山市（南海区×258, 禅城区×1）：计划 237 店 / 259 次，分成 1 个区块（最大区块 237 店）。 地盘东西 21.2 × 南北 15.7 km；区块内店距中位 108 m。 节奏：21 个工作日、平均每天 13.1 家店、一天 1.0 个区块、当天作业半径中位 2.06 km；出勤 周一61/周二49/周三57/周四49/周五60；周六、周日 没跑。 ① 区块开工：1 块里他开工了 1 块；② 区块内执行率中位 96%（最弱一块 96%）；③ 区块星期一致 100%。 参考：覆盖 96%、同日 96%、相位 96%、量比 1.07。 结论：**计划怎么划他就怎么做**——区块全开工、区块内做全、星期按计划。"
NP9903716,中山市,"中山市×26, 顺德区×1",27,27,255,228,0.852,0.101,0.852,0.852,0.852,9.44,4,2,"[14, 13]","[{'块': '块1', '中心': '22.650,113.182', '计划店': 14, '跑到的计划店': 12, '执行率': 0.857, '计划星期': '周一', '实际主力星期': '周一'}, {'块': '块2', '中心': '22.688,113.251', '计划店': 13, '跑到的计划店': 11, '执行率': 0.846, '计划星期': '周五', '实际主力星期': '周五'}]",2,1.0,0.852,0.846,1.0,,8.6,10.0,209.0,7,2,36.4,"[56, 50, 50, 48, 51, 0, 0]",0.22,1.0,201,27,区块全开·星期照做,"中山市（中山市×26, 顺德区×1）：计划 27 店 / 27 次，分成 2 个区块（最大区块 14 店）。 地盘东西 8.6 × 南北 10.0 km；区块内店距中位 209 m。 节奏：7 个工作日、平均每天 36.4 家店、一天 1.0 个区块、当天作业半径中位 0.22 km；出勤 周一56/周二50/周三50/周四48/周五51；周六、周日 没跑。 ① 区块开工：2 块里他开工了 2 块；② 区块内执行率中位 85%（最弱一块 85%）；③ 区块星期一致 100%。 参考：覆盖 85%、同日 85%、相位 85%、量比 9.44。 结论：**计划怎么划他就怎么做**——区块全开工、区块内做全、星期按计划。"
NP9903719,贵阳市,"云岩区×50, 南明区×21",72,72,279,250,0.847,0.244,0.847,0.847,0.847,3.88,11,1,[72],"[{'块': '块1', '中心': '26.586,106.721', '计划店': 72, '跑到的计划店': 61, '执行率': 0.847, '计划星期': '周三', '实际主力星期': '周三'}]",1,1.0,0.847,0.847,1.0,,7.3,6.0,80.0,13,3,21.5,"[68, 51, 53, 52, 54, 1, 0]",0.96,1.0,226,24,区块全开·区块内欠访,"贵阳市（云岩区×50, 南明区×21）：计划 72 店 / 72 次，分成 1 个区块（最大区块 72 店）。 地盘东西 7.3 × 南北 6.0 km；区块内店距中位 80 m。 节奏：13 个工作日、平均每天 21.5 家店、一天 1.0 个区块、当天作业半径中位 0.96 km；出勤 周一68/周二51/周三53/周四52/周五54/周六1；周日 没跑。 ① 区块开工：1 块里他开工了 1 块；② 区块内执行率中位 85%（最弱一块 85%）；③ 区块星期一致 100%。 参考：覆盖 85%、同日 85%、相位 85%、量比 3.88。 结论：区块都开了、星期也守，但**区块内没做全**（存在欠访）。"
NP9903722,东莞市,东莞市×226,202,226,235,208,0.97,0.942,0.97,0.973,0.97,1.04,6,1,[202],"[{'块': '块1', '中心': '22.984,113.992', '计划店': 202, '跑到的计划店': 196, '执行率': 0.97, '计划星期': '周一', '实际主力星期': '周一'}]",1,1.0,0.97,0.97,1.0,,12.9,13.2,126.0,21,11,11.2,"[54, 45, 45, 45, 44, 0, 2]",2.28,1.0,184,24,区块全开·星期照做,东莞市（东莞市×226）：计划 202 店 / 226 次，分成 1 个区块（最大区块 202 店）。 地盘东西 12.9 × 南北 13.2 km；区块内店距中位 126 m。 节奏：21 个工作日、平均每天 11.2 家店、一天 1.0 个区块、当天作业半径中位 2.28 km；出勤 周一54/周二45/周三45/周四45/周五44/周日2；周六 没跑。 ① 区块开工：1 块里他开工了 1 块；② 区块内执行率中位 97%（最弱一块 97%）；③ 区块星期一致 100%。 参考：覆盖 97%、同日 97%、相位 97%、量比 1.04。 结论：**计划怎么划他就怎么做**——区块全开工、区块内做全、星期按计划。
NP9903730,广州市,"黄埔区×241, 天河区×26",246,268,264,234,0.866,0.91,0.866,0.869,0.866,0.99,33,1,[246],"[{'块': '块1', '中心': '23.113,113.481', '计划店': 246, '跑到的计划店': 213, '执行率': 0.866, '计划星期': '周一', '实际主力星期': '周二'}]",1,1.0,0.866,0.866,1.0,,14.4,12.5,76.0,20,12,13.2,"[54, 52, 52, 54, 52, 0, 0]",2.63,1.0,206,28,区块全开·星期照做,"广州市（黄埔区×241, 天河区×26）：计划 246 店 / 268 次，分成 1 个区块（最大区块 246 店）。 地盘东西 14.4 × 南北 12.5 km；区块内店距中位 76 m。 节奏：20 个工作日、平均每天 13.2 家店、一天 1.0 个区块、当天作业半径中位 2.63 km；出勤 周一54/周二52/周三52/周四54/周五52；周六、周日 没跑。 ① 区块开工：1 块里他开工了 1 块；② 区块内执行率中位 87%（最弱一块 87%）；③ 区块星期一致 100%。 参考：覆盖 87%、同日 87%、相位 87%、量比 0.99。 结论：**计划怎么划他就怎么做**——区块全开工、区块内做全、星期按计划。"
NP9903735,重庆市,两江新区×44,44,44,252,231,0.977,0.186,0.977,0.977,0.977,5.73,1,4,"[13, 12, 11, 8]","[{'块': '块1', '中心': '29.572,106.576', '计划店': 13, '跑到的计划店': 12, '执行率': 0.923, '计划星期': '周四', '实际主力星期': '周四'}, {'块': '块2', '中心': '29.608,106.530', '计划店': 12, '跑到的计划店': 12, '执行率': 1.0, '计划星期': '周三', '实际主力星期': '周三'}, {'块': '块3', '中心': '29.648,106.558', '计划店': 11, '跑到的计划店': 11, '执行率': 1.0, '计划星期': '周二', '实际主力星期': '周二'}, {'块': '块4', '中心': '29.613,106.579', '计划店': 8, '跑到的计划店': 8, '执行率': 1.0, '计划星期': '周五', '实际主力星期': '周五'}]",4,1.0,1.0,0.923,1.0,,5.9,9.1,109.0,6,9,42.0,"[65, 59, 43, 43, 42, 0, 0]",0.99,1.0,211,20,区块全开·星期照做,重庆市（两江新区×44）：计划 44 店 / 44 次，分成 4 个区块（最大区块 13 店）。 地盘东西 5.9 × 南北 9.1 km；区块内店距中位 109 m。 节奏：6 个工作日、平均每天 42.0 家店、一天 1.0 个区块、当天作业半径中位 0.99 km；出勤 周一65/周二59/周三43/周四43/周五42；周六、周日 没跑。 ① 区块开工：4 块里他开工了 4 块；② 区块内执行率中位 100%（最弱一块 92%）；③ 区块星期一致 100%。 参考：覆盖 98%、同日 98%、相位 98%、量比 5.73。 结论：**计划怎么划他就怎么做**——区块全开工、区块内做全、星期按计划。
NP9903739,宜昌市,"伍家岗区×143, 西陵区×66",183,215,241,191,0.902,0.864,0.84,0.833,0.88,1.12,18,1,[183],"[{'块': '块1', '中心': '30.686,111.323', '计划店': 183, '跑到的计划店': 165, '执行率': 0.902, '计划星期': '周二', '实际主力星期': '周五'}]",1,1.0,0.902,0.902,1.0,,10.4,13.6,84.0,20,11,12.1,"[45, 43, 41, 41, 53, 5, 13]",3.73,1.0,147,44,区块全开·星期照做,"宜昌市（伍家岗区×143, 西陵区×66）：计划 183 店 / 215 次，分成 1 个区块（最大区块 183 店）。 地盘东西 10.4 × 南北 13.6 km；区块内店距中位 84 m。 节奏：20 个工作日、平均每天 12.1 家店、一天 1.0 个区块、当天作业半径中位 3.73 km；出勤 周一45/周二43/周三41/周四41/周五53/周六5/周日13。 ① 区块开工：1 块里他开工了 1 块；② 区块内执行率中位 90%（最弱一块 90%）；③ 区块星期一致 100%。 参考：覆盖 90%、同日 83%、相位 88%、量比 1.12。 结论：**计划怎么划他就怎么做**——区块全开工、区块内做全、星期按计划。"
NP9903741,广州市,"越秀区×180, 天河区×3",183,186,180,177,0.967,1.0,0.967,0.968,0.967,0.97,6,1,[183],"[{'块': '块1', '中心': '23.135,113.281', '计划店': 183, '跑到的计划店': 177, '执行率': 0.967, '计划星期': '周一', '实际主力星期': '周一'}]",1,1.0,0.967,0.967,1.0,,5.7,3.8,59.0,15,12,12.0,"[36, 36, 36, 36, 36, 0, 0]",0.92,1.0,174,3,区块全开·星期照做,"广州市（越秀区×180, 天河区×3）：计划 183 店 / 186 次，分成 1 个区块（最大区块 183 店）。 地盘东西 5.7 × 南北 3.8 km；区块内店距中位 59 m。 节奏：15 个工作日、平均每天 12.0 家店、一天 1.0 个区块、当天作业半径中位 0.92 km；出勤 周一36/周二36/周三36/周四36/周五36；周六、周日 没跑。 ① 区块开工：1 块里他开工了 1 块；② 区块内执行率中位 97%（最弱一块 97%）；③ 区块星期一致 100%。 参考：覆盖 97%、同日 97%、相位 97%、量比 0.97。 结论：**计划怎么划他就怎么做**——区块全开工、区块内做全、星期按计划。"
NP9903744,南宁市,"西乡塘区×144, 青秀区×104",270,276,256,250,0.863,0.932,0.857,0.859,0.863,0.93,37,4,"[156, 102, 9, 3]","[{'块': '块1', '中心': '22.844,108.287', '计划店': 156, '跑到的计划店': 138, '执行率': 0.885, '计划星期': '周一', '实际主力星期': '周三'}, {'块': '块2', '中心': '22.810,108.367', '计划店': 102, '跑到的计划店': 95, '执行率': 0.931, '计划星期': '周四', '实际主力星期': '周四'}, {'块': '块3', '中心': '22.906,108.450', '计划店': 9, '跑到的计划店': 0, '执行率': 0.0, '计划星期': '周三', '实际主力星期': '未开工'}, {'块': '块4', '中心': '22.921,108.364', '计划店': 3, '跑到的计划店': 0, '执行率': 0.0, '计划星期': '周三', '实际主力星期': '未开工'}]",2,0.5,0.442,0.0,1.0,,30.6,16.9,92.0,20,12,12.8,"[63, 51, 39, 52, 51, 0, 0]",1.39,1.0,244,6,区块大面积没开工,"南宁市（西乡塘区×144, 青秀区×104）：计划 270 店 / 276 次，分成 4 个区块（最大区块 156 店）。 地盘东西 30.6 × 南北 16.9 km；区块内店距中位 92 m。 节奏：20 个工作日、平均每天 12.8 家店、一天 1.0 个区块、当天作业半径中位 1.39 km；出勤 周一63/周二51/周三39/周四52/周五51；周六、周日 没跑。 ① 区块开工：4 块里他开工了 2 块；② 区块内执行率中位 44%（最弱一块 0%）；③ 区块星期一致 100%。 参考：覆盖 86%、同日 86%、相位 86%、量比 0.93。 结论：**有区块整块没开工**（2 块），先问为什么不去，而不是谈执行率。"
NP9903750,福州市,"台江区×212, 鼓楼区×40",232,254,280,252,0.987,0.909,0.987,0.988,0.987,1.1,3,1,[232],"[{'块': '块1', '中心': '26.061,119.308', '计划店': 232, '跑到的计划店': 229, '执行率': 0.987, '计划星期': '周一', '实际主力星期': '周一'}]",1,1.0,0.987,0.987,1.0,,8.5,3.1,53.0,21,12,13.3,"[64, 54, 53, 55, 54, 0, 0]",1.25,1.0,224,28,区块全开·星期照做,"福州市（台江区×212, 鼓楼区×40）：计划 232 店 / 254 次，分成 1 个区块（最大区块 232 店）。 地盘东西 8.5 × 南北 3.1 km；区块内店距中位 53 m。 节奏：21 个工作日、平均每天 13.3 家店、一天 1.0 个区块、当天作业半径中位 1.25 km；出勤 周一64/周二54/周三53/周四55/周五54；周六、周日 没跑。 ① 区块开工：1 块里他开工了 1 块；② 区块内执行率中位 99%（最弱一块 99%）；③ 区块星期一致 100%。 参考：覆盖 99%、同日 99%、相位 99%、量比 1.1。 结论：**计划怎么划他就怎么做**——区块全开工、区块内做全、星期按计划。"
NP9903755,东莞市,东莞市×218,196,218,238,197,0.806,0.802,0.791,0.807,0.791,1.09,38,2,"[183, 13]","[{'块': '块1', '中心': '23.047,114.031', '计划店': 183, '跑到的计划店': 147, '执行率': 0.803, '计划星期': '周五', '实际主力星期': '周一'}, {'块': '块2', '中心': '22.963,114.148', '计划店': 13, '跑到的计划店': 11, '执行率': 0.846, '计划星期': '周三', '实际主力星期': '周三'}]",2,1.0,0.825,0.803,1.0,,26.7,15.8,139.0,19,11,12.5,"[59, 48, 48, 47, 36, 0, 0]",2.49,1.0,157,40,区块全开·区块内欠访,东莞市（东莞市×218）：计划 196 店 / 218 次，分成 2 个区块（最大区块 183 店）。 地盘东西 26.7 × 南北 15.8 km；区块内店距中位 139 m。 节奏：19 个工作日、平均每天 12.5 家店、一天 1.0 个区块、当天作业半径中位 2.49 km；出勤 周一59/周二48/周三48/周四47/周五36；周六、周日 没跑。 ① 区块开工：2 块里他开工了 2 块；② 区块内执行率中位 82%（最弱一块 80%）；③ 区块星期一致 100%。 参考：覆盖 81%、同日 81%、相位 79%、量比 1.09。 结论：区块都开了、星期也守，但**区块内没做全**（存在欠访）。
NP9903756,咸阳市,"秦都区×79, 杨陵区×39",171,196,241,212,0.351,0.283,0.12,0.061,0.228,1.23,111,12,"[68, 36, 23, 17, 10]","[{'块': '块1', '中心': '34.325,108.704', '计划店': 68, '跑到的计划店': 40, '执行率': 0.588, '计划星期': '周五', '实际主力星期': '周一'}, {'块': '块2', '中心': '34.262,108.085', '计划店': 36, '跑到的计划店': 0, '执行率': 0.0, '计划星期': '周四', '实际主力星期': '未开工'}, {'块': '块3', '中心': '34.530,108.835', '计划店': 23, '跑到的计划店': 0, '执行率': 0.0, '计划星期': '周三', '实际主力星期': '未开工'}, {'块': '块4', '中心': '34.265,108.213', '计划店': 17, '跑到的计划店': 10, '执行率': 0.588, '计划星期': '周一', '实际主力星期': '周三'}, {'块': '块5', '中心': '34.486,108.434', '计划店': 10, '跑到的计划店': 6, '执行率': 0.6, '计划星期': '周二', '实际主力星期': '周五'}, {'块': '块6', '中心': '34.401,108.729', '计划店': 7, '跑到的计划店': 3, '执行率': 0.429, '计划星期': '周三', '实际主力星期': '周四'}, {'块': '块7', '中心': '34.509,108.955', '计划店': 4, '跑到的计划店': 0, '执行率': 0.0, '计划星期': '周三', '实际主力星期': '未开工'}, {'块': '块8', '中心': '34.256,108.260', '计划店': 2, '跑到的计划店': 1, '执行率': 0.5, '计划星期': '周一', '实际主力星期': '周三'}, {'块': '块9', '中心': '34.298,108.293', '计划店': 1, '跑到的计划店': 0, '执行率': 0.0, '计划星期': '周一', '实际主力星期': '未开工'}, {'块': '块10', '中心': '34.399,108.432', '计划店': 1, '跑到的计划店': 0, '执行率': 0.0, '计划星期': '周二', '实际主力星期': '未开工'}, {'块': '块11', '中心': '34.342,108.222', '计划店': 1, '跑到的计划店': 0, '执行率': 0.0, '计划星期': '周一', '实际主力星期': '未开工'}, {'块': '块12', '中心': '34.571,108.538', '计划店': 1, '跑到的计划店': 0, '执行率': 0.0, '计划星期': '周二', '实际主力星期': '未开工'}]",5,0.417,0.0,0.0,0.2,区块×7店 仅执行 43%; 区块×2店 仅执行 50%; 区块×68店 仅执行 59%,83.5,36.7,227.0,17,3,14.2,"[74, 46, 25, 54, 42, 0, 0]",2.13,1.0,183,29,区块大面积没开工,"咸阳市（秦都区×79, 杨陵区×39）：计划 171 店 / 196 次，分成 12 个区块（最大区块 68 店）。 地盘东西 83.5 × 南北 36.7 km；区块内店距中位 227 m。 节奏：17 个工作日、平均每天 14.2 家店、一天 1.0 个区块、当天作业半径中位 2.13 km；出勤 周一74/周二46/周三25/周四54/周五42；周六、周日 没跑。 ① 区块开工：12 块里他开工了 5 块；② 区块内执行率中位 0%（最弱一块 0%）；③ 区块星期一致 20%。 参考：覆盖 35%、同日 6%、相位 23%、量比 1.23。 结论：**有区块整块没开工**（7 块），先问为什么不去，而不是谈执行率。 最冷的区块（计划内执行率最低）：区块×7店 仅执行 43%; 区块×2店 仅执行 50%; 区块×68店 仅执行 59%。"
NP9903760,武汉市,"洪山区×181, 武昌区×29",209,224,276,236,0.947,0.839,0.938,0.942,0.947,1.23,11,4,"[175, 19, 14, 1]","[{'块': '块1', '中心': '30.494,114.310', '计划店': 175, '跑到的计划店': 170, '执行率': 0.971, '计划星期': '周一', '实际主力星期': '周一'}, {'块': '块2', '中心': '30.442,114.260', '计划店': 19, '跑到的计划店': 19, '执行率': 1.0, '计划星期': '周五', '实际主力星期': '周五'}, {'块': '块3', '中心': '30.414,114.308', '计划店': 14, '跑到的计划店': 8, '执行率': 0.571, '计划星期': '周五', '实际主力星期': '周五'}, {'块': '块4', '中心': '27.629,113.963', '计划店': 1, '跑到的计划店': 1, '执行率': 1.0, '计划星期': '周五', '实际主力星期': '周五'}]",4,1.0,0.986,0.571,1.0,区块×14店 仅执行 57%,36.5,321.2,64.0,21,11,13.1,"[64, 51, 47, 44, 70, 0, 0]",1.58,1.0,199,37,区块全开·星期照做,"武汉市（洪山区×181, 武昌区×29）：计划 209 店 / 224 次，分成 4 个区块（最大区块 175 店）。 地盘东西 36.5 × 南北 321.2 km；区块内店距中位 64 m。 节奏：21 个工作日、平均每天 13.1 家店、一天 1.0 个区块、当天作业半径中位 1.58 km；出勤 周一64/周二51/周三47/周四44/周五70；周六、周日 没跑。 ① 区块开工：4 块里他开工了 4 块；② 区块内执行率中位 99%（最弱一块 57%）；③ 区块星期一致 100%。 参考：覆盖 95%、同日 94%、相位 95%、量比 1.23。 结论：**计划怎么划他就怎么做**——区块全开工、区块内做全、星期按计划。 最冷的区块（计划内执行率最低）：区块×14店 仅执行 57%。"
NP9903764,重庆市,"合川区×242, 璧山区×1",218,243,245,216,0.959,0.968,0.959,0.963,0.959,1.01,9,3,"[211, 4, 3]","[{'块': '块1', '中心': '29.992,106.265', '计划店': 211, '跑到的计划店': 202, '执行率': 0.957, '计划星期': '周一', '实际主力星期': '周一'}, {'块': '块2', '中心': '30.095,106.054', '计划店': 4, '跑到的计划店': 4, '执行率': 1.0, '计划星期': '周二', '实际主力星期': '周二'}, {'块': '块3', '中心': '30.089,106.229', '计划店': 3, '跑到的计划店': 3, '执行率': 1.0, '计划星期': '周二', '实际主力星期': '周二'}]",3,1.0,1.0,0.957,1.0,,23.9,14.8,65.0,20,12,12.2,"[57, 50, 38, 51, 48, 0, 1]",1.22,1.0,187,29,区块全开·星期照做,"重庆市（合川区×242, 璧山区×1）：计划 218 店 / 243 次，分成 3 个区块（最大区块 211 店）。 地盘东西 23.9 × 南北 14.8 km；区块内店距中位 65 m。 节奏：20 个工作日、平均每天 12.2 家店、一天 1.0 个区块、当天作业半径中位 1.22 km；出勤 周一57/周二50/周三38/周四51/周五48/周日1；周六 没跑。 ① 区块开工：3 块里他开工了 3 块；② 区块内执行率中位 100%（最弱一块 96%）；③ 区块星期一致 100%。 参考：覆盖 96%、同日 96%、相位 96%、量比 1.01。 结论：**计划怎么划他就怎么做**——区块全开工、区块内做全、星期按计划。"
NP9903770,柳州市,"柳北区×119, 城中区×65",166,184,413,340,0.976,0.476,0.921,0.918,0.964,2.24,4,1,[166],"[{'块': '块1', '中心': '24.336,109.410', '计划店': 166, '跑到的计划店': 162, '执行率': 0.976, '计划星期': '周一', '实际主力星期': '周四'}]",1,1.0,0.976,0.976,1.0,,2.9,7.8,35.0,19,11,21.7,"[57, 46, 58, 176, 73, 0, 3]",2.16,1.0,273,67,区块全开·星期照做,"柳州市（柳北区×119, 城中区×65）：计划 166 店 / 184 次，分成 1 个区块（最大区块 166 店）。 地盘东西 2.9 × 南北 7.8 km；区块内店距中位 35 m。 节奏：19 个工作日、平均每天 21.7 家店、一天 1.0 个区块、当天作业半径中位 2.16 km；出勤 周一57/周二46/周三58/周四176/周五73/周日3；周六 没跑。 ① 区块开工：1 块里他开工了 1 块；② 区块内执行率中位 98%（最弱一块 98%）；③ 区块星期一致 100%。 参考：覆盖 98%、同日 92%、相位 96%、量比 2.24。 结论：**计划怎么划他就怎么做**——区块全开工、区块内做全、星期按计划。"
NP9903771,重庆市,"綦江区×124, 两江新区×1",122,125,211,187,0.959,0.626,0.959,0.96,0.959,1.69,5,2,"[98, 24]","[{'块': '块1', '中心': '29.037,106.662', '计划店': 98, '跑到的计划店': 93, '执行率': 0.949, '计划星期': '周二', '实际主力星期': '周二'}, {'块': '块2', '中心': '28.953,106.929', '计划店': 24, '跑到的计划店': 24, '执行率': 1.0, '计划星期': '周一', '实际主力星期': '周一'}]",2,1.0,0.974,0.949,1.0,,29.0,12.8,39.0,15,12,14.1,"[50, 51, 37, 36, 37, 0, 0]",0.81,1.0,163,24,区块全开·星期照做,"重庆市（綦江区×124, 两江新区×1）：计划 122 店 / 125 次，分成 2 个区块（最大区块 98 店）。 地盘东西 29.0 × 南北 12.8 km；区块内店距中位 39 m。 节奏：15 个工作日、平均每天 14.1 家店、一天 1.0 个区块、当天作业半径中位 0.81 km；出勤 周一50/周二51/周三37/周四36/周五37；周六、周日 没跑。 ① 区块开工：2 块里他开工了 2 块；② 区块内执行率中位 97%（最弱一块 95%）；③ 区块星期一致 100%。 参考：覆盖 96%、同日 96%、相位 96%、量比 1.69。 结论：**计划怎么划他就怎么做**——区块全开工、区块内做全、星期按计划。"
NP9903772,柳州市,"三江侗族自治县×26, 鱼峰区×20",70,76,494,362,0.9,0.174,0.577,0.487,0.743,6.5,7,5,"[34, 22, 11, 2, 1]","[{'块': '块1', '中心': '24.288,109.400', '计划店': 34, '跑到的计划店': 33, '执行率': 0.971, '计划星期': '周一', '实际主力星期': '周一'}, {'块': '块2', '中心': '25.781,109.616', '计划店': 22, '跑到的计划店': 19, '执行率': 0.864, '计划星期': '周四', '实际主力星期': '周二'}, {'块': '块3', '中心': '25.086,109.259', '计划店': 11, '跑到的计划店': 8, '执行率': 0.727, '计划星期': '周五', '实际主力星期': '周四'}, {'块': '块4', '中心': '24.655,109.253', '计划店': 2, '跑到的计划店': 2, '执行率': 1.0, '计划星期': '周五', '实际主力星期': '周五'}, {'块': '块5', '中心': '24.252,109.335', '计划店': 1, '跑到的计划店': 1, '执行率': 1.0, '计划星期': '周一', '实际主力星期': '周一'}]",5,1.0,0.971,0.727,0.6,,38.2,171.0,101.0,17,5,29.1,"[74, 42, 129, 52, 85, 1, 111]",1.61,1.0,261,101,区块全开·星期自己定,"柳州市（三江侗族自治县×26, 鱼峰区×20）：计划 70 店 / 76 次，分成 5 个区块（最大区块 34 店）。 地盘东西 38.2 × 南北 171.0 km；区块内店距中位 101 m。 节奏：17 个工作日、平均每天 29.1 家店、一天 1.0 个区块、当天作业半径中位 1.61 km；出勤 周一74/周二42/周三129/周四52/周五85/周六1/周日111。 ① 区块开工：5 块里他开工了 5 块；② 区块内执行率中位 97%（最弱一块 73%）；③ 区块星期一致 60%。 参考：覆盖 90%、同日 49%、相位 74%、量比 6.5。 结论：区块都开了但**星期由他自己排**，周内顺序不跟计划。"
NP9903774,重庆市,沙坪坝区×11,11,11,277,237,1.0,0.046,1.0,1.0,1.0,25.18,0,2,"[9, 2]","[{'块': '块1', '中心': '29.616,106.343', '计划店': 9, '跑到的计划店': 9, '执行率': 1.0, '计划星期': '周一', '实际主力星期': '周一'}, {'块': '块2', '中心': '29.553,106.303', '计划店': 2, '跑到的计划店': 2, '执行率': 1.0, '计划星期': '周四', '实际主力星期': '周四'}]",2,1.0,1.0,1.0,1.0,,7.1,8.6,305.0,9,1,30.8,"[70, 54, 53, 56, 44, 0, 0]",0.14,1.0,200,37,区块全开·星期照做,重庆市（沙坪坝区×11）：计划 11 店 / 11 次，分成 2 个区块（最大区块 9 店）。 地盘东西 7.1 × 南北 8.6 km；区块内店距中位 305 m。 节奏：9 个工作日、平均每天 30.8 家店、一天 1.0 个区块、当天作业半径中位 0.14 km；出勤 周一70/周二54/周三53/周四56/周五44；周六、周日 没跑。 ① 区块开工：2 块里他开工了 2 块；② 区块内执行率中位 100%（最弱一块 100%）；③ 区块星期一致 100%。 参考：覆盖 100%、同日 100%、相位 100%、量比 25.18。 结论：**计划怎么划他就怎么做**——区块全开工、区块内做全、星期按计划。
NP9903775,绵阳市,"游仙区×108, 涪城区×46",145,154,225,189,0.841,0.646,0.724,0.708,0.807,1.46,23,1,[145],"[{'块': '块1', '中心': '31.465,104.775', '计划店': 145, '跑到的计划店': 122, '执行率': 0.841, '计划星期': '周一', '实际主力星期': '周一'}]",1,1.0,0.841,0.841,1.0,,8.6,15.2,73.0,22,7,10.2,"[48, 36, 38, 49, 43, 11, 0]",1.13,1.0,161,28,区块全开·区块内欠访,"绵阳市（游仙区×108, 涪城区×46）：计划 145 店 / 154 次，分成 1 个区块（最大区块 145 店）。 地盘东西 8.6 × 南北 15.2 km；区块内店距中位 73 m。 节奏：22 个工作日、平均每天 10.2 家店、一天 1.0 个区块、当天作业半径中位 1.13 km；出勤 周一48/周二36/周三38/周四49/周五43/周六11；周日 没跑。 ① 区块开工：1 块里他开工了 1 块；② 区块内执行率中位 84%（最弱一块 84%）；③ 区块星期一致 100%。 参考：覆盖 84%、同日 71%、相位 81%、量比 1.46。 结论：区块都开了、星期也守，但**区块内没做全**（存在欠访）。"
NP9903776,莆田市,"涵江区×66, 荔城区×66",181,216,243,191,1.0,0.948,0.946,0.949,1.0,1.12,0,12,"[103, 42, 12, 10, 4]","[{'块': '块1', '中心': '25.462,119.094', '计划店': 103, '跑到的计划店': 103, '执行率': 1.0, '计划星期': '周四', '实际主力星期': '周四'}, {'块': '块2', '中心': '25.318,119.096', '计划店': 42, '跑到的计划店': 42, '执行率': 1.0, '计划星期': '周一', '实际主力星期': '周一'}, {'块': '块3', '中心': '25.479,119.190', '计划店': 12, '跑到的计划店': 12, '执行率': 1.0, '计划星期': '周二', '实际主力星期': '周二'}, {'块': '块4', '中心': '25.257,119.209', '计划店': 10, '跑到的计划店': 10, '执行率': 1.0, '计划星期': '周一', '实际主力星期': '周一'}, {'块': '块5', '中心': '25.330,119.189', '计划店': 4, '跑到的计划店': 4, '执行率': 1.0, '计划星期': '周三', '实际主力星期': '周三'}, {'块': '块6', '中心': '25.336,119.033', '计划店': 3, '跑到的计划店': 3, '执行率': 1.0, '计划星期': '周三', '实际主力星期': '周三'}, {'块': '块7', '中心': '25.157,119.121', '计划店': 2, '跑到的计划店': 2, '执行率': 1.0, '计划星期': '周一', '实际主力星期': '周一'}, {'块': '块8', '中心': '25.310,119.167', '计划店': 1, '跑到的计划店': 1, '执行率': 1.0, '计划星期': '周一', '实际主力星期': '周一'}, {'块': '块9', '中心': '25.246,119.035', '计划店': 1, '跑到的计划店': 1, '执行率': 1.0, '计划星期': '周一', '实际主力星期': '周一'}, {'块': '块10', '中心': '25.291,118.966', '计划店': 1, '跑到的计划店': 1, '执行率': 1.0, '计划星期': '周二', '实际主力星期': '周二'}, {'块': '块11', '中心': '25.302,119.040', '计划店': 1, '跑到的计划店': 1, '执行率': 1.0, '计划星期': '周二', '实际主力星期': '周二'}, {'块': '块12', '中心': '25.357,119.046', '计划店': 1, '跑到的计划店': 1, '执行率': 1.0, '计划星期': '周三', '实际主力星期': '周三'}]",12,1.0,1.0,1.0,1.0,,27.3,41.2,43.0,19,12,12.8,"[61, 36, 51, 53, 42, 0, 0]",8.56,2.0,148,43,区块全开·星期照做,"莆田市（涵江区×66, 荔城区×66）：计划 181 店 / 216 次，分成 12 个区块（最大区块 103 店）。 地盘东西 27.3 × 南北 41.2 km；区块内店距中位 43 m。 节奏：19 个工作日、平均每天 12.8 家店、一天 2.0 个区块、当天作业半径中位 8.56 km；出勤 周一61/周二36/周三51/周四53/周五42；周六、周日 没跑。 ① 区块开工：12 块里他开工了 12 块；② 区块内执行率中位 100%（最弱一块 100%）；③ 区块星期一致 100%。 参考：覆盖 100%、同日 95%、相位 100%、量比 1.12。 结论：**计划怎么划他就怎么做**——区块全开工、区块内做全、星期按计划。"
NP9903777,莆田市,"城厢区×215, 荔城区×24",215,239,306,239,1.0,0.9,1.0,1.0,1.0,1.28,0,3,"[201, 13, 1]","[{'块': '块1', '中心': '25.422,118.996', '计划店': 201, '跑到的计划店': 201, '执行率': 1.0, '计划星期': '周一', '实际主力星期': '周一'}, {'块': '块2', '中心': '25.380,118.896', '计划店': 13, '跑到的计划店': 13, '执行率': 1.0, '计划星期': '周三', '实际主力星期': '周三'}, {'块': '块3', '中心': '24.906,118.600', '计划店': 1, '跑到的计划店': 1, '执行率': 1.0, '计划星期': '周四', '实际主力星期': '周四'}]",3,1.0,1.0,1.0,1.0,,42.0,63.5,59.0,20,14,15.3,"[76, 63, 63, 61, 43, 0, 0]",4.84,1.0,184,55,区块全开·星期照做,"莆田市（城厢区×215, 荔城区×24）：计划 215 店 / 239 次，分成 3 个区块（最大区块 201 店）。 地盘东西 42.0 × 南北 63.5 km；区块内店距中位 59 m。 节奏：20 个工作日、平均每天 15.3 家店、一天 1.0 个区块、当天作业半径中位 4.84 km；出勤 周一76/周二63/周三63/周四61/周五43；周六、周日 没跑。 ① 区块开工：3 块里他开工了 3 块；② 区块内执行率中位 100%（最弱一块 100%）；③ 区块星期一致 100%。 参考：覆盖 100%、同日 100%、相位 100%、量比 1.28。 结论：**计划怎么划他就怎么做**——区块全开工、区块内做全、星期按计划。"
NP9903780,昆明市,官渡区×5,5,5,22,22,0.6,0.136,0.6,0.6,0.6,4.4,2,2,"[4, 1]","[{'块': '块1', '中心': '24.987,102.781', '计划店': 4, '跑到的计划店': 2, '执行率': 0.5, '计划星期': '周四', '实际主力星期': '周四'}, {'块': '块2', '中心': '25.020,102.736', '计划店': 1, '跑到的计划店': 1, '执行率': 1.0, '计划星期': '周三', '实际主力星期': '周三'}]",2,1.0,0.75,0.5,1.0,区块×4店 仅执行 50%,5.6,6.2,664.0,2,1,11.0,"[0, 0, 12, 10, 0, 0, 0]",0.24,1.0,22,0,区块全开·区块内欠访,昆明市（官渡区×5）：计划 5 店 / 5 次，分成 2 个区块（最大区块 4 店）。 地盘东西 5.6 × 南北 6.2 km；区块内店距中位 664 m。 节奏：2 个工作日、平均每天 11.0 家店、一天 1.0 个区块、当天作业半径中位 0.24 km；出勤 周三12/周四10；周一、周二、周五、周六、周日 没跑。 ① 区块开工：2 块里他开工了 2 块；② 区块内执行率中位 75%（最弱一块 50%）；③ 区块星期一致 100%。 参考：覆盖 60%、同日 60%、相位 60%、量比 4.4。 结论：区块都开了、星期也守，但**区块内没做全**（存在欠访）。 最冷的区块（计划内执行率最低）：区块×4店 仅执行 50%。
NP9903781,惠州市,"惠城区×252, 惠阳区×3",238,255,249,231,0.958,0.987,0.958,0.961,0.958,0.98,10,2,"[232, 6]","[{'块': '块1', '中心': '23.022,114.319', '计划店': 232, '跑到的计划店': 224, '执行率': 0.966, '计划星期': '周一', '实际主力星期': '周一'}, {'块': '块2', '中心': '22.963,114.272', '计划店': 6, '跑到的计划店': 4, '执行率': 0.667, '计划星期': '周三', '实际主力星期': '周三'}]",2,1.0,0.816,0.667,1.0,,12.2,15.1,56.0,21,12,11.9,"[60, 48, 46, 46, 49, 0, 0]",1.04,1.0,214,17,区块全开·区块内欠访,"惠州市（惠城区×252, 惠阳区×3）：计划 238 店 / 255 次，分成 2 个区块（最大区块 232 店）。 地盘东西 12.2 × 南北 15.1 km；区块内店距中位 56 m。 节奏：21 个工作日、平均每天 11.9 家店、一天 1.0 个区块、当天作业半径中位 1.04 km；出勤 周一60/周二48/周三46/周四46/周五49；周六、周日 没跑。 ① 区块开工：2 块里他开工了 2 块；② 区块内执行率中位 82%（最弱一块 67%）；③ 区块星期一致 100%。 参考：覆盖 96%、同日 96%、相位 96%、量比 0.98。 结论：区块都开了、星期也守，但**区块内没做全**（存在欠访）。"
NP9903783,深圳市,"南山区×170, 福田区×21",174,191,237,214,0.994,0.808,0.994,0.995,0.994,1.24,1,3,"[153, 20, 1]","[{'块': '块1', '中心': '22.529,113.938', '计划店': 153, '跑到的计划店': 152, '执行率': 0.993, '计划星期': '周一', '实际主力星期': '周一'}, {'块': '块2', '中心': '22.542,114.009', '计划店': 20, '跑到的计划店': 20, '执行率': 1.0, '计划星期': '周五', '实际主力星期': '周五'}, {'块': '块3', '中心': '22.544,113.888', '计划店': 1, '跑到的计划店': 1, '执行率': 1.0, '计划星期': '周二', '实际主力星期': '周二'}]",3,1.0,1.0,0.993,1.0,,14.5,5.2,43.0,21,10,11.3,"[57, 43, 42, 43, 24, 14, 14]",0.69,1.0,191,23,区块全开·星期照做,"深圳市（南山区×170, 福田区×21）：计划 174 店 / 191 次，分成 3 个区块（最大区块 153 店）。 地盘东西 14.5 × 南北 5.2 km；区块内店距中位 43 m。 节奏：21 个工作日、平均每天 11.3 家店、一天 1.0 个区块、当天作业半径中位 0.69 km；出勤 周一57/周二43/周三42/周四43/周五24/周六14/周日14。 ① 区块开工：3 块里他开工了 3 块；② 区块内执行率中位 100%（最弱一块 99%）；③ 区块星期一致 100%。 参考：覆盖 99%、同日 100%、相位 99%、量比 1.24。 结论：**计划怎么划他就怎么做**——区块全开工、区块内做全、星期按计划。"
NP9903787,昆明市,"西山区×70, 五华区×68",135,138,42,42,0.311,1.0,0.311,0.304,0.311,0.3,93,2,"[134, 1]","[{'块': '块1', '中心': '25.047,102.672', '计划店': 134, '跑到的计划店': 41, '执行率': 0.306, '计划星期': '周一', '实际主力星期': '周三'}, {'块': '块2', '中心': '24.834,102.662', '计划店': 1, '跑到的计划店': 1, '执行率': 1.0, '计划星期': '周二', '实际主力星期': '周二'}]",2,1.0,0.653,0.306,1.0,区块×134店 仅执行 31%,7.4,28.3,75.0,4,11,10.5,"[10, 12, 12, 8, 0, 0, 0]",1.55,1.0,42,0,区块全开·区块内欠访,"昆明市（西山区×70, 五华区×68）：计划 135 店 / 138 次，分成 2 个区块（最大区块 134 店）。 地盘东西 7.4 × 南北 28.3 km；区块内店距中位 75 m。 节奏：4 个工作日、平均每天 10.5 家店、一天 1.0 个区块、当天作业半径中位 1.55 km；出勤 周一10/周二12/周三12/周四8；周五、周六、周日 没跑。 ① 区块开工：2 块里他开工了 2 块；② 区块内执行率中位 65%（最弱一块 31%）；③ 区块星期一致 100%。 参考：覆盖 31%、同日 30%、相位 31%、量比 0.3。 结论：区块都开了、星期也守，但**区块内没做全**（存在欠访）。 最冷的区块（计划内执行率最低）：区块×134店 仅执行 31%。"
np0008812,长沙市,望城区×3,3,3,3,3,1.0,1.0,1.0,1.0,1.0,1.0,0,2,"[2, 1]","[{'块': '块1', '中心': '28.347,112.811', '计划店': 2, '跑到的计划店': 2, '执行率': 1.0, '计划星期': '周五', '实际主力星期': '周五'}, {'块': '块2', '中心': '28.346,112.841', '计划店': 1, '跑到的计划店': 1, '执行率': 1.0, '计划星期': '周五', '实际主力星期': '周五'}]",2,1.0,1.0,1.0,1.0,,3.4,0.8,1377.0,2,1,1.5,"[0, 0, 0, 0, 3, 0, 0]",0.69,1.0,3,0,区块全开·星期照做,长沙市（望城区×3）：计划 3 店 / 3 次，分成 2 个区块（最大区块 2 店）。 地盘东西 3.4 × 南北 0.8 km；区块内店距中位 1377 m。 节奏：2 个工作日、平均每天 1.5 家店、一天 1.0 个区块、当天作业半径中位 0.69 km；出勤 周五3；周一、周二、周三、周四、周六、周日 没跑。 ① 区块开工：2 块里他开工了 2 块；② 区块内执行率中位 100%（最弱一块 100%）；③ 区块星期一致 100%。 参考：覆盖 100%、同日 100%、相位 100%、量比 1.0。 结论：**计划怎么划他就怎么做**——区块全开工、区块内做全、星期按计划。
np9903059,长沙市,芙蓉区×1,1,1,1,1,1.0,1.0,1.0,1.0,1.0,1.0,0,1,[1],"[{'块': '块1', '中心': '28.190,113.032', '计划店': 1, '跑到的计划店': 1, '执行率': 1.0, '计划星期': '周三', '实际主力星期': '周三'}]",1,1.0,1.0,1.0,1.0,,0.0,0.0,,1,1,1.0,"[0, 0, 1, 0, 0, 0, 0]",,1.0,1,0,区块全开·星期照做,长沙市（芙蓉区×1）：计划 1 店 / 1 次，分成 1 个区块（最大区块 1 店）。 地盘东西 0.0 × 南北 0.0 km；区块内店距中位 None m。 节奏：1 个工作日、平均每天 1.0 家店、一天 1.0 个区块、当天作业半径中位 None km；出勤 周三1；周一、周二、周四、周五、周六、周日 没跑。 ① 区块开工：1 块里他开工了 1 块；② 区块内执行率中位 100%（最弱一块 100%）；③ 区块星期一致 100%。 参考：覆盖 100%、同日 100%、相位 100%、量比 1.0。 结论：**计划怎么划他就怎么做**——区块全开工、区块内做全、星期按计划。
